investor_id,total_transactions,first_txn,last_txn,max_gap_days,avg_gap_days,at_risk_gap_count,total_invested,avg_sip_amount,is_at_risk,risk_tier
INV000001,3,2024-11-04,2025-01-19,71.0,38.0,1,237429,79143.0,True,High Risk
INV000002,6,2024-03-29,2025-05-17,114.0,82.8,4,681325,113554.16666666667,True,Churned
INV000003,2,2024-07-16,2025-03-11,238.0,238.0,1,17861,8930.5,True,Churned
INV000004,9,2024-03-16,2025-05-17,265.0,53.375,3,476881,52986.77777777778,True,Churned
INV000005,8,2024-04-27,2025-04-26,167.0,52.0,2,1398173,174771.625,True,Churned
INV000006,6,2024-01-02,2025-05-11,295.0,99.0,3,374177,62362.833333333336,True,Churned
INV000007,5,2024-01-03,2025-02-24,177.0,104.5,3,82420,16484.0,True,Churned
INV000008,8,2024-05-27,2025-05-14,107.0,50.285714285714285,5,948979,118622.375,True,Churned
INV000009,7,2024-01-10,2025-05-09,162.0,80.83333333333333,5,581851,83121.57142857143,True,Churned
INV000010,11,2024-04-11,2025-03-05,121.0,32.8,3,1321472,120133.81818181818,True,Churned
INV000011,11,2024-01-03,2025-03-30,122.0,45.2,5,1099634,99966.72727272728,True,Churned
INV000012,11,2024-03-12,2025-04-30,104.0,41.4,5,954446,86767.81818181818,True,Churned
INV000013,10,2024-04-18,2025-03-16,99.0,36.888888888888886,3,865449,86544.9,True,Churned
INV000014,11,2024-02-12,2025-05-28,119.0,47.1,5,1060830,96439.09090909091,True,Churned
INV000015,2,2025-01-05,2025-05-12,127.0,127.0,1,265612,132806.0,True,Churned
INV000016,3,2024-06-18,2024-12-10,122.0,87.5,2,655227,218409.0,True,Churned
INV000017,4,2024-02-23,2025-03-23,264.0,131.33333333333334,3,805968,201492.0,True,Churned
INV000018,4,2024-05-29,2025-04-25,234.0,110.33333333333333,3,420620,105155.0,True,Churned
INV000019,4,2024-01-17,2025-03-02,406.0,136.66666666666666,1,218987,54746.75,True,Churned
INV000020,6,2024-06-28,2025-04-13,122.0,57.8,3,1113745,185624.16666666666,True,Churned
INV000021,6,2024-03-09,2025-03-21,137.0,75.4,3,807228,134538.0,True,Churned
INV000022,6,2024-01-27,2025-05-20,178.0,95.8,5,1054287,175714.5,True,Churned
INV000023,10,2024-03-21,2025-05-05,115.0,45.55555555555556,4,461628,46162.8,True,Churned
INV000024,8,2024-05-05,2025-03-04,167.0,43.285714285714285,3,1254570,156821.25,True,Churned
INV000025,1,2024-05-01,2024-05-01,,,0,13678,13678.0,False,New
INV000026,7,2024-01-18,2025-03-27,145.0,72.33333333333333,3,826838,118119.71428571429,True,Churned
INV000027,7,2024-05-29,2025-05-15,140.0,58.5,3,1465451,209350.14285714287,True,Churned
INV000028,9,2024-02-07,2025-05-20,232.0,58.5,4,1065631,118403.44444444444,True,Churned
INV000029,11,2024-05-16,2025-05-15,71.0,36.4,4,894277,81297.90909090909,True,High Risk
INV000030,12,2024-01-17,2025-03-13,92.0,38.27272727272727,5,1315849,109654.08333333333,True,Churned
INV000031,6,2024-02-29,2025-04-29,262.0,85.0,2,542411,90401.83333333333,True,Churned
INV000032,8,2024-01-07,2025-04-25,166.0,67.71428571428571,5,1231203,153900.375,True,Churned
INV000033,11,2024-02-02,2025-05-09,87.0,46.2,7,1131799,102890.81818181818,True,High Risk
INV000034,3,2024-10-29,2025-02-10,62.0,52.0,2,296610,98870.0,True,High Risk
INV000035,2,2024-11-11,2025-04-04,144.0,144.0,1,1710,855.0,True,Churned
INV000036,2,2024-05-29,2024-09-05,99.0,99.0,1,11059,5529.5,True,Churned
INV000037,5,2024-05-19,2025-01-24,126.0,62.5,3,1139629,227925.8,True,Churned
INV000038,7,2024-03-28,2025-04-17,183.0,64.16666666666667,3,793676,113382.28571428571,True,Churned
INV000039,8,2024-04-27,2025-05-02,94.0,52.857142857142854,5,482497,60312.125,True,Churned
INV000040,10,2024-02-12,2025-05-21,118.0,51.55555555555556,5,1480910,148091.0,True,Churned
INV000041,6,2024-04-05,2025-03-14,144.0,68.6,4,1521738,253623.0,True,Churned
INV000042,5,2025-03-14,2025-05-21,31.0,17.0,0,577025,115405.0,False,Active
INV000043,3,2024-04-03,2025-03-31,286.0,181.0,2,494094,164698.0,True,Churned
INV000044,6,2024-01-09,2025-03-29,290.0,89.0,3,703471,117245.16666666667,True,Churned
INV000045,10,2024-03-13,2025-03-01,70.0,39.22222222222222,5,1295094,129509.4,True,High Risk
INV000046,7,2024-03-20,2025-05-26,292.0,72.0,3,834098,119156.85714285714,True,Churned
INV000047,5,2024-01-10,2024-09-08,115.0,60.5,3,917232,183446.4,True,Churned
INV000048,11,2024-03-27,2025-03-30,120.0,36.8,4,208461,18951.0,True,Churned
INV000049,3,2024-01-20,2025-05-29,425.0,247.5,2,37744,12581.333333333334,True,Churned
INV000050,3,2024-08-12,2025-01-02,129.0,71.5,1,279000,93000.0,True,Churned
INV000051,6,2024-02-27,2025-01-08,167.0,63.2,3,1256292,209382.0,True,Churned
INV000052,10,2024-03-31,2025-05-19,129.0,46.0,5,1164105,116410.5,True,Churned
INV000053,2,2025-04-29,2025-05-06,7.0,7.0,0,9834,4917.0,False,Active
INV000054,7,2024-05-30,2025-05-01,103.0,56.0,5,488684,69812.0,True,Churned
INV000055,12,2024-01-30,2025-03-05,107.0,36.36363636363637,5,1966742,163895.16666666666,True,Churned
INV000056,8,2024-01-10,2025-04-22,161.0,66.85714285714286,6,290649,36331.125,True,Churned
INV000057,11,2024-04-30,2025-04-13,65.0,34.8,5,826946,75176.90909090909,True,High Risk
INV000058,7,2024-01-05,2024-12-11,121.0,56.833333333333336,3,537154,76736.28571428571,True,Churned
INV000059,1,2024-01-10,2024-01-10,,,0,1764,1764.0,False,New
INV000060,2,2024-04-26,2024-07-25,90.0,90.0,1,24574,12287.0,True,High Risk
INV000061,5,2024-02-21,2024-11-16,179.0,67.25,2,607545,121509.0,True,Churned
INV000062,8,2024-01-30,2025-05-08,148.0,66.28571428571429,5,1245620,155702.5,True,Churned
INV000063,3,2024-01-19,2025-03-30,403.0,218.0,1,9210,3070.0,True,Churned
INV000064,1,2024-07-30,2024-07-30,,,0,473247,473247.0,False,New
INV000065,6,2024-01-05,2025-04-08,122.0,91.8,5,431252,71875.33333333333,True,Churned
INV000066,7,2024-07-01,2025-03-03,115.0,40.833333333333336,2,1210286,172898.0,True,Churned
INV000067,1,2024-10-29,2024-10-29,,,0,538,538.0,False,New
INV000068,1,2025-02-02,2025-02-02,,,0,417438,417438.0,False,New
INV000069,12,2024-02-14,2025-05-01,110.0,40.18181818181818,4,691513,57626.083333333336,True,Churned
INV000070,4,2024-03-14,2025-02-18,157.0,113.66666666666667,3,218564,54641.0,True,Churned
INV000071,7,2024-03-15,2024-06-09,56.0,14.333333333333334,1,883938,126276.85714285714,True,At Risk
INV000072,10,2024-03-19,2025-05-13,188.0,46.666666666666664,4,1360992,136099.2,True,Churned
INV000073,10,2024-03-20,2025-05-05,112.0,45.666666666666664,4,389007,38900.7,True,Churned
INV000074,11,2024-01-08,2025-05-30,191.0,50.8,4,966394,87854.0,True,Churned
INV000075,7,2024-05-01,2025-05-10,87.0,62.333333333333336,6,522440,74634.28571428571,True,High Risk
INV000076,9,2024-01-29,2025-05-10,148.0,58.375,4,779077,86564.11111111111,True,Churned
INV000077,2,2024-07-01,2024-09-26,87.0,87.0,1,687684,343842.0,True,High Risk
INV000078,4,2024-02-13,2025-05-17,231.0,153.0,3,797804,199451.0,True,Churned
INV000079,9,2024-02-03,2025-04-27,120.0,56.125,5,582247,64694.11111111111,True,Churned
INV000080,5,2024-06-27,2025-02-25,167.0,60.75,2,424500,84900.0,True,Churned
INV000081,11,2024-01-01,2025-05-03,167.0,48.8,5,1246072,113279.27272727272,True,Churned
INV000082,9,2024-01-09,2025-05-25,225.0,62.75,3,467544,51949.333333333336,True,Churned
INV000083,2,2024-02-13,2024-08-11,180.0,180.0,1,93284,46642.0,True,Churned
INV000084,7,2024-02-10,2025-05-14,155.0,76.5,4,790760,112965.71428571429,True,Churned
INV000085,8,2024-02-02,2025-02-01,135.0,52.142857142857146,3,1103908,137988.5,True,Churned
INV000086,12,2024-02-05,2025-03-13,102.0,36.54545454545455,4,924447,77037.25,True,Churned
INV000087,10,2024-02-20,2025-05-29,103.0,51.55555555555556,5,1535954,153595.4,True,Churned
INV000088,4,2024-05-24,2024-08-02,54.0,23.333333333333332,1,456686,114171.5,True,At Risk
INV000089,11,2024-01-23,2025-05-28,130.0,49.1,5,1902611,172964.63636363635,True,Churned
INV000090,7,2024-07-08,2025-04-25,148.0,48.5,2,1238312,176901.7142857143,True,Churned
INV000091,12,2024-01-04,2025-05-20,112.0,45.63636363636363,5,983083,81923.58333333333,True,Churned
INV000092,5,2024-03-07,2025-02-27,225.0,89.25,2,532320,106464.0,True,Churned
INV000093,10,2024-01-30,2025-04-18,111.0,49.333333333333336,4,938401,93840.1,True,Churned
INV000094,11,2024-02-17,2025-05-10,173.0,44.8,4,1072694,97517.63636363637,True,Churned
INV000095,9,2024-03-21,2025-05-14,155.0,52.375,5,1454422,161602.44444444444,True,Churned
INV000096,2,2024-12-14,2024-12-16,2.0,2.0,0,17236,8618.0,False,Active
INV000097,11,2024-01-01,2025-04-02,183.0,45.7,5,956579,86961.72727272728,True,Churned
INV000098,7,2024-03-20,2025-04-25,111.0,66.83333333333333,4,263030,37575.71428571428,True,Churned
INV000099,8,2024-03-19,2025-03-21,178.0,52.42857142857143,3,609026,76128.25,True,Churned
INV000100,8,2024-02-04,2025-04-09,155.0,61.42857142857143,3,1666238,208279.75,True,Churned
INV000101,12,2024-02-08,2025-05-17,102.0,42.18181818181818,5,1074030,89502.5,True,Churned
INV000102,11,2024-02-11,2025-05-13,97.0,45.7,6,833234,75748.54545454546,True,Churned
INV000103,8,2024-02-08,2025-04-30,137.0,63.857142857142854,4,812455,101556.875,True,Churned
INV000104,12,2024-01-06,2025-05-15,79.0,45.0,6,1570044,130837.0,True,High Risk
INV000105,10,2024-01-02,2025-02-04,87.0,44.333333333333336,5,609014,60901.4,True,High Risk
INV000106,4,2024-09-23,2025-03-31,111.0,63.0,2,438624,109656.0,True,Churned
INV000107,5,2024-05-04,2024-11-20,138.0,50.0,1,689715,137943.0,True,Churned
INV000108,9,2024-03-30,2025-03-30,165.0,45.625,3,1510587,167843.0,True,Churned
INV000109,10,2024-02-29,2025-03-05,63.0,41.111111111111114,5,370528,37052.8,True,High Risk
INV000110,3,2024-04-26,2024-12-26,194.0,122.0,2,16633,5544.333333333333,True,Churned
INV000111,2,2024-05-25,2024-12-16,205.0,205.0,1,71275,35637.5,True,Churned
INV000112,4,2024-02-13,2024-10-11,167.0,80.33333333333333,2,374488,93622.0,True,Churned
INV000113,9,2024-02-11,2025-05-01,144.0,55.625,4,572762,63640.22222222222,True,Churned
INV000114,4,2024-05-17,2024-10-06,96.0,47.333333333333336,1,933047,233261.75,True,Churned
INV000115,6,2024-02-02,2025-05-17,136.0,94.0,5,734219,122369.83333333333,True,Churned
INV000116,5,2024-04-27,2025-03-08,133.0,78.75,3,476636,95327.2,True,Churned
INV000117,8,2024-04-04,2025-04-23,124.0,54.857142857142854,4,1343830,167978.75,True,Churned
INV000118,6,2024-09-01,2025-05-12,152.0,50.6,2,64549,10758.166666666666,True,Churned
INV000119,2,2024-09-14,2025-02-03,142.0,142.0,1,34154,17077.0,True,Churned
INV000120,4,2024-02-05,2025-01-18,223.0,116.0,2,47430,11857.5,True,Churned
INV000121,4,2024-04-12,2025-05-18,170.0,133.66666666666666,3,723039,180759.75,True,Churned
INV000122,1,2024-03-25,2024-03-25,,,0,46110,46110.0,False,New
INV000123,9,2024-03-28,2025-03-21,138.0,44.75,4,429370,47707.77777777778,True,Churned
INV000124,6,2024-02-15,2025-04-24,210.0,86.8,3,620700,103450.0,True,Churned
INV000125,7,2024-06-16,2025-05-25,92.0,57.166666666666664,5,766736,109533.71428571429,True,Churned
INV000126,3,2024-01-06,2025-01-25,258.0,192.5,2,358987,119662.33333333333,True,Churned
INV000127,3,2024-05-14,2025-02-01,240.0,131.5,1,624406,208135.33333333334,True,Churned
INV000128,10,2024-03-19,2025-05-03,129.0,45.55555555555556,4,833586,83358.6,True,Churned
INV000129,11,2024-01-09,2025-05-14,105.0,49.1,6,1611261,146478.27272727274,True,Churned
INV000130,10,2024-04-14,2025-03-24,97.0,38.22222222222222,5,2281059,228105.9,True,Churned
INV000131,12,2024-02-07,2025-03-28,64.0,37.72727272727273,6,1926246,160520.5,True,High Risk
INV000132,9,2024-05-12,2025-05-16,125.0,46.125,3,1102531,122503.44444444444,True,Churned
INV000133,7,2024-02-15,2025-05-01,265.0,73.5,2,470935,67276.42857142857,True,Churned
INV000134,3,2024-01-20,2024-07-12,106.0,87.0,2,14726,4908.666666666667,True,Churned
INV000135,4,2024-01-24,2024-11-29,238.0,103.33333333333333,2,65453,16363.25,True,Churned
INV000136,1,2024-09-02,2024-09-02,,,0,820,820.0,False,New
INV000137,9,2024-05-08,2025-04-07,73.0,41.75,5,1432382,159153.55555555556,True,High Risk
INV000138,12,2024-01-09,2025-05-22,170.0,45.36363636363637,4,2106027,175502.25,True,Churned
INV000139,1,2024-03-24,2024-03-24,,,0,6583,6583.0,False,New
INV000140,4,2024-04-09,2025-04-02,157.0,119.33333333333333,3,762552,190638.0,True,Churned
INV000141,1,2025-03-18,2025-03-18,,,0,8219,8219.0,False,New
INV000142,1,2024-01-11,2024-01-11,,,0,145769,145769.0,False,New
INV000143,7,2024-02-28,2025-01-01,146.0,51.333333333333336,3,597772,85396.0,True,Churned
INV000144,6,2024-01-04,2025-01-03,193.0,73.0,3,614283,102380.5,True,Churned
INV000145,9,2024-02-17,2025-05-09,98.0,55.875,5,788760,87640.0,True,Churned
INV000146,8,2024-02-12,2025-01-11,109.0,47.714285714285715,3,378075,47259.375,True,Churned
INV000147,7,2024-05-11,2025-04-24,141.0,58.0,4,577043,82434.71428571429,True,Churned
INV000148,10,2024-03-11,2025-05-01,168.0,46.22222222222222,4,323740,32374.0,True,Churned
INV000149,1,2025-05-20,2025-05-20,,,0,445493,445493.0,False,New
INV000150,9,2024-01-12,2025-04-20,165.0,58.0,4,675917,75101.88888888889,True,Churned
INV000151,6,2024-04-14,2025-03-14,115.0,66.8,4,999068,166511.33333333334,True,Churned
INV000152,2,2024-08-26,2024-11-21,87.0,87.0,1,360590,180295.0,True,High Risk
INV000153,10,2024-06-20,2025-03-30,93.0,31.444444444444443,2,1274163,127416.3,True,Churned
INV000154,9,2024-01-29,2025-05-16,99.0,59.125,6,1207941,134215.66666666666,True,Churned
INV000155,8,2024-01-07,2025-01-28,163.0,55.285714285714285,4,288188,36023.5,True,Churned
INV000156,7,2024-01-08,2025-05-01,130.0,79.83333333333333,4,611092,87298.85714285714,True,Churned
INV000157,1,2025-02-13,2025-02-13,,,0,132893,132893.0,False,New
INV000158,8,2024-02-02,2025-04-23,118.0,63.714285714285715,4,1335840,166980.0,True,Churned
INV000159,3,2024-04-19,2025-05-26,218.0,201.0,2,38250,12750.0,True,Churned
INV000160,5,2024-08-03,2025-05-14,143.0,71.0,3,684118,136823.6,True,Churned
INV000161,9,2024-02-23,2025-05-06,191.0,54.75,4,908572,100952.44444444444,True,Churned
INV000162,2,2024-03-06,2025-05-15,435.0,435.0,1,18379,9189.5,True,Churned
INV000163,10,2024-01-06,2025-03-08,80.0,47.44444444444444,6,820316,82031.6,True,High Risk
INV000164,6,2024-04-17,2025-02-20,208.0,61.8,2,25253,4208.833333333333,True,Churned
INV000165,9,2024-02-13,2025-05-29,236.0,58.875,5,1305699,145077.66666666666,True,Churned
INV000166,7,2024-01-06,2025-05-18,253.0,83.0,3,724893,103556.14285714286,True,Churned
INV000167,9,2024-01-09,2025-05-27,195.0,63.0,5,832173,92463.66666666667,True,Churned
INV000168,3,2024-02-22,2025-03-12,320.0,192.0,2,253235,84411.66666666667,True,Churned
INV000169,12,2024-03-03,2025-05-30,121.0,41.18181818181818,4,955776,79648.0,True,Churned
INV000170,3,2024-08-13,2024-10-03,33.0,25.5,0,191963,63987.666666666664,False,Active
INV000171,4,2024-01-11,2024-09-27,103.0,86.66666666666667,3,498641,124660.25,True,Churned
INV000172,5,2024-04-12,2025-05-17,298.0,100.0,2,264205,52841.0,True,Churned
INV000173,11,2024-04-18,2025-03-30,156.0,34.6,3,1193694,108517.63636363637,True,Churned
INV000174,8,2024-01-27,2025-05-19,117.0,68.28571428571429,5,1006601,125825.125,True,Churned
INV000175,12,2024-01-12,2025-05-28,150.0,45.63636363636363,5,552311,46025.916666666664,True,Churned
INV000176,5,2024-02-08,2025-05-30,204.0,119.25,3,213899,42779.8,True,Churned
INV000177,11,2024-01-16,2025-04-18,210.0,45.8,4,1297837,117985.18181818182,True,Churned
INV000178,2,2024-06-08,2025-01-24,230.0,230.0,1,8750,4375.0,True,Churned
INV000179,6,2024-05-25,2024-11-20,85.0,35.8,2,264872,44145.333333333336,True,High Risk
INV000180,8,2024-04-11,2025-03-12,226.0,47.857142857142854,2,518114,64764.25,True,Churned
INV000181,10,2024-01-05,2025-04-20,264.0,52.333333333333336,3,1237265,123726.5,True,Churned
INV000182,10,2024-01-06,2025-05-17,182.0,55.22222222222222,6,686041,68604.1,True,Churned
INV000183,12,2024-02-20,2025-05-22,177.0,41.54545454545455,4,779515,64959.583333333336,True,Churned
INV000184,1,2024-02-10,2024-02-10,,,0,6111,6111.0,False,New
INV000185,2,2024-05-04,2024-11-16,196.0,196.0,1,14773,7386.5,True,Churned
INV000186,2,2024-02-23,2024-06-23,121.0,121.0,1,717823,358911.5,True,Churned
INV000187,1,2024-06-23,2024-06-23,,,0,185221,185221.0,False,New
INV000188,2,2024-09-27,2025-05-04,219.0,219.0,1,511402,255701.0,True,Churned
INV000189,6,2024-01-14,2025-04-16,120.0,91.6,5,430516,71752.66666666667,True,Churned
INV000190,8,2024-02-24,2025-05-29,240.0,65.71428571428571,3,919360,114920.0,True,Churned
INV000191,11,2024-01-18,2025-03-17,85.0,42.4,5,873257,79387.0,True,High Risk
INV000192,8,2024-02-11,2025-03-16,122.0,57.0,5,702787,87848.375,True,Churned
INV000193,9,2024-01-28,2025-05-08,208.0,58.25,4,1152639,128071.0,True,Churned
INV000194,12,2024-05-04,2025-05-10,109.0,33.72727272727273,4,1383163,115263.58333333333,True,Churned
INV000195,10,2024-03-14,2025-04-30,114.0,45.77777777777778,6,651434,65143.4,True,Churned
INV000196,9,2024-02-06,2025-05-05,147.0,56.75,5,450427,50047.444444444445,True,Churned
INV000197,4,2024-01-19,2025-02-26,210.0,134.66666666666666,3,673748,168437.0,True,Churned
INV000198,1,2024-09-07,2024-09-07,,,0,462,462.0,False,New
INV000199,7,2024-02-04,2025-02-24,191.0,64.33333333333333,2,737787,105398.14285714286,True,Churned
INV000200,7,2024-01-16,2025-03-10,163.0,69.83333333333333,5,1174752,167821.7142857143,True,Churned
INV000201,10,2024-01-17,2025-03-30,100.0,48.666666666666664,5,257189,25718.9,True,Churned
INV000202,3,2024-03-21,2025-03-04,272.0,174.0,2,423540,141180.0,True,Churned
INV000203,9,2024-03-19,2025-02-01,131.0,39.875,3,1119242,124360.22222222222,True,Churned
INV000204,7,2024-02-16,2025-04-05,173.0,69.0,4,1192888,170412.57142857142,True,Churned
INV000205,10,2024-01-27,2025-04-09,193.0,48.666666666666664,4,763652,76365.2,True,Churned
INV000206,3,2024-07-03,2025-03-20,175.0,130.0,2,616094,205364.66666666666,True,Churned
INV000207,5,2024-04-25,2025-05-10,238.0,95.0,3,66956,13391.2,True,Churned
INV000208,1,2024-06-19,2024-06-19,,,0,2572,2572.0,False,New
INV000209,2,2024-12-07,2025-01-05,29.0,29.0,0,58689,29344.5,False,Active
INV000210,9,2024-01-14,2025-05-23,163.0,61.875,5,515430,57270.0,True,Churned
INV000211,9,2024-01-14,2025-05-16,190.0,61.0,4,808138,89793.11111111111,True,Churned
INV000212,2,2024-06-18,2024-09-14,88.0,88.0,1,365168,182584.0,True,High Risk
INV000213,6,2024-03-09,2024-12-04,103.0,54.0,3,447781,74630.16666666667,True,Churned
INV000214,10,2024-01-11,2025-04-29,206.0,52.666666666666664,4,1345476,134547.6,True,Churned
INV000215,9,2024-01-04,2025-03-30,198.0,56.375,4,715932,79548.0,True,Churned
INV000216,6,2024-04-02,2024-12-23,107.0,53.0,2,201946,33657.666666666664,True,Churned
INV000217,11,2024-02-04,2025-05-09,150.0,46.0,3,1591554,144686.72727272726,True,Churned
INV000218,1,2024-05-31,2024-05-31,,,0,8003,8003.0,False,New
INV000219,5,2024-07-01,2025-03-10,166.0,63.0,2,606953,121390.6,True,Churned
INV000220,6,2024-01-12,2025-02-18,253.0,80.6,3,214477,35746.166666666664,True,Churned
INV000221,8,2024-07-21,2025-04-16,101.0,38.42857142857143,3,690183,86272.875,True,Churned
INV000222,6,2024-03-22,2024-11-05,109.0,45.6,2,591433,98572.16666666667,True,Churned
INV000223,11,2024-01-13,2025-05-25,123.0,49.8,5,1429882,129989.27272727272,True,Churned
INV000224,7,2024-06-19,2025-05-30,138.0,57.5,4,461098,65871.14285714286,True,Churned
INV000225,8,2024-02-10,2025-02-20,150.0,53.714285714285715,5,1295037,161879.625,True,Churned
INV000226,8,2024-01-27,2025-05-28,105.0,69.57142857142857,5,770094,96261.75,True,Churned
INV000227,5,2024-02-27,2024-10-11,165.0,56.75,1,742149,148429.8,True,Churned
INV000228,12,2024-01-10,2025-05-02,109.0,43.45454545454545,6,1139471,94955.91666666667,True,Churned
INV000229,7,2024-08-08,2025-05-13,78.0,46.333333333333336,4,351011,50144.42857142857,True,High Risk
INV000230,10,2024-01-24,2025-04-24,145.0,50.666666666666664,5,871715,87171.5,True,Churned
INV000231,11,2024-01-07,2024-12-13,96.0,34.1,3,1384176,125834.18181818182,True,Churned
INV000232,2,2024-04-12,2024-11-03,205.0,205.0,1,281312,140656.0,True,Churned
INV000233,2,2024-01-10,2024-08-02,205.0,205.0,1,332214,166107.0,True,Churned
INV000234,7,2024-01-01,2025-05-02,167.0,81.16666666666667,4,1023999,146285.57142857142,True,Churned
INV000235,10,2024-02-04,2025-02-17,140.0,42.111111111111114,4,1555926,155592.6,True,Churned
INV000236,8,2024-01-18,2025-05-02,112.0,67.14285714285714,6,112217,14027.125,True,Churned
INV000237,3,2024-06-04,2024-11-14,127.0,81.5,2,383052,127684.0,True,Churned
INV000238,10,2024-02-08,2025-05-21,242.0,52.0,4,1046071,104607.1,True,Churned
INV000239,11,2024-04-16,2025-03-24,66.0,34.2,5,933691,84881.0,True,High Risk
INV000240,2,2024-08-17,2024-10-30,74.0,74.0,1,122545,61272.5,True,High Risk
INV000241,10,2024-01-29,2025-01-31,93.0,40.888888888888886,4,1587726,158772.6,True,Churned
INV000242,10,2024-03-01,2025-05-21,98.0,49.55555555555556,6,1205258,120525.8,True,Churned
INV000243,8,2024-01-25,2025-04-10,126.0,63.0,6,597733,74716.625,True,Churned
INV000244,9,2024-02-15,2024-11-13,109.0,34.0,3,1636852,181872.44444444444,True,Churned
INV000245,11,2024-02-08,2025-05-14,92.0,46.1,5,1278858,116259.81818181818,True,Churned
INV000246,4,2024-01-18,2024-10-21,117.0,92.33333333333333,3,54530,13632.5,True,Churned
INV000247,1,2025-01-31,2025-01-31,,,0,164460,164460.0,False,New
INV000248,4,2024-06-13,2025-02-24,204.0,85.33333333333333,2,485895,121473.75,True,Churned
INV000249,8,2024-04-09,2025-01-07,162.0,39.0,1,694554,86819.25,True,Churned
INV000250,1,2024-03-08,2024-03-08,,,0,107697,107697.0,False,New
INV000251,6,2024-06-04,2025-04-25,204.0,65.0,2,1185941,197656.83333333334,True,Churned
INV000252,10,2024-01-20,2024-12-16,96.0,36.77777777777778,4,1629324,162932.4,True,Churned
INV000253,2,2024-01-14,2025-04-16,458.0,458.0,1,406328,203164.0,True,Churned
INV000254,2,2024-08-26,2025-05-02,249.0,249.0,1,51387,25693.5,True,Churned
INV000255,8,2024-03-05,2025-04-01,149.0,56.0,4,563828,70478.5,True,Churned
INV000256,12,2024-03-02,2025-04-29,79.0,38.45454545454545,6,1910266,159188.83333333334,True,High Risk
INV000257,8,2024-05-03,2025-05-11,88.0,53.285714285714285,4,1025371,128171.375,True,High Risk
INV000258,1,2024-05-31,2024-05-31,,,0,11103,11103.0,False,New
INV000259,9,2024-01-25,2025-01-12,119.0,44.125,5,759815,84423.88888888889,True,Churned
INV000260,12,2024-01-08,2025-02-28,126.0,37.90909090909091,3,922766,76897.16666666667,True,Churned
INV000261,10,2024-01-14,2025-04-12,228.0,50.44444444444444,3,1663672,166367.2,True,Churned
INV000262,12,2024-04-18,2025-04-28,95.0,34.09090909090909,4,886465,73872.08333333333,True,Churned
INV000263,9,2024-01-11,2025-05-04,229.0,59.875,4,361956,40217.333333333336,True,Churned
INV000264,3,2024-12-05,2025-05-17,158.0,81.5,1,64609,21536.333333333332,True,Churned
INV000265,12,2024-01-25,2025-05-20,140.0,43.72727272727273,5,482980,40248.333333333336,True,Churned
INV000266,7,2024-02-01,2025-02-08,104.0,62.166666666666664,4,822551,117507.28571428571,True,Churned
INV000267,12,2024-02-25,2025-03-10,134.0,34.45454545454545,4,2202108,183509.0,True,Churned
INV000268,11,2024-01-22,2025-03-29,106.0,43.2,6,1146388,104217.09090909091,True,Churned
INV000269,4,2024-01-21,2024-12-22,156.0,112.0,3,326686,81671.5,True,Churned
INV000270,6,2024-01-18,2024-09-18,130.0,48.8,3,951377,158562.83333333334,True,Churned
INV000271,6,2024-02-13,2025-05-26,203.0,93.6,3,835693,139282.16666666666,True,Churned
INV000272,4,2024-07-28,2025-05-13,228.0,96.33333333333333,2,70152,17538.0,True,Churned
INV000273,1,2025-03-19,2025-03-19,,,0,11637,11637.0,False,New
INV000274,6,2024-01-26,2025-04-16,175.0,89.2,4,323960,53993.333333333336,True,Churned
INV000275,4,2024-03-08,2025-04-15,255.0,134.33333333333334,2,404646,101161.5,True,Churned
INV000276,6,2024-03-08,2025-02-13,187.0,68.4,2,464251,77375.16666666667,True,Churned
INV000277,1,2024-08-29,2024-08-29,,,0,4236,4236.0,False,New
INV000278,8,2024-02-03,2025-05-17,193.0,67.0,5,1422228,177778.5,True,Churned
INV000279,12,2024-03-01,2025-02-11,133.0,31.545454545454547,3,840511,70042.58333333333,True,Churned
INV000280,12,2024-01-22,2025-04-12,112.0,40.54545454545455,5,822770,68564.16666666667,True,Churned
INV000281,4,2024-03-08,2025-04-21,382.0,136.33333333333334,1,538049,134512.25,True,Churned
INV000282,4,2024-06-13,2025-05-21,278.0,114.0,2,664580,166145.0,True,Churned
INV000283,11,2024-02-11,2025-05-21,132.0,46.5,5,1591615,144692.27272727274,True,Churned
INV000284,7,2024-04-16,2025-05-03,137.0,63.666666666666664,4,775076,110725.14285714286,True,Churned
INV000285,5,2024-04-25,2025-01-12,94.0,65.5,3,681359,136271.8,True,Churned
INV000286,7,2024-01-15,2025-05-06,215.0,79.5,3,467468,66781.14285714286,True,Churned
INV000287,9,2024-01-17,2025-03-11,171.0,52.375,3,461954,51328.22222222222,True,Churned
INV000288,9,2024-01-07,2025-04-08,84.0,57.125,7,1650419,183379.88888888888,True,High Risk
INV000289,12,2024-01-21,2025-04-04,93.0,39.90909090909091,6,1389256,115771.33333333333,True,Churned
INV000290,4,2024-01-12,2024-11-26,229.0,106.33333333333333,2,704907,176226.75,True,Churned
INV000291,9,2024-02-13,2025-05-03,189.0,55.625,4,873779,97086.55555555556,True,Churned
INV000292,11,2024-05-07,2025-04-30,85.0,35.8,5,1291756,117432.36363636363,True,High Risk
INV000293,12,2024-01-09,2025-05-23,126.0,45.45454545454545,6,1168787,97398.91666666667,True,Churned
INV000294,7,2024-02-13,2025-02-21,156.0,62.333333333333336,3,645749,92249.85714285714,True,Churned
INV000295,3,2024-03-31,2024-07-06,89.0,48.5,1,195552,65184.0,True,High Risk
INV000296,8,2024-02-18,2025-04-03,111.0,58.57142857142857,5,1706946,213368.25,True,Churned
INV000297,9,2024-02-01,2025-04-29,116.0,56.625,5,928050,103116.66666666667,True,Churned
INV000298,6,2024-03-15,2025-03-20,118.0,74.0,5,74176,12362.666666666666,True,Churned
INV000299,11,2024-01-20,2025-05-22,118.0,48.8,7,1337619,121601.72727272728,True,Churned
INV000300,3,2024-06-21,2024-11-21,131.0,76.5,1,14575,4858.333333333333,True,Churned
INV000301,7,2024-08-25,2025-05-26,92.0,45.666666666666664,3,523438,74776.85714285714,True,Churned
INV000302,2,2024-05-30,2024-06-24,25.0,25.0,0,309373,154686.5,False,Active
INV000303,6,2024-01-17,2025-04-03,160.0,88.4,4,670626,111771.0,True,Churned
INV000304,10,2024-02-01,2025-05-24,204.0,53.111111111111114,4,1265097,126509.7,True,Churned
INV000305,9,2024-01-27,2025-01-13,122.0,44.0,4,765008,85000.88888888889,True,Churned
INV000306,3,2024-12-01,2025-05-02,115.0,76.0,2,11664,3888.0,True,Churned
INV000307,7,2024-01-07,2025-04-05,162.0,75.66666666666667,4,1411626,201660.85714285713,True,Churned
INV000308,7,2024-01-07,2025-05-17,212.0,82.66666666666667,4,540841,77263.0,True,Churned
INV000309,12,2024-01-08,2025-04-09,93.0,41.54545454545455,7,1259367,104947.25,True,Churned
INV000310,12,2024-02-25,2025-05-25,77.0,41.36363636363637,5,1787399,148949.91666666666,True,High Risk
INV000311,4,2024-01-25,2024-11-24,233.0,101.33333333333333,2,142879,35719.75,True,Churned
INV000312,8,2024-02-02,2025-05-26,140.0,68.42857142857143,6,1201938,150242.25,True,Churned
INV000313,5,2024-01-02,2025-05-23,310.0,126.75,2,655226,131045.2,True,Churned
INV000314,9,2024-03-01,2025-04-07,106.0,50.25,5,971772,107974.66666666667,True,Churned
INV000315,5,2024-02-25,2024-10-09,113.0,56.75,3,255784,51156.8,True,Churned
INV000316,6,2024-03-06,2025-03-26,184.0,77.0,5,118055,19675.833333333332,True,Churned
INV000317,5,2024-03-07,2025-05-23,250.0,110.5,3,392240,78448.0,True,Churned
INV000318,8,2024-01-29,2025-05-30,124.0,69.57142857142857,5,466640,58330.0,True,Churned
INV000319,9,2024-02-17,2025-05-03,189.0,55.125,4,825578,91730.88888888889,True,Churned
INV000320,12,2024-01-27,2025-03-22,94.0,38.18181818181818,6,1910965,159247.08333333334,True,Churned
INV000321,12,2024-01-03,2025-05-04,117.0,44.27272727272727,6,1267701,105641.75,True,Churned
INV000322,4,2024-01-15,2025-03-21,206.0,143.66666666666666,3,431850,107962.5,True,Churned
INV000323,6,2024-07-10,2025-05-04,129.0,59.6,3,1068233,178038.83333333334,True,Churned
INV000324,3,2024-01-16,2025-05-30,385.0,250.0,2,356264,118754.66666666667,True,Churned
INV000325,3,2024-06-17,2025-01-30,138.0,113.5,2,44535,14845.0,True,Churned
INV000326,6,2024-03-27,2025-04-03,201.0,74.4,3,735272,122545.33333333333,True,Churned
INV000327,4,2024-01-13,2025-05-30,274.0,167.66666666666666,3,478040,119510.0,True,Churned
INV000328,12,2024-02-15,2025-01-05,67.0,29.545454545454547,4,541051,45087.583333333336,True,High Risk
INV000329,4,2024-01-31,2024-10-23,163.0,88.66666666666667,2,5399,1349.75,True,Churned
INV000330,9,2024-01-04,2025-03-24,133.0,55.625,4,1544463,171607.0,True,Churned
INV000331,11,2024-01-23,2025-05-14,163.0,47.7,3,773534,70321.27272727272,True,Churned
INV000332,6,2024-03-01,2025-01-17,208.0,64.4,2,591213,98535.5,True,Churned
INV000333,6,2024-02-14,2025-05-10,174.0,90.2,4,694900,115816.66666666667,True,Churned
INV000334,12,2024-04-14,2025-02-01,78.0,26.636363636363637,3,1770884,147573.66666666666,True,High Risk
INV000335,11,2024-01-25,2025-05-19,163.0,48.0,6,1467810,133437.27272727274,True,Churned
INV000336,2,2024-12-14,2025-05-13,150.0,150.0,1,3390,1695.0,True,Churned
INV000337,7,2024-03-15,2025-05-03,192.0,69.0,3,458922,65560.28571428571,True,Churned
INV000338,4,2024-12-08,2025-03-07,60.0,29.666666666666668,1,415921,103980.25,True,At Risk
INV000339,10,2024-01-02,2025-05-30,180.0,57.111111111111114,4,1005552,100555.2,True,Churned
INV000340,6,2024-03-31,2024-08-06,60.0,25.6,1,347164,57860.666666666664,True,At Risk
INV000341,11,2024-02-18,2025-05-24,191.0,46.1,3,475696,43245.09090909091,True,Churned
INV000342,1,2024-07-20,2024-07-20,,,0,7174,7174.0,False,New
INV000343,4,2024-02-10,2025-02-24,148.0,126.66666666666667,3,720449,180112.25,True,Churned
INV000344,10,2024-01-29,2025-02-03,155.0,41.22222222222222,3,1429887,142988.7,True,Churned
INV000345,1,2025-02-12,2025-02-12,,,0,4370,4370.0,False,New
INV000346,6,2024-01-19,2024-10-09,111.0,52.8,4,1172985,195497.5,True,Churned
INV000347,2,2024-10-13,2025-05-25,224.0,224.0,1,133664,66832.0,True,Churned
INV000348,4,2024-02-17,2025-01-11,180.0,109.66666666666667,3,305135,76283.75,True,Churned
INV000349,11,2024-01-02,2025-03-29,103.0,45.2,5,1551948,141086.18181818182,True,Churned
INV000350,2,2024-04-12,2024-07-06,85.0,85.0,1,16928,8464.0,True,High Risk
INV000351,8,2024-06-05,2025-05-18,142.0,49.57142857142857,3,630255,78781.875,True,Churned
INV000352,6,2024-03-02,2025-01-19,215.0,64.6,2,247916,41319.333333333336,True,Churned
INV000353,3,2024-05-19,2025-04-30,301.0,173.0,2,500797,166932.33333333334,True,Churned
INV000354,7,2024-01-29,2025-05-12,120.0,78.16666666666667,5,974461,139208.7142857143,True,Churned
INV000355,1,2025-05-23,2025-05-23,,,0,55250,55250.0,False,New
INV000356,8,2024-06-13,2025-03-12,157.0,38.857142857142854,2,770550,96318.75,True,Churned
INV000357,5,2024-03-15,2025-02-23,174.0,86.25,3,379725,75945.0,True,Churned
INV000358,2,2024-11-30,2025-02-26,88.0,88.0,1,333640,166820.0,True,High Risk
INV000359,10,2024-02-19,2025-04-27,112.0,48.111111111111114,5,147644,14764.4,True,Churned
INV000360,9,2024-01-10,2025-05-13,124.0,61.125,5,1465276,162808.44444444444,True,Churned
INV000361,6,2024-03-10,2024-10-26,108.0,46.0,2,1297014,216169.0,True,Churned
INV000362,2,2024-07-06,2025-03-27,264.0,264.0,1,501758,250879.0,True,Churned
INV000363,8,2024-02-12,2025-05-19,141.0,66.0,4,355671,44458.875,True,Churned
INV000364,4,2024-07-15,2025-01-20,100.0,63.0,3,443905,110976.25,True,Churned
INV000365,1,2024-11-16,2024-11-16,,,0,44320,44320.0,False,New
INV000366,8,2024-06-23,2025-02-24,150.0,35.142857142857146,2,688501,86062.625,True,Churned
INV000367,5,2024-01-09,2024-06-26,116.0,42.25,1,143245,28649.0,True,Churned
INV000368,2,2024-01-01,2025-05-24,509.0,509.0,1,357375,178687.5,True,Churned
INV000369,8,2024-01-21,2024-10-11,112.0,37.714285714285715,3,427741,53467.625,True,Churned
INV000370,6,2024-01-02,2025-04-13,257.0,93.4,5,554406,92401.0,True,Churned
INV000371,11,2024-01-18,2025-03-08,147.0,41.5,4,540463,49133.0,True,Churned
INV000372,10,2024-01-04,2025-01-24,121.0,42.888888888888886,4,728695,72869.5,True,Churned
INV000373,3,2024-07-13,2025-04-30,243.0,145.5,2,318848,106282.66666666667,True,Churned
INV000374,8,2024-01-20,2025-02-14,173.0,55.857142857142854,3,1367561,170945.125,True,Churned
INV000375,1,2024-05-20,2024-05-20,,,0,268483,268483.0,False,New
INV000376,3,2024-08-25,2025-03-26,155.0,106.5,2,526293,175431.0,True,Churned
INV000377,8,2024-02-23,2025-04-28,202.0,61.42857142857143,4,1199665,149958.125,True,Churned
INV000378,6,2024-02-01,2024-09-23,88.0,47.0,3,867796,144632.66666666666,True,High Risk
INV000379,4,2024-02-21,2025-01-22,248.0,112.0,2,405119,101279.75,True,Churned
INV000380,7,2024-01-18,2025-05-17,191.0,80.83333333333333,4,263416,37630.857142857145,True,Churned
INV000381,2,2024-07-11,2024-11-02,114.0,114.0,1,169253,84626.5,True,Churned
INV000382,2,2024-04-26,2024-07-05,70.0,70.0,1,240733,120366.5,True,High Risk
INV000383,10,2024-02-13,2025-05-29,127.0,52.333333333333336,6,1064317,106431.7,True,Churned
INV000384,7,2024-03-25,2025-03-07,110.0,57.833333333333336,4,642851,91835.85714285714,True,Churned
INV000385,5,2024-04-14,2025-01-17,147.0,69.5,2,211287,42257.4,True,Churned
INV000386,1,2024-01-04,2024-01-04,,,0,57205,57205.0,False,New
INV000387,9,2024-01-22,2025-02-09,108.0,48.0,4,1638380,182042.22222222222,True,Churned
INV000388,10,2024-02-27,2025-05-01,97.0,47.666666666666664,6,499712,49971.2,True,Churned
INV000389,6,2024-02-01,2025-05-21,220.0,95.0,4,140056,23342.666666666668,True,Churned
INV000390,8,2024-01-18,2025-01-19,79.0,52.42857142857143,6,1090714,136339.25,True,High Risk
INV000391,1,2025-03-16,2025-03-16,,,0,868,868.0,False,New
INV000392,12,2024-02-03,2025-05-18,144.0,42.72727272727273,4,1364227,113685.58333333333,True,Churned
INV000393,7,2024-01-19,2025-04-15,156.0,75.33333333333333,5,1630709,232958.42857142858,True,Churned
INV000394,11,2024-01-25,2025-04-10,174.0,44.1,4,1528067,138915.18181818182,True,Churned
INV000395,9,2024-01-26,2025-03-13,119.0,51.5,6,353000,39222.22222222222,True,Churned
INV000396,12,2024-01-24,2025-05-29,95.0,44.63636363636363,6,1713946,142828.83333333334,True,Churned
INV000397,6,2024-02-20,2025-05-01,205.0,87.2,4,704094,117349.0,True,Churned
INV000398,2,2024-09-21,2024-12-02,72.0,72.0,1,368513,184256.5,True,High Risk
INV000399,11,2024-01-08,2025-03-29,68.0,44.6,7,273222,24838.363636363636,True,High Risk
INV000400,10,2024-05-01,2025-03-10,82.0,34.77777777777778,4,1124301,112430.1,True,High Risk
INV000401,4,2025-03-21,2025-05-24,32.0,21.333333333333332,0,50948,12737.0,False,Active
INV000402,7,2024-08-21,2025-05-30,121.0,47.0,3,929661,132808.7142857143,True,Churned
INV000403,11,2024-01-29,2025-04-05,120.0,43.2,4,1849245,168113.18181818182,True,Churned
INV000404,2,2024-02-28,2025-02-17,355.0,355.0,1,61736,30868.0,True,Churned
INV000405,3,2024-01-15,2024-03-20,60.0,32.5,1,246813,82271.0,True,At Risk
INV000406,2,2024-08-01,2024-08-17,16.0,16.0,0,165780,82890.0,False,Active
INV000407,8,2024-02-03,2025-05-15,157.0,66.71428571428571,5,444857,55607.125,True,Churned
INV000408,7,2024-01-07,2024-12-05,125.0,55.5,3,166194,23742.0,True,Churned
INV000409,4,2024-01-28,2025-02-06,155.0,125.0,3,201679,50419.75,True,Churned
INV000410,8,2024-03-05,2025-04-03,152.0,56.285714285714285,3,1084023,135502.875,True,Churned
INV000411,6,2024-02-12,2024-11-25,101.0,57.4,3,359572,59928.666666666664,True,Churned
INV000412,9,2024-07-06,2025-05-08,69.0,38.25,5,192321,21369.0,True,High Risk
INV000413,10,2024-01-11,2025-04-19,159.0,51.55555555555556,4,688437,68843.7,True,Churned
INV000414,11,2024-01-12,2025-04-20,219.0,46.4,4,872507,79318.81818181818,True,Churned
INV000415,10,2024-01-13,2025-05-01,128.0,52.666666666666664,6,270002,27000.2,True,Churned
INV000416,2,2024-09-10,2025-01-07,119.0,119.0,1,4016,2008.0,True,Churned
INV000417,7,2024-06-22,2025-05-01,157.0,52.166666666666664,3,716138,102305.42857142857,True,Churned
INV000418,9,2024-01-16,2025-04-05,126.0,55.625,4,1045868,116207.55555555556,True,Churned
INV000419,5,2024-04-26,2025-04-27,201.0,91.5,2,330546,66109.2,True,Churned
INV000420,1,2024-02-02,2024-02-02,,,0,15774,15774.0,False,New
INV000421,7,2024-01-16,2025-05-11,202.0,80.16666666666667,4,1113182,159026.0,True,Churned
INV000422,1,2024-01-20,2024-01-20,,,0,4429,4429.0,False,New
INV000423,3,2024-03-01,2025-03-11,265.0,187.5,2,15602,5200.666666666667,True,Churned
INV000424,2,2024-10-05,2025-01-13,100.0,100.0,1,453564,226782.0,True,Churned
INV000425,7,2024-06-07,2025-05-11,215.0,56.333333333333336,2,1344456,192065.14285714287,True,Churned
INV000426,3,2024-03-27,2024-10-23,171.0,105.0,2,365216,121738.66666666667,True,Churned
INV000427,11,2024-02-04,2025-03-21,82.0,41.1,5,1139710,103610.0,True,High Risk
INV000428,11,2024-01-01,2025-04-26,154.0,48.1,4,984414,89492.18181818182,True,Churned
INV000429,8,2024-01-19,2025-02-11,171.0,55.57142857142857,4,663655,82956.875,True,Churned
INV000430,6,2024-01-22,2025-05-09,264.0,94.6,4,587853,97975.5,True,Churned
INV000431,8,2024-01-03,2025-02-21,98.0,59.285714285714285,6,1046507,130813.375,True,Churned
INV000432,7,2024-01-09,2025-04-23,195.0,78.33333333333333,3,908220,129745.71428571429,True,Churned
INV000433,5,2024-05-03,2025-01-24,166.0,66.5,2,31556,6311.2,True,Churned
INV000434,1,2024-03-05,2024-03-05,,,0,2353,2353.0,False,New
INV000435,1,2025-03-09,2025-03-09,,,0,59022,59022.0,False,New
INV000436,6,2024-08-02,2025-05-21,170.0,58.4,2,289593,48265.5,True,Churned
INV000437,9,2024-01-01,2025-05-04,277.0,61.125,3,839479,93275.44444444444,True,Churned
INV000438,4,2024-06-01,2025-03-29,117.0,100.33333333333333,3,160823,40205.75,True,Churned
INV000439,12,2024-03-20,2025-04-03,68.0,34.45454545454545,5,1803813,150317.75,True,High Risk
INV000440,12,2024-01-17,2025-05-24,116.0,44.81818181818182,5,999123,83260.25,True,Churned
INV000441,8,2024-02-28,2025-04-28,151.0,60.714285714285715,4,591940,73992.5,True,Churned
INV000442,4,2024-02-16,2025-04-26,193.0,145.0,3,309021,77255.25,True,Churned
INV000443,5,2024-01-14,2025-05-25,331.0,124.25,3,392758,78551.6,True,Churned
INV000444,11,2024-04-26,2025-04-27,97.0,36.6,3,925543,84140.27272727272,True,Churned
INV000445,11,2024-01-24,2025-04-30,104.0,46.2,6,90603,8236.636363636364,True,Churned
INV000446,10,2024-02-13,2025-02-15,95.0,40.888888888888886,4,1160735,116073.5,True,Churned
INV000447,1,2024-10-07,2024-10-07,,,0,348979,348979.0,False,New
INV000448,5,2024-02-24,2025-03-30,332.0,100.0,1,1111616,222323.2,True,Churned
INV000449,8,2024-01-23,2025-05-25,142.0,69.71428571428571,6,557811,69726.375,True,Churned
INV000450,2,2024-03-06,2024-04-06,31.0,31.0,0,433111,216555.5,False,Active
INV000451,2,2024-01-27,2024-02-29,33.0,33.0,0,645705,322852.5,False,Active
INV000452,12,2024-03-09,2025-04-08,93.0,35.90909090909091,4,511792,42649.333333333336,True,Churned
INV000453,8,2024-07-02,2025-04-22,108.0,42.0,3,777404,97175.5,True,Churned
INV000454,6,2024-01-03,2025-04-12,291.0,93.0,4,405276,67546.0,True,Churned
INV000455,3,2024-06-21,2025-02-22,171.0,123.0,2,565404,188468.0,True,Churned
INV000456,6,2024-02-17,2024-10-11,75.0,47.4,3,113067,18844.5,True,High Risk
INV000457,12,2024-02-25,2025-05-27,151.0,41.54545454545455,4,1265388,105449.0,True,Churned
INV000458,12,2024-01-20,2025-04-26,92.0,42.0,5,1520950,126745.83333333333,True,Churned
INV000459,5,2024-04-22,2025-02-23,195.0,76.75,2,387405,77481.0,True,Churned
INV000460,12,2024-02-03,2025-05-22,227.0,43.09090909090909,3,2003584,166965.33333333334,True,Churned
INV000461,3,2024-01-05,2024-05-19,90.0,67.5,2,98422,32807.333333333336,True,High Risk
INV000462,2,2024-04-23,2024-07-11,79.0,79.0,1,53418,26709.0,True,High Risk
INV000463,10,2024-01-09,2025-02-03,76.0,43.44444444444444,6,843755,84375.5,True,High Risk
INV000464,1,2025-01-22,2025-01-22,,,0,9163,9163.0,False,New
INV000465,5,2024-04-23,2025-05-12,236.0,96.0,3,537322,107464.4,True,Churned
INV000466,10,2024-01-26,2025-04-10,135.0,48.888888888888886,4,691867,69186.7,True,Churned
INV000467,10,2024-01-01,2025-05-25,272.0,56.666666666666664,4,65408,6540.8,True,Churned
INV000468,1,2024-02-02,2024-02-02,,,0,3014,3014.0,False,New
INV000469,12,2024-03-30,2025-05-27,104.0,38.45454545454545,5,1178685,98223.75,True,Churned
INV000470,4,2024-02-29,2025-05-19,311.0,148.33333333333334,3,565741,141435.25,True,Churned
INV000471,5,2024-01-14,2024-12-14,163.0,83.75,3,840782,168156.4,True,Churned
INV000472,3,2024-03-02,2025-03-28,314.0,195.5,2,354383,118127.66666666667,True,Churned
INV000473,8,2024-02-12,2025-01-24,190.0,49.57142857142857,2,1506280,188285.0,True,Churned
INV000474,5,2024-01-23,2025-03-12,203.0,103.5,3,25773,5154.6,True,Churned
INV000475,3,2024-01-23,2025-04-03,346.0,218.0,2,366110,122036.66666666667,True,Churned
INV000476,4,2024-01-05,2024-05-20,116.0,45.333333333333336,1,381910,95477.5,True,Churned
INV000477,10,2024-02-23,2025-03-31,93.0,44.666666666666664,5,2846388,284638.8,True,Churned
INV000478,3,2024-01-01,2024-03-02,36.0,30.5,1,385016,128338.66666666667,True,At Risk
INV000479,2,2024-08-06,2024-11-13,99.0,99.0,1,58383,29191.5,True,Churned
INV000480,9,2024-01-29,2025-04-26,164.0,56.625,3,966963,107440.33333333333,True,Churned
INV000481,10,2024-02-14,2025-05-28,117.0,52.111111111111114,5,2336031,233603.1,True,Churned
INV000482,10,2024-01-22,2025-03-20,202.0,47.0,3,1669754,166975.4,True,Churned
INV000483,11,2024-01-18,2025-05-25,216.0,49.3,5,948622,86238.36363636363,True,Churned
INV000484,1,2024-02-28,2024-02-28,,,0,44058,44058.0,False,New
INV000485,6,2024-01-26,2025-03-30,270.0,85.8,3,542383,90397.16666666667,True,Churned
INV000486,3,2024-03-31,2024-09-19,160.0,86.0,1,1009808,336602.6666666667,True,Churned
INV000487,7,2024-01-12,2025-04-15,121.0,76.5,5,872294,124613.42857142857,True,Churned
INV000488,7,2024-01-01,2025-03-27,203.0,75.16666666666667,5,1172431,167490.14285714287,True,Churned
INV000489,5,2024-05-06,2025-04-19,150.0,87.0,4,308094,61618.8,True,Churned
INV000490,3,2024-01-14,2024-09-01,163.0,115.5,2,416665,138888.33333333334,True,Churned
INV000491,12,2024-02-02,2025-05-22,136.0,43.18181818181818,4,2117561,176463.41666666666,True,Churned
INV000492,7,2024-01-30,2025-04-20,143.0,74.33333333333333,3,1258481,179783.0,True,Churned
INV000493,12,2024-03-01,2025-05-03,178.0,38.90909090909091,3,485825,40485.416666666664,True,Churned
INV000494,7,2024-02-09,2025-01-05,162.0,55.166666666666664,2,1163559,166222.7142857143,True,Churned
INV000495,12,2024-03-23,2025-05-21,142.0,38.54545454545455,4,1799071,149922.58333333334,True,Churned
INV000496,7,2024-04-10,2025-03-01,167.0,54.166666666666664,4,736381,105197.28571428571,True,Churned
INV000497,10,2024-01-26,2025-05-28,176.0,54.22222222222222,3,881675,88167.5,True,Churned
INV000498,4,2024-04-14,2025-02-04,231.0,98.66666666666667,2,896818,224204.5,True,Churned
INV000499,9,2024-01-28,2025-05-09,126.0,58.375,5,715152,79461.33333333333,True,Churned
INV000500,8,2024-02-24,2025-02-28,119.0,52.857142857142854,3,1216892,152111.5,True,Churned
INV000501,3,2024-02-16,2024-09-04,129.0,100.5,2,30878,10292.666666666666,True,Churned
INV000502,1,2024-12-15,2024-12-15,,,0,5007,5007.0,False,New
INV000503,4,2024-07-05,2024-11-25,72.0,47.666666666666664,2,702198,175549.5,True,High Risk
INV000504,1,2024-09-14,2024-09-14,,,0,2723,2723.0,False,New
INV000505,6,2024-03-06,2025-04-20,120.0,82.0,5,464433,77405.5,True,Churned
INV000506,3,2024-06-21,2024-11-11,80.0,71.5,2,30433,10144.333333333334,True,High Risk
INV000507,9,2024-01-28,2025-04-23,136.0,56.375,4,653580,72620.0,True,Churned
INV000508,2,2024-06-01,2024-10-03,124.0,124.0,1,440952,220476.0,True,Churned
INV000509,5,2024-06-29,2025-03-13,107.0,64.25,3,479989,95997.8,True,Churned
INV000510,4,2024-01-17,2025-04-11,190.0,150.0,3,534447,133611.75,True,Churned
INV000511,8,2024-01-21,2025-04-03,206.0,62.57142857142857,4,969412,121176.5,True,Churned
INV000512,12,2024-02-18,2025-05-30,112.0,42.45454545454545,5,348138,29011.5,True,Churned
INV000513,2,2025-02-01,2025-05-15,103.0,103.0,1,9171,4585.5,True,Churned
INV000514,8,2024-06-02,2025-03-31,135.0,43.142857142857146,3,1252941,156617.625,True,Churned
INV000515,3,2024-01-30,2025-02-12,341.0,189.5,2,713355,237785.0,True,Churned
INV000516,2,2024-03-19,2025-02-22,340.0,340.0,1,145169,72584.5,True,Churned
INV000517,5,2024-01-17,2025-05-07,308.0,119.0,3,513148,102629.6,True,Churned
INV000518,2,2024-04-02,2024-11-05,217.0,217.0,1,122149,61074.5,True,Churned
INV000519,6,2024-05-01,2025-05-07,149.0,74.2,4,725481,120913.5,True,Churned
INV000520,6,2024-02-23,2025-01-29,156.0,68.2,4,496222,82703.66666666667,True,Churned
INV000521,9,2024-04-15,2025-03-27,73.0,43.25,4,1888125,209791.66666666666,True,High Risk
INV000522,12,2024-01-12,2025-05-30,87.0,45.81818181818182,7,2234009,186167.41666666666,True,High Risk
INV000523,10,2024-01-16,2025-05-08,206.0,53.111111111111114,5,754087,75408.7,True,Churned
INV000524,10,2024-05-09,2025-05-15,91.0,41.22222222222222,5,1064264,106426.4,True,Churned
INV000525,8,2024-06-09,2025-05-19,126.0,49.142857142857146,3,626819,78352.375,True,Churned
INV000526,10,2024-02-20,2025-03-25,107.0,44.333333333333336,4,2080600,208060.0,True,Churned
INV000527,11,2024-01-03,2025-05-19,148.0,50.2,5,1270840,115530.90909090909,True,Churned
INV000528,1,2025-04-22,2025-04-22,,,0,5187,5187.0,False,New
INV000529,11,2024-02-12,2025-03-31,117.0,41.3,5,1420509,129137.18181818182,True,Churned
INV000530,5,2024-02-04,2025-04-16,206.0,109.25,3,139391,27878.2,True,Churned
INV000531,11,2024-07-17,2025-04-27,82.0,28.4,4,1450980,131907.27272727274,True,High Risk
INV000532,11,2024-01-11,2025-05-08,89.0,48.3,7,1049970,95451.81818181818,True,High Risk
INV000533,8,2024-02-20,2025-05-25,225.0,65.71428571428571,3,711728,88966.0,True,Churned
INV000534,2,2024-01-12,2024-09-11,243.0,243.0,1,446411,223205.5,True,Churned
INV000535,6,2024-01-05,2025-05-06,263.0,97.4,3,387497,64582.833333333336,True,Churned
INV000536,4,2024-02-28,2024-12-03,142.0,93.0,2,684305,171076.25,True,Churned
INV000537,5,2024-06-30,2025-04-10,105.0,71.0,3,672114,134422.8,True,Churned
INV000538,5,2024-12-15,2025-05-10,60.0,36.5,2,427250,85450.0,True,At Risk
INV000539,9,2024-01-26,2025-05-02,153.0,57.75,4,1043852,115983.55555555556,True,Churned
INV000540,11,2024-01-07,2025-05-05,123.0,48.4,5,1749251,159022.81818181818,True,Churned
INV000541,2,2024-03-19,2024-05-14,56.0,56.0,1,23749,11874.5,True,At Risk
INV000542,5,2024-01-07,2025-05-14,192.0,123.25,4,303276,60655.2,True,Churned
INV000543,8,2024-01-11,2025-05-27,170.0,71.71428571428571,5,339697,42462.125,True,Churned
INV000544,8,2024-01-04,2025-03-15,152.0,62.285714285714285,5,1289803,161225.375,True,Churned
INV000545,10,2024-02-21,2025-05-22,107.0,50.666666666666664,5,1083866,108386.6,True,Churned
INV000546,12,2024-01-14,2025-03-29,140.0,40.0,5,641715,53476.25,True,Churned
INV000547,12,2024-01-30,2025-05-25,157.0,43.72727272727273,6,1105411,92117.58333333333,True,Churned
INV000548,8,2024-01-01,2025-04-16,186.0,67.28571428571429,5,1232866,154108.25,True,Churned
INV000549,10,2024-01-19,2025-05-14,146.0,53.44444444444444,4,1355332,135533.2,True,Churned
INV000550,5,2024-02-03,2025-04-25,226.0,111.75,2,150262,30052.4,True,Churned
INV000551,4,2024-02-02,2025-03-01,192.0,131.0,3,201177,50294.25,True,Churned
INV000552,10,2024-01-13,2025-05-23,95.0,55.111111111111114,6,804339,80433.9,True,Churned
INV000553,7,2024-04-22,2025-04-17,172.0,60.0,3,402393,57484.71428571428,True,Churned
INV000554,10,2024-02-18,2025-02-03,102.0,39.0,4,1471290,147129.0,True,Churned
INV000555,3,2024-01-28,2025-04-05,375.0,216.5,2,292884,97628.0,True,Churned
INV000556,11,2024-03-07,2025-04-24,147.0,41.3,4,1204314,109483.09090909091,True,Churned
INV000557,6,2024-01-28,2025-04-12,294.0,88.0,2,389126,64854.333333333336,True,Churned
INV000558,8,2024-02-04,2025-04-09,171.0,61.42857142857143,3,1201905,150238.125,True,Churned
INV000559,5,2024-02-26,2025-05-01,314.0,107.5,2,681567,136313.4,True,Churned
INV000560,5,2024-03-14,2025-02-26,217.0,87.25,3,433008,86601.6,True,Churned
INV000561,1,2024-08-16,2024-08-16,,,0,6189,6189.0,False,New
INV000562,7,2024-03-08,2025-03-15,197.0,62.0,2,196097,28013.85714285714,True,Churned
INV000563,12,2024-02-13,2025-05-16,95.0,41.63636363636363,5,902361,75196.75,True,Churned
INV000564,4,2024-07-26,2025-04-22,162.0,90.0,2,386126,96531.5,True,Churned
INV000565,3,2024-02-03,2024-12-05,181.0,153.0,2,375314,125104.66666666667,True,Churned
INV000566,12,2024-01-11,2025-03-22,122.0,39.63636363636363,3,1199129,99927.41666666667,True,Churned
INV000567,12,2024-01-08,2025-03-29,121.0,40.54545454545455,4,2013020,167751.66666666666,True,Churned
INV000568,9,2024-03-13,2025-01-19,99.0,39.0,3,778052,86450.22222222222,True,Churned
INV000569,12,2024-02-14,2025-05-23,88.0,42.18181818181818,6,2074454,172871.16666666666,True,High Risk
INV000570,11,2024-02-12,2025-05-28,93.0,47.1,5,799962,72723.81818181818,True,Churned
INV000571,1,2024-08-30,2024-08-30,,,0,2325,2325.0,False,New
INV000572,5,2024-03-04,2025-05-26,163.0,112.0,3,540076,108015.2,True,Churned
INV000573,12,2024-01-27,2024-11-27,93.0,27.727272727272727,4,1579877,131656.41666666666,True,Churned
INV000574,3,2024-09-28,2025-04-17,195.0,100.5,1,184546,61515.333333333336,True,Churned
INV000575,8,2024-03-06,2025-03-10,155.0,52.714285714285715,2,774094,96761.75,True,Churned
INV000576,9,2024-01-01,2025-02-26,190.0,52.75,3,776886,86320.66666666667,True,Churned
INV000577,11,2024-02-17,2025-04-26,169.0,43.4,3,1511226,137384.18181818182,True,Churned
INV000578,12,2024-01-09,2025-05-27,113.0,45.81818181818182,5,1112496,92708.0,True,Churned
INV000579,1,2025-05-30,2025-05-30,,,0,7859,7859.0,False,New
INV000580,9,2024-03-11,2025-04-09,92.0,49.25,5,1672022,185780.22222222222,True,Churned
INV000581,12,2024-01-30,2025-05-14,128.0,42.72727272727273,4,934189,77849.08333333333,True,Churned
INV000582,1,2025-05-07,2025-05-07,,,0,565701,565701.0,False,New
INV000583,9,2024-01-07,2025-02-24,133.0,51.75,4,1126230,125136.66666666667,True,Churned
INV000584,8,2024-01-30,2025-04-21,153.0,63.857142857142854,4,781613,97701.625,True,Churned
INV000585,9,2024-01-18,2025-05-21,130.0,61.125,4,637360,70817.77777777778,True,Churned
INV000586,12,2024-01-23,2025-05-27,223.0,44.54545454545455,4,1060394,88366.16666666667,True,Churned
INV000587,12,2024-03-11,2025-03-18,112.0,33.81818181818182,5,1466513,122209.41666666667,True,Churned
INV000588,2,2024-01-27,2025-04-15,444.0,444.0,1,98925,49462.5,True,Churned
INV000589,11,2024-02-01,2025-05-19,90.0,47.3,6,1053395,95763.18181818182,True,High Risk
INV000590,4,2024-09-03,2025-05-15,182.0,84.66666666666667,2,114679,28669.75,True,Churned
INV000591,8,2024-04-15,2025-05-07,112.0,55.285714285714285,5,406779,50847.375,True,Churned
INV000592,5,2024-02-26,2025-03-31,268.0,99.75,3,410122,82024.4,True,Churned
INV000593,11,2024-02-17,2025-04-30,86.0,43.8,6,1361359,123759.90909090909,True,High Risk
INV000594,1,2024-09-02,2024-09-02,,,0,1095,1095.0,False,New
INV000595,10,2024-01-03,2025-04-28,106.0,53.44444444444444,7,1591240,159124.0,True,Churned
INV000596,12,2024-02-01,2025-05-22,101.0,43.27272727272727,6,616551,51379.25,True,Churned
INV000597,8,2024-02-03,2025-04-21,142.0,63.285714285714285,5,542590,67823.75,True,Churned
INV000598,6,2024-02-06,2025-05-19,170.0,93.6,4,563446,93907.66666666667,True,Churned
INV000599,10,2024-01-13,2025-05-16,158.0,54.333333333333336,4,759386,75938.6,True,Churned
INV000600,6,2024-01-01,2025-03-20,156.0,88.8,4,758701,126450.16666666667,True,Churned
INV000601,10,2024-02-04,2024-11-24,97.0,32.666666666666664,4,1260961,126096.1,True,Churned
INV000602,10,2024-02-11,2025-03-29,128.0,45.77777777777778,6,1004715,100471.5,True,Churned
INV000603,4,2024-01-01,2025-02-02,236.0,132.66666666666666,3,11214,2803.5,True,Churned
INV000604,10,2024-02-01,2025-02-18,75.0,42.55555555555556,6,2567253,256725.3,True,High Risk
INV000605,2,2024-05-31,2025-01-09,223.0,223.0,1,518544,259272.0,True,Churned
INV000606,12,2024-01-21,2025-03-17,148.0,38.27272727272727,4,2504294,208691.16666666666,True,Churned
INV000607,10,2024-01-14,2025-04-10,145.0,50.22222222222222,5,1158929,115892.9,True,Churned
INV000608,7,2024-01-09,2025-05-24,241.0,83.5,4,278741,39820.142857142855,True,Churned
INV000609,12,2024-01-01,2024-10-14,77.0,26.09090909090909,3,1505477,125456.41666666667,True,High Risk
INV000610,1,2025-03-21,2025-03-21,,,0,307478,307478.0,False,New
INV000611,6,2024-05-11,2025-04-22,121.0,69.2,3,99839,16639.833333333332,True,Churned
INV000612,12,2024-01-16,2025-05-23,169.0,44.81818181818182,4,564172,47014.333333333336,True,Churned
INV000613,4,2024-08-11,2025-04-15,227.0,82.33333333333333,1,709973,177493.25,True,Churned
INV000614,7,2024-05-03,2024-10-06,65.0,26.0,1,1160425,165775.0,True,High Risk
INV000615,9,2024-03-15,2025-03-19,139.0,46.125,3,710619,78957.66666666667,True,Churned
INV000616,9,2024-01-01,2025-05-07,185.0,61.5,4,1066183,118464.77777777778,True,Churned
INV000617,3,2025-01-07,2025-05-15,77.0,64.0,2,324537,108179.0,True,High Risk
INV000618,2,2025-02-27,2025-03-06,7.0,7.0,0,6996,3498.0,False,Active
INV000619,9,2024-10-27,2025-05-23,73.0,26.0,2,1266245,140693.88888888888,True,High Risk
INV000620,1,2024-07-10,2024-07-10,,,0,7741,7741.0,False,New
INV000621,10,2024-02-15,2025-04-14,105.0,47.111111111111114,5,2078077,207807.7,True,Churned
INV000622,5,2024-01-23,2025-01-15,293.0,89.5,2,21061,4212.2,True,Churned
INV000623,10,2024-02-06,2025-04-17,143.0,48.44444444444444,4,1311642,131164.2,True,Churned
INV000624,9,2024-01-31,2025-01-15,145.0,43.75,4,169911,18879.0,True,Churned
INV000625,12,2024-02-27,2025-05-28,91.0,41.45454545454545,5,1331498,110958.16666666667,True,Churned
INV000626,6,2024-05-17,2025-05-19,134.0,73.4,3,884040,147340.0,True,Churned
INV000627,3,2024-01-22,2025-05-09,268.0,236.5,2,315662,105220.66666666667,True,Churned
INV000628,2,2024-02-27,2024-12-27,304.0,304.0,1,59172,29586.0,True,Churned
INV000629,6,2024-02-22,2025-03-06,276.0,75.6,3,486977,81162.83333333333,True,Churned
INV000630,9,2024-01-09,2025-03-18,142.0,54.25,3,768298,85366.44444444444,True,Churned
INV000631,9,2024-01-12,2024-12-08,82.0,41.375,4,874172,97130.22222222222,True,High Risk
INV000632,4,2024-01-03,2025-02-27,281.0,140.33333333333334,3,601820,150455.0,True,Churned
INV000633,6,2024-01-23,2025-03-29,120.0,86.2,5,134790,22465.0,True,Churned
INV000634,11,2024-01-22,2025-03-15,90.0,41.8,5,778120,70738.18181818182,True,High Risk
INV000635,8,2024-03-13,2025-03-23,221.0,53.57142857142857,3,492099,61512.375,True,Churned
INV000636,6,2024-03-07,2024-12-04,160.0,54.4,2,439817,73302.83333333333,True,Churned
INV000637,6,2024-03-03,2025-01-18,154.0,64.2,3,929096,154849.33333333334,True,Churned
INV000638,8,2024-01-13,2025-05-24,138.0,71.0,5,1114765,139345.625,True,Churned
INV000639,11,2024-01-04,2025-05-26,129.0,50.8,5,2162795,196617.72727272726,True,Churned
INV000640,1,2024-05-03,2024-05-03,,,0,8756,8756.0,False,New
INV000641,8,2024-06-24,2025-05-04,126.0,44.857142857142854,3,559752,69969.0,True,Churned
INV000642,11,2024-01-05,2025-05-21,139.0,50.2,7,919646,83604.18181818182,True,Churned
INV000643,7,2024-03-10,2025-01-13,127.0,51.5,3,886592,126656.0,True,Churned
INV000644,6,2024-02-21,2025-02-02,313.0,69.4,1,530205,88367.5,True,Churned
INV000645,12,2024-02-12,2025-01-07,88.0,30.0,4,1414660,117888.33333333333,True,High Risk
INV000646,12,2024-04-07,2025-05-26,96.0,37.63636363636363,4,1713396,142783.0,True,Churned
INV000647,4,2024-07-06,2025-05-19,265.0,105.66666666666667,1,1050135,262533.75,True,Churned
INV000648,4,2024-02-10,2024-08-24,88.0,65.33333333333333,3,32645,8161.25,True,High Risk
INV000649,10,2024-01-11,2025-04-25,230.0,52.22222222222222,4,1738284,173828.4,True,Churned
INV000650,5,2024-03-05,2025-05-13,171.0,108.5,3,564853,112970.6,True,Churned
INV000651,8,2024-01-20,2025-05-30,280.0,70.85714285714286,2,236961,29620.125,True,Churned
INV000652,12,2024-02-01,2025-05-23,154.0,43.36363636363637,5,1502257,125188.08333333333,True,Churned
INV000653,2,2024-02-01,2024-07-14,164.0,164.0,1,26554,13277.0,True,Churned
INV000654,6,2024-01-23,2025-04-24,166.0,91.4,3,955429,159238.16666666666,True,Churned
INV000655,2,2024-10-13,2025-02-22,132.0,132.0,1,480225,240112.5,True,Churned
INV000656,7,2024-04-13,2025-04-22,116.0,62.333333333333336,5,1064638,152091.14285714287,True,Churned
INV000657,10,2024-01-28,2025-04-25,95.0,50.333333333333336,7,433317,43331.7,True,Churned
INV000658,9,2024-05-10,2025-05-24,153.0,47.375,3,1025622,113958.0,True,Churned
INV000659,5,2024-01-09,2025-05-23,228.0,125.0,4,258349,51669.8,True,Churned
INV000660,6,2024-08-15,2025-03-13,99.0,42.0,2,254938,42489.666666666664,True,Churned
INV000661,8,2024-03-22,2025-05-19,106.0,60.42857142857143,6,725441,90680.125,True,Churned
INV000662,11,2024-01-02,2025-04-09,113.0,46.3,5,639548,58140.72727272727,True,Churned
INV000663,6,2024-01-04,2025-04-20,247.0,94.4,4,83316,13886.0,True,Churned
INV000664,8,2024-05-07,2025-03-30,149.0,46.714285714285715,4,787540,98442.5,True,Churned
INV000665,12,2024-05-22,2025-04-13,79.0,29.636363636363637,3,746312,62192.666666666664,True,High Risk
INV000666,7,2024-02-14,2025-02-21,170.0,62.166666666666664,3,496011,70858.71428571429,True,Churned
INV000667,12,2024-01-07,2025-04-30,135.0,43.54545454545455,4,1593494,132791.16666666666,True,Churned
INV000668,5,2024-01-06,2025-05-28,339.0,127.0,3,518362,103672.4,True,Churned
INV000669,4,2024-02-26,2025-03-18,191.0,128.66666666666666,2,1065256,266314.0,True,Churned
INV000670,5,2024-07-23,2025-02-10,143.0,50.5,2,338140,67628.0,True,Churned
INV000671,12,2024-02-12,2025-04-13,118.0,38.72727272727273,3,2333315,194442.91666666666,True,Churned
INV000672,3,2024-10-07,2024-12-20,41.0,37.0,1,409297,136432.33333333334,True,At Risk
INV000673,6,2024-01-13,2025-04-21,235.0,92.8,4,145533,24255.5,True,Churned
INV000674,3,2024-04-10,2024-06-10,31.0,30.5,0,315027,105009.0,False,Active
INV000675,12,2024-03-12,2025-04-19,111.0,36.63636363636363,4,1342300,111858.33333333333,True,Churned
INV000676,12,2024-05-10,2025-04-28,61.0,32.09090909090909,6,376497,31374.75,True,High Risk
INV000677,4,2024-01-27,2025-04-24,226.0,151.0,3,315456,78864.0,True,Churned
INV000678,11,2024-04-12,2025-04-27,77.0,38.0,5,1054211,95837.36363636363,True,High Risk
INV000679,5,2024-01-03,2024-11-27,193.0,82.25,2,283572,56714.4,True,Churned
INV000680,3,2024-03-22,2025-02-08,165.0,161.5,2,325752,108584.0,True,Churned
INV000681,3,2024-03-22,2024-12-22,246.0,137.5,1,11354,3784.6666666666665,True,Churned
INV000682,6,2024-01-10,2025-05-07,232.0,96.6,4,1312144,218690.66666666666,True,Churned
INV000683,11,2024-01-08,2025-05-28,137.0,50.6,4,223475,20315.909090909092,True,Churned
INV000684,5,2024-01-08,2025-03-29,191.0,111.5,4,498030,99606.0,True,Churned
INV000685,2,2024-02-01,2024-02-12,11.0,11.0,0,429968,214984.0,False,Active
INV000686,2,2024-07-18,2025-02-06,203.0,203.0,1,217482,108741.0,True,Churned
INV000687,5,2024-05-03,2025-04-22,187.0,88.5,2,483920,96784.0,True,Churned
INV000688,3,2024-12-27,2025-03-26,81.0,44.5,1,360971,120323.66666666667,True,High Risk
INV000689,8,2024-04-16,2025-03-09,110.0,46.714285714285715,2,922386,115298.25,True,Churned
INV000690,12,2024-01-03,2025-05-22,116.0,45.90909090909091,5,1189083,99090.25,True,Churned
INV000691,10,2024-01-27,2025-05-17,131.0,52.888888888888886,6,1441377,144137.7,True,Churned
INV000692,1,2025-04-18,2025-04-18,,,0,1897,1897.0,False,New
INV000693,10,2024-04-12,2025-05-16,116.0,44.333333333333336,4,1831041,183104.1,True,Churned
INV000694,7,2024-01-18,2025-05-27,184.0,82.5,5,1893343,270477.5714285714,True,Churned
INV000695,8,2024-03-01,2025-05-18,110.0,63.285714285714285,5,700290,87536.25,True,Churned
INV000696,4,2024-07-12,2025-05-22,193.0,104.66666666666667,3,26838,6709.5,True,Churned
INV000697,1,2024-09-08,2024-09-08,,,0,407537,407537.0,False,New
INV000698,12,2024-02-20,2025-04-13,101.0,38.0,5,606641,50553.416666666664,True,Churned
INV000699,8,2024-03-27,2024-12-07,90.0,36.42857142857143,3,694683,86835.375,True,High Risk
INV000700,3,2024-08-21,2024-12-20,93.0,60.5,1,25789,8596.333333333334,True,Churned
INV000701,11,2024-01-13,2025-05-29,230.0,50.2,5,1164582,105871.09090909091,True,Churned
INV000702,3,2024-05-11,2025-02-22,188.0,143.5,2,309191,103063.66666666667,True,Churned
INV000703,7,2024-01-11,2025-05-29,177.0,84.0,5,1056450,150921.42857142858,True,Churned
INV000704,9,2024-01-19,2025-02-27,183.0,50.625,3,655041,72782.33333333333,True,Churned
INV000705,4,2024-06-08,2025-05-17,165.0,114.33333333333333,3,353502,88375.5,True,Churned
INV000706,9,2024-01-17,2025-03-28,116.0,54.5,5,1382195,153577.22222222222,True,Churned
INV000707,10,2024-03-30,2025-05-09,130.0,45.0,5,394234,39423.4,True,Churned
INV000708,8,2024-02-22,2025-05-29,182.0,66.0,5,664661,83082.625,True,Churned
INV000709,12,2024-02-07,2025-04-17,100.0,39.54545454545455,3,1818377,151531.41666666666,True,Churned
INV000710,7,2024-02-27,2025-05-15,143.0,73.83333333333333,5,311061,44437.28571428572,True,Churned
INV000711,8,2024-01-10,2025-03-05,160.0,60.0,5,1560807,195100.875,True,Churned
INV000712,1,2024-12-18,2024-12-18,,,0,177827,177827.0,False,New
INV000713,4,2024-05-16,2025-02-03,177.0,87.66666666666667,2,513134,128283.5,True,Churned
INV000714,12,2024-06-07,2025-03-30,95.0,26.90909090909091,2,1211050,100920.83333333333,True,Churned
INV000715,7,2024-06-28,2025-05-26,107.0,55.333333333333336,4,462102,66014.57142857143,True,Churned
INV000716,2,2024-05-27,2024-12-05,192.0,192.0,1,204847,102423.5,True,Churned
INV000717,7,2024-02-07,2025-05-18,232.0,77.66666666666667,4,1161401,165914.42857142858,True,Churned
INV000718,10,2024-01-16,2024-12-28,79.0,38.55555555555556,4,863704,86370.4,True,High Risk
INV000719,12,2024-02-29,2025-05-22,129.0,40.72727272727273,5,1313380,109448.33333333333,True,Churned
INV000720,8,2024-01-19,2025-05-28,134.0,70.71428571428571,5,765199,95649.875,True,Churned
INV000721,7,2024-02-02,2025-05-15,210.0,78.0,4,454922,64988.857142857145,True,Churned
INV000722,9,2024-03-12,2025-05-03,164.0,52.125,4,1934707,214967.44444444444,True,Churned
INV000723,6,2024-01-23,2025-03-31,323.0,86.6,2,438976,73162.66666666667,True,Churned
INV000724,9,2024-04-11,2025-05-22,209.0,50.75,3,732624,81402.66666666667,True,Churned
INV000725,8,2024-03-14,2025-04-24,92.0,58.0,6,231261,28907.625,True,Churned
INV000726,7,2024-02-02,2025-03-25,165.0,69.5,4,1248341,178334.42857142858,True,Churned
INV000727,3,2024-12-22,2025-01-17,25.0,13.0,0,14806,4935.333333333333,False,Active
INV000728,9,2024-05-24,2025-04-02,113.0,39.125,2,1278764,142084.88888888888,True,Churned
INV000729,5,2024-01-15,2025-03-29,135.0,109.75,4,465557,93111.4,True,Churned
INV000730,5,2024-04-25,2025-03-18,145.0,81.75,3,538630,107726.0,True,Churned
INV000731,4,2024-04-08,2024-12-28,152.0,88.0,2,427944,106986.0,True,Churned
INV000732,10,2024-04-12,2025-04-28,130.0,42.333333333333336,4,1499551,149955.1,True,Churned
INV000733,7,2024-01-19,2025-04-10,189.0,74.5,3,1129452,161350.2857142857,True,Churned
INV000734,11,2024-02-22,2025-05-30,180.0,46.3,3,990424,90038.54545454546,True,Churned
INV000735,8,2024-02-25,2025-04-30,264.0,61.42857142857143,3,743109,92888.625,True,Churned
INV000736,10,2024-02-13,2025-03-18,132.0,44.333333333333336,5,1296656,129665.6,True,Churned
INV000737,8,2024-01-31,2025-05-08,124.0,66.14285714285714,6,596078,74509.75,True,Churned
INV000738,8,2024-02-26,2025-02-07,163.0,49.57142857142857,4,981192,122649.0,True,Churned
INV000739,8,2024-03-03,2025-05-02,219.0,60.714285714285715,4,1516957,189619.625,True,Churned
INV000740,2,2024-05-18,2024-12-27,223.0,223.0,1,334831,167415.5,True,Churned
INV000741,8,2024-02-20,2025-05-25,101.0,65.71428571428571,5,745579,93197.375,True,Churned
INV000742,6,2024-03-17,2025-05-06,176.0,83.0,4,333940,55656.666666666664,True,Churned
INV000743,4,2024-06-17,2025-04-29,196.0,105.33333333333333,3,602164,150541.0,True,Churned
INV000744,10,2024-08-14,2025-04-25,96.0,28.22222222222222,2,1976086,197608.6,True,Churned
INV000745,6,2024-02-26,2025-05-15,217.0,88.8,3,185145,30857.5,True,Churned
INV000746,9,2024-01-28,2025-05-26,124.0,60.5,5,1895150,210572.22222222222,True,Churned
INV000747,11,2024-01-03,2025-04-04,125.0,45.7,5,1444650,131331.81818181818,True,Churned
INV000748,4,2024-07-02,2025-03-28,114.0,89.66666666666667,3,877286,219321.5,True,Churned
INV000749,12,2024-02-08,2025-04-28,127.0,40.45454545454545,5,1948339,162361.58333333334,True,Churned
INV000750,12,2024-02-08,2025-03-03,177.0,35.36363636363637,2,1229162,102430.16666666667,True,Churned
INV000751,11,2024-03-29,2025-05-27,97.0,42.4,6,284905,25900.454545454544,True,Churned
INV000752,7,2024-01-10,2025-04-26,269.0,78.66666666666667,3,936259,133751.2857142857,True,Churned
INV000753,7,2024-07-10,2025-05-10,112.0,50.666666666666664,4,820611,117230.14285714286,True,Churned
INV000754,11,2024-03-02,2025-05-23,103.0,44.7,5,812469,73860.81818181818,True,Churned
INV000755,7,2024-01-11,2025-02-11,115.0,66.16666666666667,4,1438495,205499.2857142857,True,Churned
INV000756,4,2024-06-26,2025-02-15,157.0,78.0,2,71393,17848.25,True,Churned
INV000757,6,2024-01-14,2025-03-06,167.0,83.4,4,310431,51738.5,True,Churned
INV000758,10,2024-01-23,2025-04-21,180.0,50.44444444444444,4,1131634,113163.4,True,Churned
INV000759,11,2024-01-08,2025-05-20,141.0,49.8,5,991581,90143.72727272728,True,Churned
INV000760,4,2024-06-25,2025-04-29,148.0,102.66666666666667,3,598957,149739.25,True,Churned
INV000761,11,2024-01-15,2025-05-23,173.0,49.4,6,1015841,92349.18181818182,True,Churned
INV000762,4,2024-01-05,2025-05-04,367.0,161.66666666666666,3,220153,55038.25,True,Churned
INV000763,1,2024-06-05,2024-06-05,,,0,4966,4966.0,False,New
INV000764,8,2024-02-06,2025-03-15,154.0,57.57142857142857,3,971055,121381.875,True,Churned
INV000765,12,2024-01-31,2025-05-18,166.0,43.0,4,1922758,160229.83333333334,True,Churned
INV000766,4,2024-01-07,2024-12-27,197.0,118.33333333333333,3,454527,113631.75,True,Churned
INV000767,6,2024-01-29,2025-05-14,227.0,94.2,3,827437,137906.16666666666,True,Churned
INV000768,12,2024-01-17,2025-03-12,68.0,38.18181818181818,6,486601,40550.083333333336,True,High Risk
INV000769,7,2024-02-05,2025-05-10,206.0,76.66666666666667,6,942971,134710.14285714287,True,Churned
INV000770,3,2024-01-25,2024-03-14,39.0,24.5,1,416170,138723.33333333334,True,At Risk
INV000771,5,2024-02-10,2025-02-20,176.0,94.0,3,179563,35912.6,True,Churned
INV000772,12,2024-03-09,2025-04-13,98.0,36.36363636363637,4,1528127,127343.91666666667,True,Churned
INV000773,1,2024-06-07,2024-06-07,,,0,147570,147570.0,False,New
INV000774,9,2024-02-16,2025-05-03,148.0,55.25,5,871714,96857.11111111111,True,Churned
INV000775,5,2024-03-28,2025-04-29,177.0,99.25,3,385045,77009.0,True,Churned
INV000776,11,2024-03-02,2025-04-27,71.0,42.1,6,1161371,105579.18181818182,True,High Risk
INV000777,8,2024-03-05,2025-01-29,91.0,47.142857142857146,3,508753,63594.125,True,Churned
INV000778,11,2024-01-19,2025-05-14,168.0,48.1,4,566606,51509.63636363636,True,Churned
INV000779,12,2024-01-29,2025-04-17,92.0,40.36363636363637,5,1358405,113200.41666666667,True,Churned
INV000780,1,2024-11-16,2024-11-16,,,0,6159,6159.0,False,New
INV000781,5,2024-02-01,2025-02-20,191.0,96.25,3,609059,121811.8,True,Churned
INV000782,6,2024-11-29,2025-05-25,105.0,35.4,2,112870,18811.666666666668,True,Churned
INV000783,12,2024-01-06,2025-05-08,145.0,44.36363636363637,5,1504937,125411.41666666667,True,Churned
INV000784,8,2024-02-09,2025-04-21,244.0,62.42857142857143,4,1265723,158215.375,True,Churned
INV000785,11,2024-04-30,2025-05-24,154.0,38.9,4,1740542,158231.0909090909,True,Churned
INV000786,10,2024-01-01,2025-05-28,199.0,57.0,4,151452,15145.2,True,Churned
INV000787,1,2024-10-08,2024-10-08,,,0,58500,58500.0,False,New
INV000788,7,2024-05-06,2025-03-17,159.0,52.5,3,633957,90565.28571428571,True,Churned
INV000789,10,2024-02-29,2025-04-03,171.0,44.333333333333336,4,800288,80028.8,True,Churned
INV000790,1,2025-02-27,2025-02-27,,,0,25070,25070.0,False,New
INV000791,9,2024-01-05,2025-03-29,109.0,56.125,6,1169306,129922.88888888889,True,Churned
INV000792,2,2024-08-04,2025-05-02,271.0,271.0,1,17894,8947.0,True,Churned
INV000793,11,2024-01-14,2025-05-12,104.0,48.4,5,591986,53816.90909090909,True,Churned
INV000794,1,2024-08-11,2024-08-11,,,0,2557,2557.0,False,New
INV000795,4,2024-06-13,2025-05-28,155.0,116.33333333333333,3,566959,141739.75,True,Churned
INV000796,4,2024-02-07,2024-11-26,194.0,97.66666666666667,3,130904,32726.0,True,Churned
INV000797,5,2024-01-01,2025-04-13,378.0,117.0,2,499115,99823.0,True,Churned
INV000798,1,2025-02-27,2025-02-27,,,0,26463,26463.0,False,New
INV000799,7,2024-01-21,2025-05-20,213.0,80.83333333333333,4,818728,116961.14285714286,True,Churned
INV000800,5,2024-03-17,2025-05-25,333.0,108.5,2,532344,106468.8,True,Churned
INV000801,4,2024-05-30,2025-04-26,131.0,110.33333333333333,3,254710,63677.5,True,Churned
INV000802,5,2024-06-04,2024-11-29,89.0,44.5,2,1221773,244354.6,True,High Risk
INV000803,9,2024-01-04,2025-04-11,147.0,57.875,5,710600,78955.55555555556,True,Churned
INV000804,6,2024-02-14,2025-05-20,208.0,92.2,3,842684,140447.33333333334,True,Churned
INV000805,1,2025-03-07,2025-03-07,,,0,37944,37944.0,False,New
INV000806,12,2024-04-22,2025-05-02,109.0,34.09090909090909,3,1615282,134606.83333333334,True,Churned
INV000807,2,2025-02-05,2025-02-08,3.0,3.0,0,240704,120352.0,False,Active
INV000808,4,2024-01-13,2025-03-04,292.0,138.66666666666666,2,165725,41431.25,True,Churned
INV000809,5,2024-03-01,2025-04-25,262.0,105.0,4,363678,72735.6,True,Churned
INV000810,10,2024-05-01,2025-04-08,93.0,38.0,4,839720,83972.0,True,Churned
INV000811,6,2024-01-22,2024-11-08,217.0,58.2,2,1147477,191246.16666666666,True,Churned
INV000812,1,2025-03-12,2025-03-12,,,0,266320,266320.0,False,New
INV000813,8,2024-01-11,2025-03-21,300.0,62.142857142857146,2,1102069,137758.625,True,Churned
INV000814,7,2024-01-15,2025-04-29,113.0,78.33333333333333,5,237787,33969.57142857143,True,Churned
INV000815,4,2024-08-16,2025-05-09,161.0,88.66666666666667,3,830351,207587.75,True,Churned
INV000816,5,2024-05-19,2025-03-14,216.0,74.75,1,581224,116244.8,True,Churned
INV000817,1,2024-11-03,2024-11-03,,,0,364640,364640.0,False,New
INV000818,5,2024-01-09,2025-05-14,261.0,122.75,4,1276030,255206.0,True,Churned
INV000819,6,2024-06-04,2025-01-30,116.0,48.0,3,1163624,193937.33333333334,True,Churned
INV000820,3,2024-01-13,2024-08-07,168.0,103.5,2,427734,142578.0,True,Churned
INV000821,9,2024-05-04,2025-04-25,81.0,44.5,5,1517514,168612.66666666666,True,High Risk
INV000822,9,2024-02-02,2024-12-31,98.0,41.625,4,210242,23360.222222222223,True,Churned
INV000823,10,2024-02-21,2025-01-05,69.0,35.44444444444444,4,853782,85378.2,True,High Risk
INV000824,4,2024-01-19,2025-03-16,279.0,140.66666666666666,3,210451,52612.75,True,Churned
INV000825,5,2024-01-08,2024-10-14,122.0,70.0,3,768198,153639.6,True,Churned
INV000826,7,2024-02-22,2025-05-14,218.0,74.5,4,1388625,198375.0,True,Churned
INV000827,10,2024-04-05,2025-05-18,95.0,45.333333333333336,5,562736,56273.6,True,Churned
INV000828,2,2024-03-03,2025-05-06,429.0,429.0,1,523055,261527.5,True,Churned
INV000829,9,2024-01-16,2025-05-01,151.0,58.875,5,1038470,115385.55555555556,True,Churned
INV000830,10,2024-03-28,2025-05-02,122.0,44.44444444444444,4,775541,77554.1,True,Churned
INV000831,6,2024-08-11,2025-05-08,134.0,54.0,3,139654,23275.666666666668,True,Churned
INV000832,4,2024-01-20,2024-09-27,93.0,83.66666666666667,3,408362,102090.5,True,Churned
INV000833,10,2024-01-08,2025-05-30,178.0,56.44444444444444,5,648577,64857.7,True,Churned
INV000834,4,2024-03-13,2024-12-02,241.0,88.0,1,375586,93896.5,True,Churned
INV000835,1,2024-09-12,2024-09-12,,,0,7716,7716.0,False,New
INV000836,7,2024-01-01,2025-02-28,123.0,70.66666666666667,5,666432,95204.57142857143,True,Churned
INV000837,3,2024-03-08,2025-04-30,358.0,209.0,2,404766,134922.0,True,Churned
INV000838,4,2024-03-16,2025-01-05,119.0,98.33333333333333,3,831035,207758.75,True,Churned
INV000839,3,2024-04-21,2025-05-05,192.0,189.5,2,200801,66933.66666666667,True,Churned
INV000840,9,2024-01-12,2025-05-29,186.0,62.875,3,1815784,201753.77777777778,True,Churned
INV000841,7,2024-01-18,2025-03-21,213.0,71.33333333333333,4,1338826,191260.85714285713,True,Churned
INV000842,1,2024-02-07,2024-02-07,,,0,5035,5035.0,False,New
INV000843,11,2024-02-11,2025-02-03,101.0,35.8,3,1085909,98719.0,True,Churned
INV000844,10,2024-02-09,2025-03-12,131.0,44.111111111111114,3,819349,81934.9,True,Churned
INV000845,7,2024-07-31,2025-05-06,201.0,46.5,2,968144,138306.2857142857,True,Churned
INV000846,5,2024-02-02,2025-01-29,135.0,90.5,3,752263,150452.6,True,Churned
INV000847,11,2024-05-28,2025-02-21,56.0,26.9,4,1317658,119787.09090909091,True,At Risk
INV000848,2,2024-06-26,2024-11-05,132.0,132.0,1,404172,202086.0,True,Churned
INV000849,11,2024-01-03,2025-04-19,128.0,47.2,4,1212005,110182.27272727272,True,Churned
INV000850,6,2024-09-05,2025-01-26,60.0,28.6,1,1167608,194601.33333333334,True,At Risk
INV000851,9,2024-02-05,2025-04-07,112.0,53.375,5,1155426,128380.66666666667,True,Churned
INV000852,5,2024-01-01,2025-03-19,246.0,110.75,3,571269,114253.8,True,Churned
INV000853,12,2024-01-22,2025-04-10,143.0,40.36363636363637,5,531947,44328.916666666664,True,Churned
INV000854,10,2024-01-05,2025-05-09,170.0,54.44444444444444,4,281496,28149.6,True,Churned
INV000855,4,2024-01-07,2025-04-09,309.0,152.66666666666666,3,62977,15744.25,True,Churned
INV000856,9,2024-03-04,2025-05-18,128.0,55.0,5,1132095,125788.33333333333,True,Churned
INV000857,9,2024-01-18,2025-03-10,159.0,52.125,3,1392092,154676.88888888888,True,Churned
INV000858,11,2024-04-27,2025-04-21,131.0,35.9,4,471002,42818.36363636364,True,Churned
INV000859,3,2024-04-19,2025-01-08,190.0,132.0,2,28609,9536.333333333334,True,Churned
INV000860,10,2024-01-27,2025-03-29,110.0,47.44444444444444,3,836394,83639.4,True,Churned
INV000861,9,2024-03-01,2025-05-14,163.0,54.875,5,870239,96693.22222222222,True,Churned
INV000862,9,2024-01-23,2025-05-14,158.0,59.625,4,1093357,121484.11111111111,True,Churned
INV000863,1,2024-08-03,2024-08-03,,,0,9140,9140.0,False,New
INV000864,11,2024-01-16,2025-03-11,135.0,42.0,4,1171132,106466.54545454546,True,Churned
INV000865,11,2024-03-08,2025-04-16,99.0,40.4,6,638932,58084.72727272727,True,Churned
INV000866,2,2024-07-17,2024-12-05,141.0,141.0,1,226888,113444.0,True,Churned
INV000867,5,2024-07-12,2025-04-15,120.0,69.25,2,535083,107016.6,True,Churned
INV000868,1,2024-05-23,2024-05-23,,,0,9196,9196.0,False,New
INV000869,10,2024-02-27,2025-01-27,95.0,37.22222222222222,3,775716,77571.6,True,Churned
INV000870,6,2024-02-08,2025-01-25,94.0,70.4,4,472891,78815.16666666667,True,Churned
INV000871,1,2024-10-01,2024-10-01,,,0,43302,43302.0,False,New
INV000872,1,2025-02-15,2025-02-15,,,0,5900,5900.0,False,New
INV000873,10,2024-02-09,2025-04-25,166.0,49.0,4,1034958,103495.8,True,Churned
INV000874,12,2024-01-04,2025-05-15,136.0,45.18181818181818,7,1012012,84334.33333333333,True,Churned
INV000875,3,2024-03-25,2024-07-05,79.0,51.0,1,855790,285263.3333333333,True,High Risk
INV000876,6,2024-07-12,2025-01-13,66.0,37.0,2,671502,111917.0,True,High Risk
INV000877,9,2024-06-21,2025-04-14,75.0,37.125,5,1269000,141000.0,True,High Risk
INV000878,2,2024-07-24,2024-09-28,66.0,66.0,1,66812,33406.0,True,High Risk
INV000879,3,2024-03-01,2024-08-18,108.0,85.0,2,8346,2782.0,True,Churned
INV000880,6,2024-01-31,2025-03-30,166.0,84.8,5,707525,117920.83333333333,True,Churned
INV000881,12,2024-01-10,2025-02-28,103.0,37.72727272727273,5,711174,59264.5,True,Churned
INV000882,1,2024-02-06,2024-02-06,,,0,1139,1139.0,False,New
INV000883,2,2024-06-30,2025-03-14,257.0,257.0,1,3332,1666.0,True,Churned
INV000884,4,2024-04-10,2024-12-09,205.0,81.0,1,532366,133091.5,True,Churned
INV000885,6,2024-02-25,2025-05-05,261.0,87.0,2,490097,81682.83333333333,True,Churned
INV000886,2,2024-06-03,2024-09-11,100.0,100.0,1,11730,5865.0,True,Churned
INV000887,11,2024-01-28,2025-03-09,238.0,40.6,2,1295495,117772.27272727272,True,Churned
INV000888,9,2024-01-27,2025-05-23,166.0,60.25,3,960900,106766.66666666667,True,Churned
INV000889,2,2024-04-09,2024-12-28,263.0,263.0,1,11646,5823.0,True,Churned
INV000890,7,2024-03-05,2024-11-20,108.0,43.333333333333336,3,816329,116618.42857142857,True,Churned
INV000891,9,2024-01-17,2025-04-01,116.0,55.0,5,1457730,161970.0,True,Churned
INV000892,6,2024-01-24,2025-02-12,171.0,77.0,3,634190,105698.33333333333,True,Churned
INV000893,9,2024-02-05,2025-02-02,147.0,45.375,3,420905,46767.22222222222,True,Churned
INV000894,12,2024-01-07,2025-04-30,181.0,43.54545454545455,4,1297722,108143.5,True,Churned
INV000895,8,2024-01-12,2025-04-01,142.0,63.57142857142857,5,1198583,149822.875,True,Churned
INV000896,2,2024-08-28,2025-02-17,173.0,173.0,1,17745,8872.5,True,Churned
INV000897,5,2024-07-03,2025-03-17,151.0,64.25,2,419887,83977.4,True,Churned
INV000898,3,2024-01-27,2024-12-20,323.0,164.0,1,328834,109611.33333333333,True,Churned
INV000899,3,2024-04-29,2025-04-06,260.0,171.0,2,548664,182888.0,True,Churned
INV000900,5,2024-03-31,2025-04-04,131.0,92.25,3,785351,157070.2,True,Churned
INV000901,7,2024-05-22,2025-02-17,95.0,45.166666666666664,4,390619,55802.71428571428,True,Churned
INV000902,10,2024-02-18,2025-03-12,96.0,43.111111111111114,4,1800066,180006.6,True,Churned
INV000903,1,2025-01-29,2025-01-29,,,0,180242,180242.0,False,New
INV000904,5,2024-01-30,2025-02-27,186.0,98.5,3,564657,112931.4,True,Churned
INV000905,1,2025-01-13,2025-01-13,,,0,51314,51314.0,False,New
INV000906,11,2024-01-28,2025-01-30,109.0,36.8,5,1852236,168385.0909090909,True,Churned
INV000907,9,2024-04-08,2025-02-26,115.0,40.5,4,820020,91113.33333333333,True,Churned
INV000908,5,2024-01-14,2024-09-27,145.0,64.25,3,62439,12487.8,True,Churned
INV000909,6,2024-03-18,2025-05-06,151.0,82.8,3,357946,59657.666666666664,True,Churned
INV000910,5,2024-05-16,2025-05-04,151.0,88.25,4,32402,6480.4,True,Churned
INV000911,1,2025-04-05,2025-04-05,,,0,49460,49460.0,False,New
INV000912,11,2024-03-08,2025-04-27,144.0,41.5,5,1244182,113107.45454545454,True,Churned
INV000913,7,2024-02-20,2025-05-23,211.0,76.33333333333333,3,1182416,168916.57142857142,True,Churned
INV000914,9,2024-01-31,2025-04-19,116.0,55.5,4,949217,105468.55555555556,True,Churned
INV000915,6,2024-01-25,2025-02-19,120.0,78.2,5,276789,46131.5,True,Churned
INV000916,1,2024-07-02,2024-07-02,,,0,21951,21951.0,False,New
INV000917,1,2024-09-16,2024-09-16,,,0,486108,486108.0,False,New
INV000918,3,2024-06-23,2025-04-22,247.0,151.5,2,26303,8767.666666666666,True,Churned
INV000919,7,2024-05-26,2025-05-12,204.0,58.5,2,1017387,145341.0,True,Churned
INV000920,9,2024-01-31,2025-02-12,140.0,47.25,4,1559465,173273.88888888888,True,Churned
INV000921,6,2024-02-02,2025-02-17,261.0,76.2,3,370966,61827.666666666664,True,Churned
INV000922,5,2024-04-25,2025-02-19,126.0,75.0,4,553691,110738.2,True,Churned
INV000923,1,2024-05-26,2024-05-26,,,0,437,437.0,False,New
INV000924,1,2024-02-06,2024-02-06,,,0,523,523.0,False,New
INV000925,8,2024-02-01,2025-03-24,202.0,59.57142857142857,3,1663871,207983.875,True,Churned
INV000926,8,2024-01-05,2025-02-08,111.0,57.142857142857146,4,627782,78472.75,True,Churned
INV000927,7,2024-10-02,2025-03-04,53.0,25.5,1,752905,107557.85714285714,True,At Risk
INV000928,2,2024-04-04,2024-04-13,9.0,9.0,0,126521,63260.5,False,Active
INV000929,10,2024-03-20,2025-03-12,104.0,39.666666666666664,4,1072648,107264.8,True,Churned
INV000930,12,2024-07-19,2025-04-08,75.0,23.90909090909091,3,1042110,86842.5,True,High Risk
INV000931,8,2024-06-13,2025-05-24,124.0,49.285714285714285,3,898949,112368.625,True,Churned
INV000932,2,2024-10-02,2025-05-29,239.0,239.0,1,513860,256930.0,True,Churned
INV000933,9,2024-02-03,2025-04-21,193.0,55.375,5,1524350,169372.22222222222,True,Churned
INV000934,3,2024-04-05,2024-08-03,61.0,60.0,2,28678,9559.333333333334,True,High Risk
INV000935,11,2024-02-12,2024-10-16,73.0,24.7,3,522699,47518.09090909091,True,High Risk
INV000936,1,2025-05-06,2025-05-06,,,0,8991,8991.0,False,New
INV000937,3,2024-03-12,2025-02-05,197.0,165.0,2,396875,132291.66666666666,True,Churned
INV000938,2,2024-07-14,2024-12-14,153.0,153.0,1,48318,24159.0,True,Churned
INV000939,11,2024-02-23,2025-05-18,93.0,45.0,5,974202,88563.81818181818,True,Churned
INV000940,4,2024-08-04,2025-05-15,139.0,94.66666666666667,3,710983,177745.75,True,Churned
INV000941,6,2024-02-03,2025-05-23,189.0,95.0,3,1113978,185663.0,True,Churned
INV000942,12,2024-03-09,2025-05-19,118.0,39.63636363636363,6,1464542,122045.16666666667,True,Churned
INV000943,4,2024-02-15,2025-03-09,210.0,129.33333333333334,3,1181258,295314.5,True,Churned
INV000944,6,2024-02-06,2025-01-13,265.0,68.4,2,530520,88420.0,True,Churned
INV000945,1,2024-10-09,2024-10-09,,,0,48475,48475.0,False,New
INV000946,6,2024-05-14,2025-03-10,117.0,60.0,3,778419,129736.5,True,Churned
INV000947,8,2024-01-03,2025-03-28,221.0,64.28571428571429,4,1462148,182768.5,True,Churned
INV000948,3,2024-09-01,2024-12-14,87.0,52.0,1,110726,36908.666666666664,True,High Risk
INV000949,11,2024-04-03,2025-05-13,120.0,40.5,5,775644,70513.09090909091,True,Churned
INV000950,11,2024-01-26,2025-05-26,189.0,48.6,4,1558452,141677.45454545456,True,Churned
INV000951,1,2024-08-23,2024-08-23,,,0,8549,8549.0,False,New
INV000952,1,2024-02-23,2024-02-23,,,0,36310,36310.0,False,New
INV000953,4,2024-04-05,2025-03-01,185.0,110.0,3,382629,95657.25,True,Churned
INV000954,10,2024-01-03,2025-05-24,116.0,56.333333333333336,5,1689229,168922.9,True,Churned
INV000955,5,2024-02-23,2025-04-27,267.0,107.25,3,738763,147752.6,True,Churned
INV000956,1,2025-05-01,2025-05-01,,,0,2686,2686.0,False,New
INV000957,8,2024-02-18,2025-02-20,122.0,52.57142857142857,4,1020188,127523.5,True,Churned
INV000958,6,2024-02-10,2025-05-08,208.0,90.6,3,508100,84683.33333333333,True,Churned
INV000959,9,2024-04-08,2025-04-04,163.0,45.125,4,708179,78686.55555555556,True,Churned
INV000960,9,2024-01-06,2025-05-07,150.0,60.875,5,2214559,246062.11111111112,True,Churned
INV000961,5,2024-01-15,2025-04-14,240.0,113.75,2,551873,110374.6,True,Churned
INV000962,8,2024-01-07,2025-02-13,133.0,57.57142857142857,4,839209,104901.125,True,Churned
INV000963,5,2024-03-07,2025-03-11,231.0,92.25,3,770370,154074.0,True,Churned
INV000964,5,2024-03-26,2025-04-22,217.0,98.0,3,221662,44332.4,True,Churned
INV000965,1,2025-03-01,2025-03-01,,,0,1111,1111.0,False,New
INV000966,12,2024-01-31,2025-04-06,106.0,39.18181818181818,5,2183184,181932.0,True,Churned
INV000967,2,2024-06-25,2024-08-11,47.0,47.0,1,8000,4000.0,True,At Risk
INV000968,9,2024-01-01,2025-01-24,286.0,48.625,3,2119830,235536.66666666666,True,Churned
INV000969,10,2024-03-05,2025-05-14,179.0,48.333333333333336,3,2006460,200646.0,True,Churned
INV000970,6,2024-07-01,2025-02-13,104.0,45.4,2,602790,100465.0,True,Churned
INV000971,12,2024-04-15,2025-05-16,115.0,36.0,5,1120635,93386.25,True,Churned
INV000972,11,2024-03-21,2025-04-06,107.0,38.1,4,1842193,167472.0909090909,True,Churned
INV000973,2,2025-01-23,2025-03-19,55.0,55.0,1,688973,344486.5,True,At Risk
INV000974,8,2024-01-06,2025-03-22,131.0,63.0,6,239255,29906.875,True,Churned
INV000975,2,2025-02-27,2025-04-12,44.0,44.0,1,293870,146935.0,True,At Risk
INV000976,2,2024-11-09,2025-02-17,100.0,100.0,1,162110,81055.0,True,Churned
INV000977,12,2024-01-13,2025-03-27,137.0,39.90909090909091,4,755476,62956.333333333336,True,Churned
INV000978,7,2024-02-04,2024-11-11,95.0,46.833333333333336,3,1299951,185707.2857142857,True,Churned
INV000979,8,2024-03-22,2025-05-12,115.0,59.42857142857143,5,978707,122338.375,True,Churned
INV000980,10,2024-04-06,2025-03-03,121.0,36.77777777777778,3,1027153,102715.3,True,Churned
INV000981,11,2024-07-21,2025-05-21,52.0,30.4,4,1054551,95868.27272727272,True,At Risk
INV000982,3,2024-12-25,2025-03-19,70.0,42.0,1,26825,8941.666666666666,True,High Risk
INV000983,4,2024-01-01,2024-10-10,198.0,94.33333333333333,2,23439,5859.75,True,Churned
INV000984,9,2024-01-27,2025-01-17,88.0,44.5,5,1347031,149670.11111111112,True,High Risk
INV000985,6,2024-05-28,2025-05-29,147.0,73.2,5,739086,123181.0,True,Churned
INV000986,9,2024-02-28,2025-02-27,182.0,45.625,2,656132,72903.55555555556,True,Churned
INV000987,4,2024-08-29,2025-02-22,117.0,59.0,2,300308,75077.0,True,Churned
INV000988,8,2024-01-12,2025-04-23,140.0,66.71428571428571,5,2330846,291355.75,True,Churned
INV000989,7,2024-01-11,2025-05-23,269.0,83.0,4,864229,123461.28571428571,True,Churned
INV000990,5,2024-02-12,2025-03-17,263.0,99.75,3,433868,86773.6,True,Churned
INV000991,2,2024-03-06,2024-08-22,169.0,169.0,1,360197,180098.5,True,Churned
INV000992,6,2024-01-16,2025-03-07,240.0,83.2,3,853932,142322.0,True,Churned
INV000993,1,2024-08-18,2024-08-18,,,0,7141,7141.0,False,New
INV000994,12,2024-01-19,2025-04-05,161.0,40.18181818181818,4,2035761,169646.75,True,Churned
INV000995,9,2024-08-08,2025-01-30,60.0,21.875,2,1596987,177443.0,True,At Risk
INV000996,2,2025-02-12,2025-03-14,30.0,30.0,0,604702,302351.0,False,Active
INV000997,8,2024-04-20,2025-05-11,131.0,55.142857142857146,4,1363625,170453.125,True,Churned
INV000998,4,2024-12-15,2025-05-22,113.0,52.666666666666664,2,16014,4003.5,True,Churned
INV000999,8,2024-02-08,2025-01-03,145.0,47.142857142857146,3,289680,36210.0,True,Churned
INV001000,2,2025-01-02,2025-01-18,16.0,16.0,0,273739,136869.5,False,Active
INV001001,12,2024-02-02,2025-04-23,137.0,40.54545454545455,4,1380742,115061.83333333333,True,Churned
INV001002,10,2024-01-27,2025-03-20,103.0,46.44444444444444,5,953094,95309.4,True,Churned
INV001003,4,2024-05-10,2024-12-09,106.0,71.0,2,358254,89563.5,True,Churned
INV001004,4,2024-04-17,2024-10-20,99.0,62.0,3,290317,72579.25,True,Churned
INV001005,11,2024-02-07,2025-05-20,117.0,46.8,5,1236328,112393.45454545454,True,Churned
INV001006,6,2024-01-07,2025-04-16,233.0,93.0,3,433107,72184.5,True,Churned
INV001007,2,2025-02-15,2025-04-08,52.0,52.0,1,433962,216981.0,True,At Risk
INV001008,9,2024-02-15,2025-03-10,191.0,48.625,3,908572,100952.44444444444,True,Churned
INV001009,10,2024-02-10,2025-02-25,125.0,42.333333333333336,4,1913376,191337.6,True,Churned
INV001010,1,2024-11-21,2024-11-21,,,0,1132,1132.0,False,New
INV001011,6,2024-01-08,2025-05-19,234.0,99.4,3,327812,54635.333333333336,True,Churned
INV001012,6,2024-07-07,2024-12-16,102.0,32.4,1,444416,74069.33333333333,True,Churned
INV001013,10,2024-01-09,2025-05-07,112.0,53.77777777777778,6,764906,76490.6,True,Churned
INV001014,7,2024-01-30,2025-05-10,182.0,77.66666666666667,5,964947,137849.57142857142,True,Churned
INV001015,6,2024-02-17,2024-08-15,77.0,36.0,2,1153900,192316.66666666666,True,High Risk
INV001016,4,2024-04-18,2025-03-24,199.0,113.33333333333333,2,416496,104124.0,True,Churned
INV001017,7,2024-01-02,2025-02-16,142.0,68.5,4,44739,6391.285714285715,True,Churned
INV001018,3,2024-10-14,2025-01-21,51.0,49.5,2,357998,119332.66666666667,True,At Risk
INV001019,11,2024-02-19,2025-02-12,160.0,35.9,4,776846,70622.36363636363,True,Churned
INV001020,7,2024-01-13,2024-12-01,156.0,53.833333333333336,2,1240270,177181.42857142858,True,Churned
INV001021,10,2024-01-08,2025-02-23,186.0,45.77777777777778,3,979623,97962.3,True,Churned
INV001022,5,2024-02-27,2025-01-09,217.0,79.25,2,765019,153003.8,True,Churned
INV001023,12,2024-01-01,2025-05-22,155.0,46.09090909090909,5,1269072,105756.0,True,Churned
INV001024,8,2024-04-24,2025-04-18,162.0,51.285714285714285,3,1427324,178415.5,True,Churned
INV001025,8,2024-06-15,2025-01-29,76.0,32.57142857142857,2,472529,59066.125,True,High Risk
INV001026,11,2024-02-04,2025-05-27,132.0,47.8,4,1227040,111549.09090909091,True,Churned
INV001027,8,2024-01-05,2025-05-13,149.0,70.57142857142857,5,951205,118900.625,True,Churned
INV001028,5,2024-03-20,2025-05-17,182.0,105.75,3,338350,67670.0,True,Churned
INV001029,11,2024-02-07,2025-05-21,158.0,46.9,5,1708716,155337.81818181818,True,Churned
INV001030,3,2024-02-21,2025-05-12,237.0,223.0,2,237077,79025.66666666667,True,Churned
INV001031,11,2024-01-30,2025-05-26,167.0,48.2,4,1465939,133267.18181818182,True,Churned
INV001032,1,2024-10-12,2024-10-12,,,0,2383,2383.0,False,New
INV001033,2,2024-06-29,2025-04-07,282.0,282.0,1,343482,171741.0,True,Churned
INV001034,7,2024-03-04,2025-04-23,119.0,69.16666666666667,4,1240015,177145.0,True,Churned
INV001035,1,2024-02-29,2024-02-29,,,0,7351,7351.0,False,New
INV001036,10,2024-01-07,2025-05-13,123.0,54.666666666666664,5,2342287,234228.7,True,Churned
INV001037,11,2024-02-26,2025-04-27,86.0,42.6,6,622872,56624.72727272727,True,High Risk
INV001038,5,2024-03-03,2025-03-30,250.0,98.0,2,949031,189806.2,True,Churned
INV001039,9,2024-02-18,2025-03-07,187.0,47.875,3,474045,52671.666666666664,True,Churned
INV001040,4,2024-06-13,2025-04-04,163.0,98.33333333333333,3,151917,37979.25,True,Churned
INV001041,8,2024-01-01,2025-05-13,159.0,71.14285714285714,4,242017,30252.125,True,Churned
INV001042,7,2024-06-05,2025-03-29,105.0,49.5,3,912117,130302.42857142857,True,Churned
INV001043,8,2024-01-06,2025-05-17,235.0,71.0,4,1142730,142841.25,True,Churned
INV001044,3,2024-02-15,2024-11-13,155.0,136.0,2,271162,90387.33333333333,True,Churned
INV001045,8,2024-01-17,2025-05-29,191.0,71.14285714285714,6,1192433,149054.125,True,Churned
INV001046,4,2024-03-24,2025-05-25,257.0,142.33333333333334,3,715657,178914.25,True,Churned
INV001047,10,2024-01-11,2025-05-26,142.0,55.666666666666664,6,1168558,116855.8,True,Churned
INV001048,12,2024-01-20,2025-02-11,75.0,35.27272727272727,5,1250094,104174.5,True,High Risk
INV001049,7,2024-01-26,2025-03-19,177.0,69.66666666666667,3,911787,130255.28571428571,True,Churned
INV001050,5,2024-04-07,2025-05-16,156.0,101.0,3,180543,36108.6,True,Churned
INV001051,11,2024-04-02,2025-04-16,127.0,37.9,4,659813,59983.0,True,Churned
INV001052,5,2024-02-04,2025-01-18,218.0,87.25,3,735942,147188.4,True,Churned
INV001053,10,2024-02-18,2025-05-28,116.0,51.666666666666664,5,775911,77591.1,True,Churned
INV001054,2,2024-05-19,2024-11-18,183.0,183.0,1,45726,22863.0,True,Churned
INV001055,10,2024-01-14,2025-04-24,166.0,51.77777777777778,5,392783,39278.3,True,Churned
INV001056,4,2024-02-18,2025-05-23,299.0,153.33333333333334,2,700296,175074.0,True,Churned
INV001057,4,2024-04-28,2025-03-20,120.0,108.66666666666667,3,820416,205104.0,True,Churned
INV001058,12,2024-01-06,2025-05-13,114.0,44.81818181818182,6,1520365,126697.08333333333,True,Churned
INV001059,4,2024-01-27,2025-03-16,197.0,138.0,3,165214,41303.5,True,Churned
INV001060,12,2024-01-19,2025-03-21,89.0,38.81818181818182,6,1189683,99140.25,True,High Risk
INV001061,11,2024-02-19,2025-04-03,104.0,40.9,5,868740,78976.36363636363,True,Churned
INV001062,7,2024-04-19,2025-02-28,146.0,52.5,3,1057845,151120.7142857143,True,Churned
INV001063,12,2024-02-17,2025-01-20,68.0,30.727272727272727,3,1538258,128188.16666666667,True,High Risk
INV001064,12,2024-01-09,2025-04-29,133.0,43.27272727272727,5,1029044,85753.66666666667,True,Churned
INV001065,5,2024-02-26,2025-02-08,173.0,87.0,3,183945,36789.0,True,Churned
INV001066,4,2024-01-11,2025-04-16,321.0,153.66666666666666,2,526301,131575.25,True,Churned
INV001067,10,2024-03-29,2025-04-08,112.0,41.666666666666664,5,2107329,210732.9,True,Churned
INV001068,6,2024-01-19,2025-05-29,261.0,99.2,4,405170,67528.33333333333,True,Churned
INV001069,11,2024-06-02,2025-05-20,98.0,35.2,3,1102645,100240.45454545454,True,Churned
INV001070,12,2024-01-05,2025-05-04,304.0,44.09090909090909,2,1508537,125711.41666666667,True,Churned
INV001071,4,2024-04-14,2025-04-23,325.0,124.66666666666667,1,529023,132255.75,True,Churned
INV001072,2,2025-01-12,2025-05-20,128.0,128.0,1,16885,8442.5,True,Churned
INV001073,3,2024-03-10,2024-03-24,14.0,7.0,0,3553,1184.3333333333333,False,Active
INV001074,8,2024-07-16,2025-05-25,119.0,44.714285714285715,2,985935,123241.875,True,Churned
INV001075,7,2024-05-15,2025-03-17,105.0,51.0,4,225389,32198.428571428572,True,Churned
INV001076,3,2024-07-04,2025-04-28,209.0,149.0,2,316923,105641.0,True,Churned
INV001077,9,2024-03-24,2025-04-02,149.0,46.75,3,1860639,206737.66666666666,True,Churned
INV001078,1,2024-09-17,2024-09-17,,,0,385272,385272.0,False,New
INV001079,11,2024-02-08,2025-05-14,144.0,46.1,4,1705293,155026.63636363635,True,Churned
INV001080,8,2024-05-18,2025-05-18,126.0,52.142857142857146,4,883238,110404.75,True,Churned
INV001081,6,2024-01-30,2025-02-28,278.0,79.0,2,1303407,217234.5,True,Churned
INV001082,4,2024-02-17,2025-01-23,209.0,113.66666666666667,3,55784,13946.0,True,Churned
INV001083,9,2024-05-30,2025-05-11,115.0,43.25,3,1432662,159184.66666666666,True,Churned
INV001084,1,2025-05-08,2025-05-08,,,0,404,404.0,False,New
INV001085,2,2024-02-18,2024-07-22,155.0,155.0,1,27438,13719.0,True,Churned
INV001086,3,2024-03-18,2024-10-17,112.0,106.5,2,432251,144083.66666666666,True,Churned
INV001087,7,2024-02-04,2025-02-19,175.0,63.5,3,639520,91360.0,True,Churned
INV001088,7,2024-02-17,2025-05-08,229.0,74.33333333333333,4,822832,117547.42857142857,True,Churned
INV001089,2,2024-12-10,2024-12-21,11.0,11.0,0,177377,88688.5,False,Active
INV001090,1,2024-06-17,2024-06-17,,,0,26171,26171.0,False,New
INV001091,6,2024-05-15,2025-05-09,138.0,71.8,4,667058,111176.33333333333,True,Churned
INV001092,12,2024-02-04,2025-05-13,165.0,42.18181818181818,5,813603,67800.25,True,Churned
INV001093,9,2024-01-24,2025-05-01,134.0,57.875,5,1847960,205328.88888888888,True,Churned
INV001094,7,2024-02-16,2025-05-26,145.0,77.5,4,1411482,201640.2857142857,True,Churned
INV001095,2,2024-06-20,2025-02-19,244.0,244.0,1,942,471.0,True,Churned
INV001096,10,2024-01-26,2025-05-07,189.0,51.888888888888886,4,1634590,163459.0,True,Churned
INV001097,2,2024-05-13,2024-07-10,58.0,58.0,1,711014,355507.0,True,At Risk
INV001098,1,2024-01-18,2024-01-18,,,0,230310,230310.0,False,New
INV001099,11,2024-04-12,2025-02-25,107.0,31.9,4,699467,63587.90909090909,True,Churned
INV001100,1,2024-07-11,2024-07-11,,,0,17779,17779.0,False,New
INV001101,6,2024-01-31,2025-04-02,189.0,85.4,5,343771,57295.166666666664,True,Churned
INV001102,10,2024-02-06,2025-05-07,124.0,50.666666666666664,7,1042743,104274.3,True,Churned
INV001103,8,2024-05-26,2025-04-24,104.0,47.57142857142857,3,1414303,176787.875,True,Churned
INV001104,3,2024-04-09,2025-02-15,306.0,156.0,1,522774,174258.0,True,Churned
INV001105,2,2024-01-09,2025-02-19,407.0,407.0,1,352547,176273.5,True,Churned
INV001106,5,2024-01-02,2025-04-30,300.0,121.0,3,498393,99678.6,True,Churned
INV001107,4,2024-07-13,2025-04-10,179.0,90.33333333333333,2,323336,80834.0,True,Churned
INV001108,4,2024-04-15,2025-04-05,199.0,118.33333333333333,3,197938,49484.5,True,Churned
INV001109,6,2024-01-08,2025-04-04,203.0,90.4,4,868370,144728.33333333334,True,Churned
INV001110,4,2024-06-20,2025-04-16,153.0,100.0,2,540679,135169.75,True,Churned
INV001111,6,2024-01-08,2025-05-05,157.0,96.6,4,1081586,180264.33333333334,True,Churned
INV001112,6,2024-07-22,2025-02-07,66.0,40.0,3,373668,62278.0,True,High Risk
INV001113,7,2024-04-25,2025-02-10,151.0,48.5,3,590265,84323.57142857143,True,Churned
INV001114,2,2024-02-07,2025-03-19,406.0,406.0,1,8323,4161.5,True,Churned
INV001115,10,2024-03-07,2025-04-23,230.0,45.77777777777778,3,1078154,107815.4,True,Churned
INV001116,12,2024-02-17,2025-05-27,194.0,42.27272727272727,5,908827,75735.58333333333,True,Churned
INV001117,9,2024-02-23,2025-04-30,137.0,54.0,5,342379,38042.11111111111,True,Churned
INV001118,10,2024-01-22,2025-04-07,137.0,49.0,5,1820012,182001.2,True,Churned
INV001119,4,2024-06-07,2025-04-30,197.0,109.0,2,422647,105661.75,True,Churned
INV001120,2,2024-05-31,2024-08-11,72.0,72.0,1,3684,1842.0,True,High Risk
INV001121,4,2024-06-03,2025-02-27,173.0,89.66666666666667,2,239666,59916.5,True,Churned
INV001122,3,2024-01-08,2025-05-24,309.0,251.0,2,100704,33568.0,True,Churned
INV001123,9,2024-02-27,2025-05-26,116.0,56.75,4,1145145,127238.33333333333,True,Churned
INV001124,7,2024-01-27,2025-05-19,138.0,79.66666666666667,4,1062260,151751.42857142858,True,Churned
INV001125,1,2025-03-26,2025-03-26,,,0,475935,475935.0,False,New
INV001126,3,2024-03-02,2024-08-07,135.0,79.0,1,428651,142883.66666666666,True,Churned
INV001127,4,2024-02-06,2025-04-29,259.0,149.33333333333334,3,888205,222051.25,True,Churned
INV001128,11,2024-01-04,2025-03-21,103.0,44.2,5,1749807,159073.36363636365,True,Churned
INV001129,1,2025-03-31,2025-03-31,,,0,489,489.0,False,New
INV001130,11,2024-02-03,2025-05-14,131.0,46.6,7,1789410,162673.63636363635,True,Churned
INV001131,10,2024-01-06,2025-05-05,141.0,53.888888888888886,4,1678699,167869.9,True,Churned
INV001132,1,2025-04-13,2025-04-13,,,0,6240,6240.0,False,New
INV001133,6,2024-05-23,2024-12-17,78.0,41.6,2,216651,36108.5,True,High Risk
INV001134,2,2024-04-05,2025-05-14,404.0,404.0,1,427044,213522.0,True,Churned
INV001135,1,2024-03-08,2024-03-08,,,0,509344,509344.0,False,New
INV001136,3,2024-09-28,2024-12-25,58.0,44.0,1,102185,34061.666666666664,True,At Risk
INV001137,11,2024-02-29,2025-02-06,79.0,34.3,4,1099731,99975.54545454546,True,High Risk
INV001138,9,2024-04-04,2025-05-13,82.0,50.5,5,1154361,128262.33333333333,True,High Risk
INV001139,3,2024-03-17,2025-05-17,325.0,213.0,2,128357,42785.666666666664,True,Churned
INV001140,8,2024-02-11,2025-03-13,125.0,56.57142857142857,3,821914,102739.25,True,Churned
INV001141,8,2024-01-27,2025-05-29,132.0,69.71428571428571,5,442649,55331.125,True,Churned
INV001142,9,2024-04-27,2025-05-28,106.0,49.5,4,832468,92496.44444444444,True,Churned
INV001143,3,2024-01-24,2024-07-12,146.0,85.0,1,66110,22036.666666666668,True,Churned
INV001144,6,2024-06-29,2025-05-17,173.0,64.4,3,837164,139527.33333333334,True,Churned
INV001145,3,2025-03-08,2025-04-23,39.0,23.0,1,51076,17025.333333333332,True,At Risk
INV001146,1,2024-12-15,2024-12-15,,,0,16166,16166.0,False,New
INV001147,5,2024-07-17,2025-01-31,82.0,49.5,2,1739844,347968.8,True,High Risk
INV001148,3,2024-06-20,2024-12-07,151.0,85.0,1,50180,16726.666666666668,True,Churned
INV001149,4,2024-05-06,2025-05-17,276.0,125.33333333333333,2,343832,85958.0,True,Churned
INV001150,4,2024-02-12,2024-11-01,228.0,87.66666666666667,1,478533,119633.25,True,Churned
INV001151,3,2024-02-10,2025-03-27,302.0,205.5,2,6205,2068.3333333333335,True,Churned
INV001152,6,2024-05-13,2025-01-01,122.0,46.6,2,543987,90664.5,True,Churned
INV001153,1,2024-02-14,2024-02-14,,,0,55472,55472.0,False,New
INV001154,5,2024-01-19,2025-05-30,204.0,124.25,3,392576,78515.2,True,Churned
INV001155,8,2024-01-18,2025-05-16,196.0,69.14285714285714,4,728735,91091.875,True,Churned
INV001156,10,2024-01-02,2025-05-28,160.0,56.888888888888886,5,1067246,106724.6,True,Churned
INV001157,12,2024-03-13,2025-03-18,97.0,33.63636363636363,4,1516231,126352.58333333333,True,Churned
INV001158,5,2024-02-26,2025-05-19,158.0,112.0,4,325117,65023.4,True,Churned
INV001159,3,2024-04-18,2025-05-18,351.0,197.5,2,504674,168224.66666666666,True,Churned
INV001160,9,2024-03-14,2025-05-10,99.0,52.75,6,363546,40394.0,True,Churned
INV001161,8,2024-01-23,2025-03-01,133.0,57.57142857142857,5,640986,80123.25,True,Churned
INV001162,2,2024-07-11,2025-05-08,301.0,301.0,1,456885,228442.5,True,Churned
INV001163,12,2024-01-30,2025-05-23,146.0,43.54545454545455,4,1588110,132342.5,True,Churned
INV001164,4,2024-03-23,2025-03-10,150.0,117.33333333333333,3,491364,122841.0,True,Churned
INV001165,7,2024-06-15,2025-05-26,103.0,57.5,5,592935,84705.0,True,Churned
INV001166,9,2024-02-17,2025-04-24,148.0,54.0,5,1094724,121636.0,True,Churned
INV001167,6,2024-01-03,2025-04-28,207.0,96.2,3,78024,13004.0,True,Churned
INV001168,7,2024-02-09,2025-05-11,161.0,76.16666666666667,5,796354,113764.85714285714,True,Churned
INV001169,4,2024-01-19,2025-04-15,272.0,150.66666666666666,3,562234,140558.5,True,Churned
INV001170,9,2024-01-11,2025-02-07,119.0,49.125,4,991974,110219.33333333333,True,Churned
INV001171,4,2024-03-17,2024-12-18,123.0,92.0,3,11772,2943.0,True,Churned
INV001172,4,2024-03-14,2025-05-06,310.0,139.33333333333334,2,825781,206445.25,True,Churned
INV001173,7,2024-05-28,2025-04-28,146.0,55.833333333333336,3,344360,49194.28571428572,True,Churned
INV001174,9,2024-01-02,2025-04-16,115.0,58.75,6,894260,99362.22222222222,True,Churned
INV001175,7,2024-01-20,2025-05-06,116.0,78.66666666666667,5,274311,39187.28571428572,True,Churned
INV001176,3,2025-02-22,2025-05-14,72.0,40.5,1,324837,108279.0,True,High Risk
INV001177,1,2024-08-01,2024-08-01,,,0,2180,2180.0,False,New
INV001178,12,2024-01-31,2025-05-24,83.0,43.54545454545455,7,1246210,103850.83333333333,True,High Risk
INV001179,3,2024-04-20,2024-12-06,207.0,115.0,1,89700,29900.0,True,Churned
INV001180,8,2024-01-29,2025-04-06,112.0,61.857142857142854,5,526455,65806.875,True,Churned
INV001181,9,2024-02-12,2025-05-29,118.0,59.0,5,134072,14896.888888888889,True,Churned
INV001182,6,2024-02-29,2025-02-18,153.0,71.0,2,1179501,196583.5,True,Churned
INV001183,6,2024-03-27,2024-12-31,145.0,55.8,2,28438,4739.666666666667,True,Churned
INV001184,1,2025-04-22,2025-04-22,,,0,1000,1000.0,False,New
INV001185,9,2024-04-13,2025-05-19,101.0,50.125,4,1393881,154875.66666666666,True,Churned
INV001186,8,2024-05-06,2025-03-14,118.0,44.57142857142857,3,1106321,138290.125,True,Churned
INV001187,1,2024-10-29,2024-10-29,,,0,4672,4672.0,False,New
INV001188,3,2024-01-27,2024-04-06,49.0,35.0,1,622693,207564.33333333334,True,At Risk
INV001189,8,2024-01-19,2024-12-10,71.0,46.57142857142857,5,504396,63049.5,True,High Risk
INV001190,7,2024-01-04,2025-05-03,198.0,80.83333333333333,4,94585,13512.142857142857,True,Churned
INV001191,4,2024-01-26,2024-09-20,127.0,79.33333333333333,3,482545,120636.25,True,Churned
INV001192,6,2024-03-29,2025-05-10,143.0,81.4,5,729193,121532.16666666667,True,Churned
INV001193,4,2024-10-07,2025-03-19,100.0,54.333333333333336,2,27526,6881.5,True,Churned
INV001194,4,2024-04-05,2024-12-02,159.0,80.33333333333333,2,340950,85237.5,True,Churned
INV001195,12,2024-03-16,2025-03-28,154.0,34.27272727272727,3,1079726,89977.16666666667,True,Churned
INV001196,6,2024-02-20,2025-05-26,169.0,92.2,4,61840,10306.666666666666,True,Churned
INV001197,9,2024-04-12,2025-05-16,140.0,49.875,3,1441251,160139.0,True,Churned
INV001198,11,2024-01-16,2025-05-14,123.0,48.4,6,1618856,147168.72727272726,True,Churned
INV001199,3,2024-01-30,2025-03-26,278.0,210.5,2,448046,149348.66666666666,True,Churned
INV001200,2,2024-05-09,2025-04-28,354.0,354.0,1,3813,1906.5,True,Churned
INV001201,1,2024-08-08,2024-08-08,,,0,558,558.0,False,New
INV001202,9,2024-04-09,2025-05-20,103.0,50.75,5,440185,48909.444444444445,True,Churned
INV001203,2,2024-07-03,2025-02-13,225.0,225.0,1,14436,7218.0,True,Churned
INV001204,7,2024-02-18,2025-05-18,165.0,75.83333333333333,4,1241205,177315.0,True,Churned
INV001205,3,2024-01-11,2024-06-26,98.0,83.5,2,784040,261346.66666666666,True,Churned
INV001206,12,2024-04-05,2025-05-28,116.0,38.0,4,1227118,102259.83333333333,True,Churned
INV001207,7,2024-02-07,2024-12-08,166.0,50.833333333333336,3,444746,63535.142857142855,True,Churned
INV001208,10,2024-03-05,2025-02-04,94.0,37.333333333333336,4,737828,73782.8,True,Churned
INV001209,5,2024-04-23,2024-10-09,79.0,42.25,2,537836,107567.2,True,High Risk
INV001210,12,2024-03-04,2024-12-24,93.0,26.818181818181817,3,1159680,96640.0,True,Churned
INV001211,3,2024-03-21,2025-04-20,346.0,197.5,2,264378,88126.0,True,Churned
INV001212,8,2024-04-26,2025-03-08,119.0,45.142857142857146,3,753021,94127.625,True,Churned
INV001213,10,2024-01-30,2025-05-29,120.0,53.888888888888886,5,1460473,146047.3,True,Churned
INV001214,4,2024-05-20,2025-04-22,196.0,112.33333333333333,2,336702,84175.5,True,Churned
INV001215,6,2024-01-30,2025-05-29,293.0,97.0,4,524444,87407.33333333333,True,Churned
INV001216,3,2024-05-02,2025-04-29,242.0,181.0,2,378089,126029.66666666667,True,Churned
INV001217,12,2024-02-20,2025-04-25,148.0,39.09090909090909,5,565416,47118.0,True,Churned
INV001218,9,2024-04-07,2025-05-06,139.0,49.25,3,957312,106368.0,True,Churned
INV001219,11,2024-03-04,2025-03-08,118.0,36.9,4,1193669,108515.36363636363,True,Churned
INV001220,9,2024-01-08,2025-04-15,104.0,57.875,5,136527,15169.666666666666,True,Churned
INV001221,8,2024-02-02,2025-04-29,172.0,64.57142857142857,5,1294362,161795.25,True,Churned
INV001222,6,2024-03-01,2025-02-07,189.0,68.6,2,185250,30875.0,True,Churned
INV001223,11,2024-01-27,2025-03-27,94.0,42.5,6,1509905,137264.0909090909,True,Churned
INV001224,8,2024-08-12,2025-05-23,103.0,40.57142857142857,3,504018,63002.25,True,Churned
INV001225,9,2024-03-07,2025-05-06,125.0,53.125,6,865663,96184.77777777778,True,Churned
INV001226,3,2024-03-22,2025-01-30,313.0,157.0,1,658856,219618.66666666666,True,Churned
INV001227,11,2024-04-03,2025-05-05,104.0,39.7,6,1680107,152737.0,True,Churned
INV001228,12,2024-01-09,2025-04-28,140.0,43.18181818181818,6,2057823,171485.25,True,Churned
INV001229,3,2024-04-19,2025-02-05,189.0,146.0,2,241524,80508.0,True,Churned
INV001230,4,2024-02-29,2024-07-11,104.0,44.333333333333336,1,73314,18328.5,True,Churned
INV001231,1,2024-12-13,2024-12-13,,,0,2826,2826.0,False,New
INV001232,6,2024-01-13,2025-03-27,184.0,87.8,3,1075943,179323.83333333334,True,Churned
INV001233,7,2024-05-28,2025-04-26,135.0,55.5,3,1150673,164381.85714285713,True,Churned
INV001234,12,2024-01-27,2025-04-19,119.0,40.72727272727273,4,1438153,119846.08333333333,True,Churned
INV001235,11,2024-02-03,2025-05-20,100.0,47.2,5,380606,34600.545454545456,True,Churned
INV001236,7,2024-02-02,2025-04-17,153.0,73.33333333333333,3,1160790,165827.14285714287,True,Churned
INV001237,7,2024-01-18,2025-05-22,182.0,81.66666666666667,4,260077,37153.857142857145,True,Churned
INV001238,12,2024-03-27,2025-05-12,150.0,37.36363636363637,4,1448829,120735.75,True,Churned
INV001239,1,2025-03-21,2025-03-21,,,0,2731,2731.0,False,New
INV001240,2,2024-06-29,2024-12-22,176.0,176.0,1,334700,167350.0,True,Churned
INV001241,6,2024-11-14,2025-04-28,76.0,33.0,2,210033,35005.5,True,High Risk
INV001242,10,2024-01-19,2025-03-20,93.0,47.333333333333336,5,924637,92463.7,True,Churned
INV001243,1,2024-07-12,2024-07-12,,,0,25235,25235.0,False,New
INV001244,6,2024-09-06,2025-02-24,77.0,34.2,1,233306,38884.333333333336,True,High Risk
INV001245,5,2024-03-06,2025-01-23,224.0,80.75,2,1205678,241135.6,True,Churned
INV001246,6,2024-01-14,2025-02-17,184.0,80.0,2,1149271,191545.16666666666,True,Churned
INV001247,7,2024-07-07,2025-03-30,139.0,44.333333333333336,2,510373,72910.42857142857,True,Churned
INV001248,1,2024-08-07,2024-08-07,,,0,40902,40902.0,False,New
INV001249,6,2024-05-27,2025-05-20,105.0,71.6,4,366051,61008.5,True,Churned
INV001250,6,2024-03-30,2025-05-15,181.0,82.2,5,1382160,230360.0,True,Churned
INV001251,9,2024-01-18,2025-03-27,223.0,54.25,3,941320,104591.11111111111,True,Churned
INV001252,1,2024-01-14,2024-01-14,,,0,53866,53866.0,False,New
INV001253,1,2025-05-11,2025-05-11,,,0,493973,493973.0,False,New
INV001254,5,2024-01-24,2025-03-31,186.0,108.0,3,991356,198271.2,True,Churned
INV001255,6,2024-04-27,2025-04-16,161.0,70.8,2,607995,101332.5,True,Churned
INV001256,4,2024-02-21,2025-04-06,308.0,136.66666666666666,2,183984,45996.0,True,Churned
INV001257,10,2024-02-13,2025-05-30,166.0,52.44444444444444,3,1348149,134814.9,True,Churned
INV001258,2,2024-07-31,2024-09-27,58.0,58.0,1,16526,8263.0,True,At Risk
INV001259,12,2024-01-09,2025-05-05,213.0,43.81818181818182,3,1768330,147360.83333333334,True,Churned
INV001260,7,2024-04-10,2025-05-25,163.0,68.33333333333333,5,588549,84078.42857142857,True,Churned
INV001261,7,2024-02-29,2025-01-27,89.0,55.5,4,1041091,148727.2857142857,True,High Risk
INV001262,8,2024-04-10,2025-04-01,116.0,50.857142857142854,4,452322,56540.25,True,Churned
INV001263,3,2024-07-02,2025-04-20,153.0,146.0,2,527595,175865.0,True,Churned
INV001264,8,2024-02-06,2024-12-16,87.0,44.857142857142854,4,907868,113483.5,True,High Risk
INV001265,7,2024-04-15,2025-03-26,217.0,57.5,2,674769,96395.57142857143,True,Churned
INV001266,2,2024-03-31,2025-04-28,393.0,393.0,1,543966,271983.0,True,Churned
INV001267,2,2024-06-30,2025-04-19,293.0,293.0,1,11428,5714.0,True,Churned
INV001268,1,2024-12-02,2024-12-02,,,0,27614,27614.0,False,New
INV001269,10,2024-01-05,2025-05-27,107.0,56.44444444444444,7,1775128,177512.8,True,Churned
INV001270,3,2024-04-25,2024-05-24,18.0,14.5,0,416407,138802.33333333334,False,Active
INV001271,4,2024-06-10,2025-04-28,140.0,107.33333333333333,3,17025,4256.25,True,Churned
INV001272,2,2024-10-09,2025-03-06,148.0,148.0,1,636978,318489.0,True,Churned
INV001273,5,2024-02-17,2025-05-02,308.0,110.0,2,465895,93179.0,True,Churned
INV001274,12,2024-01-07,2025-05-20,141.0,45.36363636363637,6,1095622,91301.83333333333,True,Churned
INV001275,12,2024-02-11,2025-04-15,99.0,39.0,5,860203,71683.58333333333,True,Churned
INV001276,4,2024-03-03,2025-03-01,226.0,121.0,3,233524,58381.0,True,Churned
INV001277,2,2024-02-22,2025-04-17,420.0,420.0,1,26831,13415.5,True,Churned
INV001278,1,2024-11-26,2024-11-26,,,0,531788,531788.0,False,New
INV001279,5,2024-02-02,2025-05-30,417.0,120.75,1,101615,20323.0,True,Churned
INV001280,6,2024-03-07,2025-04-29,169.0,83.6,4,1606014,267669.0,True,Churned
INV001281,6,2024-02-04,2025-04-23,291.0,88.8,3,474513,79085.5,True,Churned
INV001282,8,2024-04-30,2025-05-19,119.0,54.857142857142854,5,558050,69756.25,True,Churned
INV001283,1,2024-01-06,2024-01-06,,,0,33527,33527.0,False,New
INV001284,11,2024-01-02,2025-05-22,124.0,50.6,6,2165725,196884.0909090909,True,Churned
INV001285,2,2024-05-26,2024-05-28,2.0,2.0,0,82141,41070.5,False,Active
INV001286,3,2025-03-09,2025-04-18,26.0,20.0,0,61766,20588.666666666668,False,Active
INV001287,9,2024-01-09,2025-04-14,116.0,57.625,6,554160,61573.333333333336,True,Churned
INV001288,8,2024-04-08,2025-01-07,148.0,39.142857142857146,3,526576,65822.0,True,Churned
INV001289,3,2024-03-26,2025-03-03,221.0,171.0,2,70123,23374.333333333332,True,Churned
INV001290,2,2024-03-07,2024-12-26,294.0,294.0,1,5446,2723.0,True,Churned
INV001291,7,2024-03-27,2025-04-12,181.0,63.5,4,349638,49948.28571428572,True,Churned
INV001292,2,2024-06-26,2024-10-20,116.0,116.0,1,15584,7792.0,True,Churned
INV001293,1,2025-04-25,2025-04-25,,,0,416560,416560.0,False,New
INV001294,1,2024-07-04,2024-07-04,,,0,8375,8375.0,False,New
INV001295,10,2024-01-05,2025-02-14,165.0,45.111111111111114,3,96957,9695.7,True,Churned
INV001296,2,2024-06-06,2025-05-21,349.0,349.0,1,101296,50648.0,True,Churned
INV001297,2,2024-05-26,2025-01-28,247.0,247.0,1,11668,5834.0,True,Churned
INV001298,11,2024-03-14,2025-05-19,113.0,43.1,4,1031434,93766.72727272728,True,Churned
INV001299,12,2024-02-26,2025-05-15,101.0,40.36363636363637,4,1052497,87708.08333333333,True,Churned
INV001300,7,2024-01-14,2025-04-08,127.0,75.0,4,1109365,158480.7142857143,True,Churned
INV001301,4,2024-05-30,2025-01-29,232.0,81.33333333333333,1,862092,215523.0,True,Churned
INV001302,1,2024-11-09,2024-11-09,,,0,548,548.0,False,New
INV001303,2,2024-06-13,2025-01-08,209.0,209.0,1,638624,319312.0,True,Churned
INV001304,12,2024-01-06,2025-05-08,114.0,44.36363636363637,6,899956,74996.33333333333,True,Churned
INV001305,2,2024-07-23,2024-09-03,42.0,42.0,1,14153,7076.5,True,At Risk
INV001306,2,2024-08-25,2024-11-25,92.0,92.0,1,44975,22487.5,True,Churned
INV001307,3,2024-05-24,2025-03-24,301.0,152.0,1,585556,195185.33333333334,True,Churned
INV001308,12,2024-01-29,2025-05-01,147.0,41.63636363636363,5,883015,73584.58333333333,True,Churned
INV001309,1,2024-12-11,2024-12-11,,,0,10544,10544.0,False,New
INV001310,8,2024-02-03,2025-03-15,180.0,58.0,5,165265,20658.125,True,Churned
INV001311,4,2024-01-07,2025-04-05,192.0,151.33333333333334,3,96628,24157.0,True,Churned
INV001312,11,2024-02-14,2025-04-26,108.0,43.7,4,990125,90011.36363636363,True,Churned
INV001313,4,2024-01-19,2025-01-30,163.0,125.66666666666667,3,489686,122421.5,True,Churned
INV001314,10,2024-02-03,2025-05-02,130.0,50.44444444444444,5,196028,19602.8,True,Churned
INV001315,10,2024-01-23,2025-04-07,124.0,48.888888888888886,3,1043647,104364.7,True,Churned
INV001316,10,2024-02-05,2025-05-12,166.0,51.333333333333336,4,920375,92037.5,True,Churned
INV001317,11,2024-01-24,2025-03-23,96.0,42.4,4,946676,86061.45454545454,True,Churned
INV001318,11,2024-01-27,2025-03-18,150.0,41.6,4,214330,19484.545454545456,True,Churned
INV001319,8,2024-08-15,2025-04-07,76.0,33.57142857142857,3,1195460,149432.5,True,High Risk
INV001320,11,2024-02-01,2025-04-28,163.0,45.2,4,1702564,154778.54545454544,True,Churned
INV001321,7,2024-02-26,2025-05-26,129.0,75.83333333333333,4,341346,48763.71428571428,True,Churned
INV001322,7,2024-01-15,2025-05-14,136.0,80.83333333333333,5,819585,117083.57142857143,True,Churned
INV001323,1,2025-04-12,2025-04-12,,,0,17888,17888.0,False,New
INV001324,2,2025-02-18,2025-03-24,34.0,34.0,0,435828,217914.0,False,Active
INV001325,7,2024-01-18,2025-05-27,174.0,82.5,4,1011033,144433.2857142857,True,Churned
INV001326,12,2024-01-29,2025-05-29,182.0,44.18181818181818,5,612770,51064.166666666664,True,Churned
INV001327,2,2024-01-07,2025-05-22,501.0,501.0,1,358422,179211.0,True,Churned
INV001328,5,2024-01-02,2024-10-07,208.0,69.75,2,1035586,207117.2,True,Churned
INV001329,10,2024-03-22,2025-05-18,97.0,46.888888888888886,5,714494,71449.4,True,Churned
INV001330,5,2024-06-26,2025-04-30,94.0,77.0,4,483138,96627.6,True,Churned
INV001331,10,2024-01-04,2025-04-23,100.0,52.77777777777778,7,310811,31081.1,True,Churned
INV001332,9,2024-02-03,2025-05-28,168.0,60.0,4,295642,32849.11111111111,True,Churned
INV001333,12,2024-01-08,2025-05-23,185.0,45.54545454545455,3,789220,65768.33333333333,True,Churned
INV001334,10,2024-02-24,2025-05-22,112.0,50.333333333333336,6,1354227,135422.7,True,Churned
INV001335,2,2024-05-24,2024-12-19,209.0,209.0,1,526633,263316.5,True,Churned
INV001336,9,2024-02-10,2025-05-16,198.0,57.625,5,259351,28816.777777777777,True,Churned
INV001337,5,2024-03-06,2024-11-15,167.0,63.5,3,395450,79090.0,True,Churned
INV001338,2,2024-05-07,2024-10-19,165.0,165.0,1,420259,210129.5,True,Churned
INV001339,1,2025-04-04,2025-04-04,,,0,2734,2734.0,False,New
INV001340,3,2024-02-12,2025-03-28,287.0,205.0,2,284122,94707.33333333333,True,Churned
INV001341,5,2024-02-10,2025-03-10,202.0,98.5,3,551633,110326.6,True,Churned
INV001342,9,2024-02-26,2025-05-05,255.0,54.25,3,964237,107137.44444444444,True,Churned
INV001343,6,2024-02-28,2024-12-04,88.0,56.0,3,686341,114390.16666666667,True,High Risk
INV001344,3,2024-03-12,2025-01-09,225.0,151.5,2,459599,153199.66666666666,True,Churned
INV001345,8,2024-02-10,2025-05-10,157.0,65.0,5,1391026,173878.25,True,Churned
INV001346,7,2024-01-29,2025-05-02,205.0,76.5,3,763232,109033.14285714286,True,Churned
INV001347,2,2024-05-08,2025-01-28,265.0,265.0,1,5374,2687.0,True,Churned
INV001348,11,2024-03-07,2025-04-20,121.0,40.9,3,1200049,109095.36363636363,True,Churned
INV001349,3,2024-06-22,2024-10-31,87.0,65.5,2,467672,155890.66666666666,True,High Risk
INV001350,8,2024-01-03,2025-05-15,287.0,71.14285714285714,4,893495,111686.875,True,Churned
INV001351,12,2024-01-26,2025-04-20,144.0,40.90909090909091,3,1224042,102003.5,True,Churned
INV001352,6,2024-03-11,2025-01-29,139.0,64.8,2,193086,32181.0,True,Churned
INV001353,7,2024-04-19,2025-03-29,134.0,57.333333333333336,5,424525,60646.42857142857,True,Churned
INV001354,9,2024-01-21,2025-03-21,150.0,53.125,4,963214,107023.77777777778,True,Churned
INV001355,11,2024-02-23,2025-03-31,128.0,40.2,4,1566988,142453.45454545456,True,Churned
INV001356,11,2024-03-05,2025-04-05,109.0,39.6,5,998538,90776.18181818182,True,Churned
INV001357,5,2024-07-06,2024-12-13,92.0,40.0,2,509124,101824.8,True,Churned
INV001358,1,2024-02-15,2024-02-15,,,0,3401,3401.0,False,New
INV001359,9,2024-03-10,2025-05-19,143.0,54.375,3,526533,58503.666666666664,True,Churned
INV001360,1,2024-09-15,2024-09-15,,,0,8637,8637.0,False,New
INV001361,9,2024-01-28,2024-11-26,93.0,37.875,4,791103,87900.33333333333,True,Churned
INV001362,4,2024-06-06,2024-08-04,37.0,19.666666666666668,1,543937,135984.25,True,At Risk
INV001363,7,2024-01-07,2024-11-06,125.0,50.666666666666664,3,493071,70438.71428571429,True,Churned
INV001364,2,2024-01-23,2024-05-28,126.0,126.0,1,545191,272595.5,True,Churned
INV001365,4,2024-01-14,2024-08-07,105.0,68.66666666666667,2,401179,100294.75,True,Churned
INV001366,9,2024-03-18,2025-05-27,98.0,54.375,5,671758,74639.77777777778,True,Churned
INV001367,7,2024-01-03,2025-05-12,222.0,82.5,4,153434,21919.14285714286,True,Churned
INV001368,3,2024-04-27,2024-07-04,42.0,34.0,1,301863,100621.0,True,At Risk
INV001369,9,2024-03-31,2025-05-10,131.0,50.625,4,1305360,145040.0,True,Churned
INV001370,7,2024-01-23,2025-05-23,164.0,81.0,5,503643,71949.0,True,Churned
INV001371,4,2024-08-15,2025-03-31,120.0,76.0,3,839040,209760.0,True,Churned
INV001372,4,2024-02-28,2025-02-23,199.0,120.33333333333333,2,236898,59224.5,True,Churned
INV001373,4,2024-07-25,2025-04-15,154.0,88.0,2,288818,72204.5,True,Churned
INV001374,7,2024-06-19,2025-05-20,101.0,55.833333333333336,4,1077081,153868.7142857143,True,Churned
INV001375,12,2024-01-12,2025-05-20,176.0,44.90909090909091,5,929873,77489.41666666667,True,Churned
INV001376,7,2024-01-15,2025-05-01,181.0,78.66666666666667,3,66059,9437.0,True,Churned
INV001377,8,2024-02-06,2025-05-07,113.0,65.14285714285714,4,1175557,146944.625,True,Churned
INV001378,6,2024-03-25,2025-04-25,128.0,79.2,5,1441757,240292.83333333334,True,Churned
INV001379,7,2024-01-22,2024-11-07,74.0,48.333333333333336,4,1346658,192379.7142857143,True,High Risk
INV001380,2,2024-08-31,2024-12-14,105.0,105.0,1,357230,178615.0,True,Churned
INV001381,1,2024-06-22,2024-06-22,,,0,91078,91078.0,False,New
INV001382,4,2024-05-11,2025-03-10,201.0,101.0,2,20674,5168.5,True,Churned
INV001383,10,2024-02-26,2025-03-28,117.0,44.0,6,883415,88341.5,True,Churned
INV001384,10,2024-02-28,2025-03-26,149.0,43.55555555555556,3,1646358,164635.8,True,Churned
INV001385,5,2024-01-08,2025-04-25,305.0,118.25,2,340160,68032.0,True,Churned
INV001386,7,2024-01-31,2024-12-07,133.0,51.833333333333336,3,987951,141135.85714285713,True,Churned
INV001387,9,2024-02-01,2025-05-04,130.0,57.25,5,111470,12385.555555555555,True,Churned
INV001388,6,2024-05-04,2025-04-22,124.0,70.6,4,754939,125823.16666666667,True,Churned
INV001389,6,2024-02-22,2025-05-02,158.0,87.0,4,1267006,211167.66666666666,True,Churned
INV001390,6,2024-02-02,2025-03-18,201.0,82.0,3,566837,94472.83333333333,True,Churned
INV001391,8,2024-01-31,2025-05-26,177.0,68.71428571428571,4,1427142,178392.75,True,Churned
INV001392,8,2024-05-12,2025-05-11,99.0,52.0,3,1242899,155362.375,True,Churned
INV001393,3,2024-09-15,2025-04-11,181.0,104.0,1,134275,44758.333333333336,True,Churned
INV001394,9,2024-02-06,2025-04-26,136.0,55.625,3,298786,33198.444444444445,True,Churned
INV001395,8,2024-04-01,2025-04-28,151.0,56.0,3,1043484,130435.5,True,Churned
INV001396,5,2024-02-26,2025-04-02,169.0,100.25,4,914167,182833.4,True,Churned
INV001397,11,2024-01-14,2025-05-09,124.0,48.1,6,1523232,138475.63636363635,True,Churned
INV001398,11,2024-01-10,2025-04-09,131.0,45.5,5,1337654,121604.90909090909,True,Churned
INV001399,7,2024-03-12,2025-03-21,160.0,62.333333333333336,3,413350,59050.0,True,Churned
INV001400,11,2024-01-01,2025-01-19,122.0,38.4,3,1453464,132133.0909090909,True,Churned
INV001401,10,2024-04-15,2025-03-24,102.0,38.111111111111114,5,949269,94926.9,True,Churned
INV001402,9,2024-01-19,2025-05-26,151.0,61.625,5,1624904,180544.88888888888,True,Churned
INV001403,2,2025-03-05,2025-04-28,54.0,54.0,1,220213,110106.5,True,At Risk
INV001404,4,2024-01-13,2024-12-01,129.0,107.66666666666667,3,458780,114695.0,True,Churned
INV001405,4,2024-04-14,2025-05-10,288.0,130.33333333333334,3,74645,18661.25,True,Churned
INV001406,12,2024-03-12,2025-05-15,128.0,39.0,4,584791,48732.583333333336,True,Churned
INV001407,10,2024-01-08,2024-12-29,116.0,39.55555555555556,2,1024262,102426.2,True,Churned
INV001408,3,2024-07-09,2024-09-21,46.0,37.0,1,462278,154092.66666666666,True,At Risk
INV001409,7,2024-10-15,2025-04-27,60.0,32.333333333333336,3,1116042,159434.57142857142,True,At Risk
INV001410,8,2024-01-09,2025-03-11,118.0,61.0,4,606043,75755.375,True,Churned
INV001411,8,2024-01-03,2025-04-03,151.0,65.14285714285714,3,628481,78560.125,True,Churned
INV001412,3,2024-08-04,2024-12-23,81.0,70.5,2,309678,103226.0,True,High Risk
INV001413,8,2024-03-15,2025-04-11,125.0,56.0,4,790868,98858.5,True,Churned
INV001414,2,2024-02-27,2024-12-16,293.0,293.0,1,166095,83047.5,True,Churned
INV001415,10,2024-01-17,2025-05-08,173.0,53.0,5,579638,57963.8,True,Churned
INV001416,2,2024-04-02,2025-01-30,303.0,303.0,1,66259,33129.5,True,Churned
INV001417,5,2024-03-09,2025-02-24,128.0,88.0,4,753778,150755.6,True,Churned
INV001418,9,2024-01-13,2025-04-18,187.0,57.625,3,1018286,113142.88888888889,True,Churned
INV001419,8,2024-01-11,2025-03-15,110.0,61.285714285714285,5,287969,35996.125,True,Churned
INV001420,5,2024-01-29,2025-02-15,172.0,95.75,3,566736,113347.2,True,Churned
INV001421,8,2024-03-12,2025-05-28,164.0,63.142857142857146,4,711652,88956.5,True,Churned
INV001422,5,2024-01-22,2025-02-20,296.0,98.75,3,206779,41355.8,True,Churned
INV001423,11,2024-02-03,2025-01-08,89.0,34.0,5,805166,73196.90909090909,True,High Risk
INV001424,6,2024-01-18,2025-04-27,156.0,93.0,4,573359,95559.83333333333,True,Churned
INV001425,2,2024-01-23,2025-04-12,445.0,445.0,1,7051,3525.5,True,Churned
INV001426,1,2024-07-24,2024-07-24,,,0,5280,5280.0,False,New
INV001427,1,2025-03-02,2025-03-02,,,0,5328,5328.0,False,New
INV001428,12,2024-01-19,2025-05-19,76.0,44.18181818181818,6,1098386,91532.16666666667,True,High Risk
INV001429,2,2024-09-17,2025-05-15,240.0,240.0,1,185962,92981.0,True,Churned
INV001430,1,2024-05-22,2024-05-22,,,0,560,560.0,False,New
INV001431,4,2024-08-12,2025-02-08,98.0,60.0,2,343667,85916.75,True,Churned
INV001432,7,2024-02-14,2025-02-05,109.0,59.5,4,446508,63786.857142857145,True,Churned
INV001433,6,2024-01-13,2025-05-23,307.0,99.2,3,1003402,167233.66666666666,True,Churned
INV001434,9,2024-01-30,2025-05-27,178.0,60.375,4,433434,48159.333333333336,True,Churned
INV001435,2,2024-10-02,2024-11-07,36.0,36.0,1,12503,6251.5,True,At Risk
INV001436,4,2024-05-31,2025-03-13,234.0,95.33333333333333,2,655376,163844.0,True,Churned
INV001437,4,2024-03-14,2024-12-06,203.0,89.0,2,307368,76842.0,True,Churned
INV001438,1,2024-12-03,2024-12-03,,,0,7489,7489.0,False,New
INV001439,7,2024-04-29,2025-04-02,104.0,56.333333333333336,4,1012562,144651.7142857143,True,Churned
INV001440,5,2024-02-04,2024-09-17,80.0,56.5,4,823731,164746.2,True,High Risk
INV001441,2,2024-01-30,2024-03-30,60.0,60.0,1,5453,2726.5,True,At Risk
INV001442,12,2024-02-21,2025-05-23,238.0,41.54545454545455,4,689389,57449.083333333336,True,Churned
INV001443,6,2024-05-19,2025-03-01,82.0,57.2,4,974626,162437.66666666666,True,High Risk
INV001444,3,2024-08-29,2024-12-15,54.0,54.0,2,27282,9094.0,True,At Risk
INV001445,5,2024-10-06,2025-04-28,78.0,51.0,3,297715,59543.0,True,High Risk
INV001446,4,2024-08-16,2025-04-25,139.0,84.0,3,751921,187980.25,True,Churned
INV001447,4,2024-01-07,2025-01-18,257.0,125.66666666666667,3,138470,34617.5,True,Churned
INV001448,6,2024-08-29,2025-04-25,96.0,47.8,2,780825,130137.5,True,Churned
INV001449,7,2024-02-16,2024-12-03,126.0,48.5,3,521158,74451.14285714286,True,Churned
INV001450,4,2024-07-03,2025-05-14,173.0,105.0,3,196863,49215.75,True,Churned
INV001451,1,2024-11-16,2024-11-16,,,0,26908,26908.0,False,New
INV001452,4,2024-05-05,2024-12-12,140.0,73.66666666666667,2,233554,58388.5,True,Churned
INV001453,4,2024-04-16,2025-03-02,157.0,106.66666666666667,2,70693,17673.25,True,Churned
INV001454,8,2024-01-03,2025-03-16,176.0,62.57142857142857,5,441723,55215.375,True,Churned
INV001455,12,2024-01-10,2025-04-07,133.0,41.18181818181818,4,743232,61936.0,True,Churned
INV001456,9,2024-03-04,2025-04-27,84.0,52.375,5,1056586,117398.44444444444,True,High Risk
INV001457,12,2024-01-21,2025-03-15,99.0,38.09090909090909,5,1547775,128981.25,True,Churned
INV001458,12,2024-02-01,2025-01-25,101.0,32.63636363636363,3,827845,68987.08333333333,True,Churned
INV001459,5,2024-01-31,2025-05-10,232.0,116.25,3,1030235,206047.0,True,Churned
INV001460,11,2024-05-16,2025-04-15,95.0,33.4,3,2189872,199079.27272727274,True,Churned
INV001461,2,2024-02-08,2024-03-22,43.0,43.0,1,4821,2410.5,True,At Risk
INV001462,9,2024-02-19,2025-05-04,209.0,55.0,5,1157629,128625.44444444444,True,Churned
INV001463,5,2024-01-17,2024-12-03,192.0,80.25,3,346839,69367.8,True,Churned
INV001464,1,2025-05-20,2025-05-20,,,0,2668,2668.0,False,New
INV001465,7,2024-03-20,2025-01-26,109.0,52.0,3,1223588,174798.2857142857,True,Churned
INV001466,11,2024-01-12,2024-10-05,82.0,26.7,4,1302126,118375.09090909091,True,High Risk
INV001467,10,2024-01-11,2025-05-14,176.0,54.333333333333336,5,880295,88029.5,True,Churned
INV001468,4,2024-01-21,2024-10-28,222.0,93.66666666666667,2,691082,172770.5,True,Churned
INV001469,3,2024-08-06,2025-02-17,163.0,97.5,1,388458,129486.0,True,Churned
INV001470,7,2024-02-15,2025-04-24,144.0,72.33333333333333,4,1020695,145813.57142857142,True,Churned
INV001471,1,2025-01-20,2025-01-20,,,0,428092,428092.0,False,New
INV001472,9,2024-01-10,2025-02-08,139.0,49.375,4,902384,100264.88888888889,True,Churned
INV001473,7,2024-01-23,2025-05-25,257.0,81.33333333333333,2,1138426,162632.2857142857,True,Churned
INV001474,2,2024-07-24,2025-02-11,202.0,202.0,1,311713,155856.5,True,Churned
INV001475,4,2024-07-08,2025-03-30,131.0,88.33333333333333,3,184367,46091.75,True,Churned
INV001476,5,2024-01-07,2025-02-14,309.0,101.0,2,329871,65974.2,True,Churned
INV001477,3,2024-10-17,2025-03-08,88.0,71.0,2,571669,190556.33333333334,True,High Risk
INV001478,7,2024-01-26,2025-05-18,200.0,79.66666666666667,4,420725,60103.57142857143,True,Churned
INV001479,3,2024-09-20,2025-04-12,110.0,102.0,2,426682,142227.33333333334,True,Churned
INV001480,7,2024-01-09,2024-10-22,157.0,47.833333333333336,2,750708,107244.0,True,Churned
INV001481,7,2024-02-07,2024-12-02,115.0,49.833333333333336,3,305859,43694.142857142855,True,Churned
INV001482,8,2024-04-10,2025-05-18,212.0,57.57142857142857,3,552001,69000.125,True,Churned
INV001483,6,2024-02-29,2025-04-27,179.0,84.6,4,193272,32212.0,True,Churned
INV001484,5,2024-04-12,2025-03-27,179.0,87.25,2,1093386,218677.2,True,Churned
INV001485,10,2024-02-05,2025-04-20,150.0,48.888888888888886,5,176126,17612.6,True,Churned
INV001486,2,2025-02-18,2025-04-21,62.0,62.0,1,342115,171057.5,True,High Risk
INV001487,3,2024-07-12,2025-01-10,112.0,91.0,2,100742,33580.666666666664,True,Churned
INV001488,5,2024-06-21,2025-05-03,139.0,79.0,3,503159,100631.8,True,Churned
INV001489,5,2024-01-26,2025-01-02,162.0,85.5,3,124464,24892.8,True,Churned
INV001490,1,2024-03-25,2024-03-25,,,0,35777,35777.0,False,New
INV001491,8,2024-01-07,2025-05-15,245.0,70.57142857142857,5,479735,59966.875,True,Churned
INV001492,5,2024-01-06,2024-11-10,149.0,77.25,3,979297,195859.4,True,Churned
INV001493,3,2024-02-20,2024-12-16,250.0,150.0,2,740657,246885.66666666666,True,Churned
INV001494,3,2024-01-17,2025-04-04,254.0,221.5,2,11931,3977.0,True,Churned
INV001495,2,2025-03-03,2025-03-19,16.0,16.0,0,82936,41468.0,False,Active
INV001496,11,2024-01-23,2025-02-27,165.0,40.1,5,2539407,230855.18181818182,True,Churned
INV001497,12,2024-01-01,2025-05-19,138.0,45.81818181818182,4,663731,55310.916666666664,True,Churned
INV001498,6,2024-02-15,2025-01-24,96.0,68.8,5,1072254,178709.0,True,Churned
INV001499,10,2024-01-10,2025-01-20,85.0,41.77777777777778,5,2612819,261281.9,True,High Risk
INV001500,8,2024-02-14,2025-05-06,205.0,63.857142857142854,4,1668134,208516.75,True,Churned
INV001501,7,2024-02-04,2024-12-17,106.0,52.833333333333336,4,1672359,238908.42857142858,True,Churned
INV001502,2,2024-01-31,2025-02-13,379.0,379.0,1,473868,236934.0,True,Churned
INV001503,6,2024-08-22,2025-04-03,108.0,44.8,2,529940,88323.33333333333,True,Churned
INV001504,10,2024-03-21,2025-05-29,134.0,48.22222222222222,4,323372,32337.2,True,Churned
INV001505,3,2024-03-11,2025-01-01,205.0,148.0,2,102157,34052.333333333336,True,Churned
INV001506,7,2024-01-02,2025-04-15,213.0,78.16666666666667,3,789025,112717.85714285714,True,Churned
INV001507,12,2024-02-01,2025-04-07,77.0,39.18181818181818,6,1262282,105190.16666666667,True,High Risk
INV001508,10,2024-01-03,2025-05-20,131.0,55.888888888888886,7,2273825,227382.5,True,Churned
INV001509,1,2025-04-05,2025-04-05,,,0,1882,1882.0,False,New
INV001510,10,2024-03-05,2025-04-10,105.0,44.55555555555556,4,935895,93589.5,True,Churned
INV001511,3,2024-12-19,2025-02-13,47.0,28.0,1,304709,101569.66666666667,True,At Risk
INV001512,11,2024-01-28,2025-05-19,122.0,47.7,6,1931510,175591.81818181818,True,Churned
INV001513,6,2024-02-17,2024-12-16,95.0,60.6,3,477668,79611.33333333333,True,Churned
INV001514,11,2024-02-27,2025-03-22,72.0,38.9,6,870557,79141.54545454546,True,High Risk
INV001515,5,2024-01-21,2025-02-13,135.0,97.25,3,262809,52561.8,True,Churned
INV001516,9,2024-02-13,2025-05-11,169.0,56.625,5,1094073,121563.66666666667,True,Churned
INV001517,3,2024-05-11,2024-10-22,83.0,82.0,2,455179,151726.33333333334,True,High Risk
INV001518,9,2024-02-17,2025-02-21,106.0,46.25,5,1325188,147243.11111111112,True,Churned
INV001519,3,2024-03-05,2024-08-06,79.0,77.0,2,15153,5051.0,True,High Risk
INV001520,3,2024-03-17,2025-02-23,284.0,171.5,2,618129,206043.0,True,Churned
INV001521,9,2024-03-04,2025-03-17,207.0,47.25,2,1033095,114788.33333333333,True,Churned
INV001522,3,2024-09-07,2025-03-31,194.0,102.5,1,484106,161368.66666666666,True,Churned
INV001523,1,2025-04-21,2025-04-21,,,0,283709,283709.0,False,New
INV001524,7,2024-05-11,2025-05-27,149.0,63.5,5,1023174,146167.7142857143,True,Churned
INV001525,7,2024-05-13,2025-05-13,103.0,60.833333333333336,4,409031,58433.0,True,Churned
INV001526,10,2024-02-17,2024-11-07,73.0,29.333333333333332,4,1108874,110887.4,True,High Risk
INV001527,3,2024-03-01,2024-11-02,237.0,123.0,1,397461,132487.0,True,Churned
INV001528,11,2024-01-13,2025-05-07,104.0,48.0,5,2546199,231472.63636363635,True,Churned
INV001529,3,2024-02-22,2025-04-25,389.0,214.0,2,493098,164366.0,True,Churned
INV001530,9,2024-01-14,2025-02-05,115.0,48.5,5,478137,53126.333333333336,True,Churned
INV001531,4,2024-03-27,2024-12-08,139.0,85.33333333333333,2,308636,77159.0,True,Churned
INV001532,11,2024-01-31,2025-05-19,97.0,47.4,6,981795,89254.09090909091,True,Churned
INV001533,2,2024-09-09,2025-02-24,168.0,168.0,1,1017085,508542.5,True,Churned
INV001534,8,2024-01-16,2025-04-11,206.0,64.42857142857143,4,1096274,137034.25,True,Churned
INV001535,4,2024-02-01,2025-04-28,373.0,150.66666666666666,2,481793,120448.25,True,Churned
INV001536,11,2024-01-04,2025-02-21,106.0,41.4,3,768514,69864.90909090909,True,Churned
INV001537,5,2024-04-15,2025-05-16,226.0,99.0,3,438883,87776.6,True,Churned
INV001538,7,2024-01-12,2025-02-08,141.0,65.5,4,403950,57707.142857142855,True,Churned
INV001539,3,2024-01-12,2025-04-30,306.0,237.0,2,255554,85184.66666666667,True,Churned
INV001540,4,2024-01-01,2025-02-19,325.0,138.33333333333334,2,55777,13944.25,True,Churned
INV001541,1,2024-07-31,2024-07-31,,,0,298338,298338.0,False,New
INV001542,5,2024-07-04,2025-03-13,119.0,63.0,2,30942,6188.4,True,Churned
INV001543,6,2024-04-27,2025-02-02,98.0,56.2,4,1412216,235369.33333333334,True,Churned
INV001544,11,2024-02-29,2025-04-30,95.0,42.6,5,1459767,132706.0909090909,True,Churned
INV001545,11,2024-01-29,2025-05-07,198.0,46.4,4,1173126,106647.81818181818,True,Churned
INV001546,2,2024-02-09,2025-01-25,351.0,351.0,1,636851,318425.5,True,Churned
INV001547,12,2024-01-10,2025-05-06,119.0,43.81818181818182,6,1475443,122953.58333333333,True,Churned
INV001548,8,2024-03-20,2025-04-27,197.0,57.57142857142857,4,768100,96012.5,True,Churned
INV001549,9,2024-02-29,2025-04-05,80.0,50.125,6,814085,90453.88888888889,True,High Risk
INV001550,11,2024-02-01,2025-05-20,110.0,47.4,4,1019018,92638.0,True,Churned
INV001551,9,2024-02-14,2025-05-06,138.0,55.875,5,838742,93193.55555555556,True,Churned
INV001552,2,2024-11-14,2024-12-29,45.0,45.0,1,131269,65634.5,True,At Risk
INV001553,12,2024-01-04,2025-05-12,77.0,44.90909090909091,9,1951832,162652.66666666666,True,High Risk
INV001554,2,2024-10-23,2024-10-28,5.0,5.0,0,58886,29443.0,False,Active
INV001555,6,2024-01-18,2025-04-17,136.0,91.0,4,1447897,241316.16666666666,True,Churned
INV001556,4,2024-07-06,2025-02-23,128.0,77.33333333333333,2,628970,157242.5,True,Churned
INV001557,7,2024-01-15,2025-05-11,350.0,80.33333333333333,2,834356,119193.71428571429,True,Churned
INV001558,11,2024-02-09,2025-03-02,114.0,38.7,5,1419654,129059.45454545454,True,Churned
INV001559,1,2024-06-10,2024-06-10,,,0,249630,249630.0,False,New
INV001560,6,2024-01-22,2025-05-27,357.0,98.2,3,777593,129598.83333333333,True,Churned
INV001561,8,2024-02-13,2025-03-10,198.0,55.857142857142854,3,1386518,173314.75,True,Churned
INV001562,11,2024-03-01,2025-04-03,143.0,39.8,3,294505,26773.18181818182,True,Churned
INV001563,2,2024-06-02,2024-12-13,194.0,194.0,1,144851,72425.5,True,Churned
INV001564,12,2024-03-23,2025-05-28,102.0,39.18181818181818,5,1089883,90823.58333333333,True,Churned
INV001565,3,2024-02-16,2024-10-25,209.0,126.0,2,355584,118528.0,True,Churned
INV001566,4,2024-06-02,2025-04-06,256.0,102.66666666666667,2,333707,83426.75,True,Churned
INV001567,6,2024-04-11,2024-12-18,112.0,50.2,3,299281,49880.166666666664,True,Churned
INV001568,1,2025-05-25,2025-05-25,,,0,10735,10735.0,False,New
INV001569,7,2024-03-03,2025-04-24,313.0,69.5,2,594971,84995.85714285714,True,Churned
INV001570,9,2024-01-18,2025-05-11,185.0,59.875,6,1806980,200775.55555555556,True,Churned
INV001571,3,2024-05-14,2024-11-04,107.0,87.0,2,510419,170139.66666666666,True,Churned
INV001572,1,2025-05-26,2025-05-26,,,0,2256,2256.0,False,New
INV001573,8,2024-06-03,2025-03-25,109.0,42.142857142857146,3,1046465,130808.125,True,Churned
INV001574,7,2024-05-05,2025-01-16,106.0,42.666666666666664,2,561459,80208.42857142857,True,Churned
INV001575,9,2024-01-31,2025-03-27,112.0,52.625,5,1203832,133759.11111111112,True,Churned
INV001576,7,2024-01-31,2025-04-27,115.0,75.33333333333333,6,618966,88423.71428571429,True,Churned
INV001577,1,2024-08-21,2024-08-21,,,0,837,837.0,False,New
INV001578,3,2024-01-26,2024-06-27,144.0,76.5,1,281351,93783.66666666667,True,Churned
INV001579,12,2024-01-04,2025-04-06,115.0,41.63636363636363,5,1454466,121205.5,True,Churned
INV001580,12,2024-02-01,2025-04-23,122.0,40.63636363636363,5,885928,73827.33333333333,True,Churned
INV001581,5,2024-01-08,2025-02-18,197.0,101.75,3,719501,143900.2,True,Churned
INV001582,1,2024-07-09,2024-07-09,,,0,920,920.0,False,New
INV001583,9,2024-02-16,2025-05-10,126.0,56.125,5,1688452,187605.77777777778,True,Churned
INV001584,5,2024-05-12,2025-04-13,211.0,84.0,2,365117,73023.4,True,Churned
INV001585,9,2024-04-12,2025-01-20,177.0,35.375,3,1033231,114803.44444444444,True,Churned
INV001586,4,2024-09-03,2025-05-29,164.0,89.33333333333333,2,14770,3692.5,True,Churned
INV001587,11,2024-04-10,2025-05-16,144.0,40.1,6,1338541,121685.54545454546,True,Churned
INV001588,7,2024-03-22,2025-05-13,137.0,69.5,4,709591,101370.14285714286,True,Churned
INV001589,1,2025-02-20,2025-02-20,,,0,24681,24681.0,False,New
INV001590,3,2024-03-28,2024-12-06,185.0,126.5,2,258144,86048.0,True,Churned
INV001591,11,2024-06-02,2025-04-18,107.0,32.0,3,2052414,186583.0909090909,True,Churned
INV001592,6,2024-06-08,2024-09-11,50.0,19.0,1,783972,130662.0,True,At Risk
INV001593,3,2024-03-16,2025-01-29,214.0,159.5,2,520240,173413.33333333334,True,Churned
INV001594,7,2024-01-20,2025-04-25,198.0,76.83333333333333,4,1041554,148793.42857142858,True,Churned
INV001595,7,2024-03-29,2025-05-19,116.0,69.33333333333333,5,628320,89760.0,True,Churned
INV001596,6,2024-05-01,2025-05-18,183.0,76.4,4,1144285,190714.16666666666,True,Churned
INV001597,11,2024-03-13,2025-05-21,105.0,43.4,5,1564797,142254.27272727274,True,Churned
INV001598,9,2024-04-16,2025-05-25,110.0,50.5,5,948581,105397.88888888889,True,Churned
INV001599,12,2024-01-15,2025-05-19,133.0,44.54545454545455,7,1215923,101326.91666666667,True,Churned
INV001600,4,2024-01-30,2025-04-30,196.0,152.0,3,362379,90594.75,True,Churned
INV001601,3,2024-07-28,2025-02-05,179.0,96.0,1,373239,124413.0,True,Churned
INV001602,12,2024-01-07,2025-04-20,115.0,42.63636363636363,6,1683273,140272.75,True,Churned
INV001603,11,2024-02-06,2025-01-04,93.0,33.3,4,1249506,113591.45454545454,True,Churned
INV001604,3,2024-05-31,2024-10-02,72.0,62.0,2,448574,149524.66666666666,True,High Risk
INV001605,11,2024-01-08,2025-05-21,114.0,49.9,7,907214,82474.0,True,Churned
INV001606,8,2024-04-08,2025-05-19,119.0,58.0,4,149272,18659.0,True,Churned
INV001607,3,2024-02-10,2025-05-17,453.0,231.0,1,369723,123241.0,True,Churned
INV001608,11,2024-04-25,2025-04-20,106.0,36.0,3,1408628,128057.09090909091,True,Churned
INV001609,10,2024-01-26,2025-05-15,143.0,52.77777777777778,4,1828827,182882.7,True,Churned
INV001610,1,2024-12-20,2024-12-20,,,0,394911,394911.0,False,New
INV001611,11,2024-03-20,2025-05-21,130.0,42.7,5,1885318,171392.54545454544,True,Churned
INV001612,10,2024-01-17,2025-04-13,119.0,50.22222222222222,5,1039562,103956.2,True,Churned
INV001613,2,2025-01-30,2025-04-30,90.0,90.0,1,103124,51562.0,True,High Risk
INV001614,4,2024-03-03,2024-08-12,135.0,54.0,1,299454,74863.5,True,Churned
INV001615,8,2024-02-28,2025-01-01,107.0,44.0,3,1439722,179965.25,True,Churned
INV001616,12,2024-01-29,2025-03-28,117.0,38.54545454545455,5,688035,57336.25,True,Churned
INV001617,2,2025-02-21,2025-03-04,11.0,11.0,0,84675,42337.5,False,Active
INV001618,8,2024-02-15,2025-04-08,201.0,59.714285714285715,3,704843,88105.375,True,Churned
INV001619,6,2024-04-21,2025-04-06,114.0,70.0,4,784498,130749.66666666667,True,Churned
INV001620,7,2024-07-23,2025-04-07,110.0,43.0,2,906445,129492.14285714286,True,Churned
INV001621,3,2024-02-10,2025-01-09,232.0,167.0,2,39202,13067.333333333334,True,Churned
INV001622,2,2024-04-06,2024-10-19,196.0,196.0,1,32767,16383.5,True,Churned
INV001623,11,2024-01-27,2025-05-10,111.0,46.9,5,1305289,118662.63636363637,True,Churned
INV001624,12,2024-03-16,2025-03-25,80.0,34.0,4,1159821,96651.75,True,High Risk
INV001625,12,2024-02-02,2025-04-13,111.0,39.63636363636363,5,2006664,167222.0,True,Churned
INV001626,4,2024-04-04,2024-12-04,189.0,81.33333333333333,1,429844,107461.0,True,Churned
INV001627,6,2024-02-28,2025-02-16,149.0,70.8,3,509047,84841.16666666667,True,Churned
INV001628,12,2024-05-27,2025-05-24,71.0,32.90909090909091,5,1293876,107823.0,True,High Risk
INV001629,12,2024-01-05,2025-05-07,83.0,44.36363636363637,7,571840,47653.333333333336,True,High Risk
INV001630,5,2024-01-06,2024-06-13,62.0,39.75,2,225860,45172.0,True,High Risk
INV001631,11,2024-01-15,2025-04-15,97.0,45.6,6,581721,52883.72727272727,True,Churned
INV001632,2,2024-02-18,2024-05-15,87.0,87.0,1,309423,154711.5,True,High Risk
INV001633,1,2024-07-16,2024-07-16,,,0,475,475.0,False,New
INV001634,3,2025-03-18,2025-05-18,49.0,30.5,1,323070,107690.0,True,At Risk
INV001635,7,2024-02-01,2025-04-14,105.0,73.0,5,1295057,185008.14285714287,True,Churned
INV001636,11,2024-01-05,2025-01-30,114.0,39.1,4,659303,59936.63636363636,True,Churned
INV001637,6,2024-02-21,2025-05-18,129.0,90.4,5,1258105,209684.16666666666,True,Churned
INV001638,4,2024-02-09,2024-08-22,151.0,65.0,2,308357,77089.25,True,Churned
INV001639,6,2024-02-13,2025-01-25,135.0,69.4,4,451834,75305.66666666667,True,Churned
INV001640,12,2024-04-21,2025-02-23,90.0,28.0,3,1460059,121671.58333333333,True,High Risk
INV001641,10,2024-01-19,2025-05-24,142.0,54.55555555555556,5,1137585,113758.5,True,Churned
INV001642,5,2024-02-17,2025-03-12,168.0,97.25,3,760223,152044.6,True,Churned
INV001643,8,2024-02-14,2025-01-24,108.0,49.285714285714285,6,677728,84716.0,True,Churned
INV001644,11,2024-03-05,2025-04-19,89.0,41.0,5,1090844,99167.63636363637,True,High Risk
INV001645,8,2024-03-15,2025-03-30,116.0,54.285714285714285,5,466615,58326.875,True,Churned
INV001646,4,2024-03-29,2025-01-31,250.0,102.66666666666667,2,361360,90340.0,True,Churned
INV001647,1,2024-05-02,2024-05-02,,,0,358120,358120.0,False,New
INV001648,9,2024-01-10,2025-04-23,120.0,58.625,6,1479962,164440.22222222222,True,Churned
INV001649,12,2024-02-07,2025-05-17,120.0,42.27272727272727,4,621280,51773.333333333336,True,Churned
INV001650,6,2024-04-09,2024-12-11,193.0,49.2,1,713748,118958.0,True,Churned
INV001651,11,2024-01-05,2025-04-21,130.0,47.2,5,790979,71907.18181818182,True,Churned
INV001652,9,2024-02-26,2025-03-06,76.0,46.75,4,1279109,142123.22222222222,True,High Risk
INV001653,8,2024-02-18,2025-03-10,110.0,55.142857142857146,4,353745,44218.125,True,Churned
INV001654,10,2024-02-17,2025-01-26,137.0,38.22222222222222,4,729940,72994.0,True,Churned
INV001655,5,2024-05-08,2025-03-23,197.0,79.75,2,233699,46739.8,True,Churned
INV001656,10,2024-01-06,2025-04-12,246.0,51.333333333333336,4,451086,45108.6,True,Churned
INV001657,1,2024-07-07,2024-07-07,,,0,31500,31500.0,False,New
INV001658,11,2024-02-21,2025-04-18,131.0,42.2,4,1839068,167188.0,True,Churned
INV001659,2,2024-11-19,2024-12-30,41.0,41.0,1,36217,18108.5,True,At Risk
INV001660,6,2024-03-30,2025-04-28,192.0,78.8,3,390673,65112.166666666664,True,Churned
INV001661,5,2024-02-21,2025-03-18,153.0,97.75,4,436958,87391.6,True,Churned
INV001662,12,2024-01-22,2025-04-21,154.0,41.36363636363637,5,1937573,161464.41666666666,True,Churned
INV001663,8,2024-04-21,2025-03-13,123.0,46.57142857142857,4,664153,83019.125,True,Churned
INV001664,2,2024-04-25,2025-04-09,349.0,349.0,1,257587,128793.5,True,Churned
INV001665,3,2024-01-01,2024-08-21,125.0,116.5,2,6533,2177.6666666666665,True,Churned
INV001666,6,2024-07-07,2025-04-24,125.0,58.2,3,758715,126452.5,True,Churned
INV001667,1,2025-03-30,2025-03-30,,,0,8839,8839.0,False,New
INV001668,3,2024-06-02,2025-05-30,188.0,181.0,2,695778,231926.0,True,Churned
INV001669,4,2024-07-03,2025-01-23,175.0,68.0,1,245061,61265.25,True,Churned
INV001670,11,2024-02-02,2025-02-01,94.0,36.5,5,1928820,175347.27272727274,True,Churned
INV001671,7,2024-04-10,2025-04-17,225.0,62.0,3,1225017,175002.42857142858,True,Churned
INV001672,12,2024-03-30,2024-12-27,130.0,24.727272727272727,2,821755,68479.58333333333,True,Churned
INV001673,11,2024-01-11,2025-05-18,181.0,49.3,4,81749,7431.727272727273,True,Churned
INV001674,6,2024-02-05,2025-02-23,144.0,76.8,3,569524,94920.66666666667,True,Churned
INV001675,1,2025-05-08,2025-05-08,,,0,59489,59489.0,False,New
INV001676,5,2024-01-23,2025-05-09,205.0,118.0,3,849132,169826.4,True,Churned
INV001677,5,2024-04-25,2025-05-10,263.0,95.0,2,1196636,239327.2,True,Churned
INV001678,3,2024-05-06,2024-09-05,100.0,61.0,1,684233,228077.66666666666,True,Churned
INV001679,7,2024-01-10,2025-04-13,241.0,76.5,4,447785,63969.28571428572,True,Churned
INV001680,12,2024-01-10,2025-04-25,161.0,42.81818181818182,3,1174873,97906.08333333333,True,Churned
INV001681,3,2024-04-03,2025-03-30,330.0,180.5,1,177271,59090.333333333336,True,Churned
INV001682,1,2024-11-18,2024-11-18,,,0,936,936.0,False,New
INV001683,8,2024-03-08,2025-05-17,186.0,62.142857142857146,4,138711,17338.875,True,Churned
INV001684,3,2024-05-17,2025-03-19,240.0,153.0,2,45978,15326.0,True,Churned
INV001685,2,2024-09-14,2024-10-28,44.0,44.0,1,3921,1960.5,True,At Risk
INV001686,2,2024-09-08,2025-05-14,248.0,248.0,1,283725,141862.5,True,Churned
INV001687,5,2024-02-08,2024-11-17,227.0,70.75,1,210079,42015.8,True,Churned
INV001688,5,2024-05-10,2025-05-07,233.0,90.5,2,222003,44400.6,True,Churned
INV001689,12,2024-01-07,2025-05-22,125.0,45.54545454545455,5,1413571,117797.58333333333,True,Churned
INV001690,9,2024-01-14,2025-05-15,114.0,60.875,7,994133,110459.22222222222,True,Churned
INV001691,9,2024-01-23,2025-04-29,190.0,57.75,6,1151668,127963.11111111111,True,Churned
INV001692,11,2024-01-09,2025-03-25,123.0,44.1,5,2751086,250098.72727272726,True,Churned
INV001693,4,2024-05-18,2025-03-26,228.0,104.0,2,75578,18894.5,True,Churned
INV001694,10,2024-02-05,2025-05-13,144.0,51.44444444444444,6,773611,77361.1,True,Churned
INV001695,9,2024-02-24,2024-08-13,33.0,21.375,0,1171841,130204.55555555556,False,Active
INV001696,6,2024-01-08,2025-03-22,149.0,87.8,4,306879,51146.5,True,Churned
INV001697,12,2024-01-08,2025-05-22,174.0,45.45454545454545,3,1278552,106546.0,True,Churned
INV001698,1,2025-04-17,2025-04-17,,,0,10016,10016.0,False,New
INV001699,8,2024-01-02,2025-02-21,126.0,59.42857142857143,5,438246,54780.75,True,Churned
INV001700,1,2024-02-02,2024-02-02,,,0,556,556.0,False,New
INV001701,12,2024-01-09,2025-05-26,120.0,45.72727272727273,5,1530504,127542.0,True,Churned
INV001702,2,2024-02-02,2024-08-19,199.0,199.0,1,354071,177035.5,True,Churned
INV001703,1,2025-02-07,2025-02-07,,,0,2959,2959.0,False,New
INV001704,1,2024-12-30,2024-12-30,,,0,336309,336309.0,False,New
INV001705,9,2024-02-08,2025-02-23,162.0,47.625,4,1734773,192752.55555555556,True,Churned
INV001706,10,2024-02-12,2025-03-07,115.0,43.22222222222222,3,1230659,123065.9,True,Churned
INV001707,4,2024-01-27,2024-12-06,165.0,104.66666666666667,2,69622,17405.5,True,Churned
INV001708,5,2024-02-06,2025-01-13,297.0,85.5,1,570438,114087.6,True,Churned
INV001709,8,2024-01-10,2024-09-25,69.0,37.0,3,510448,63806.0,True,High Risk
INV001710,3,2024-08-09,2025-03-27,182.0,115.0,2,243131,81043.66666666667,True,Churned
INV001711,7,2024-03-13,2025-04-12,189.0,65.83333333333333,2,26390,3770.0,True,Churned
INV001712,8,2024-03-29,2025-02-25,103.0,47.57142857142857,4,446860,55857.5,True,Churned
INV001713,8,2024-05-02,2025-03-19,87.0,45.857142857142854,4,1133717,141714.625,True,High Risk
INV001714,3,2024-05-22,2025-02-12,247.0,133.0,1,41699,13899.666666666666,True,Churned
INV001715,8,2024-01-31,2025-05-23,188.0,68.28571428571429,5,103613,12951.625,True,Churned
INV001716,4,2024-02-14,2024-09-28,113.0,75.66666666666667,3,27465,6866.25,True,Churned
INV001717,5,2024-01-13,2025-01-19,204.0,93.0,3,1267371,253474.2,True,Churned
INV001718,9,2024-02-09,2025-04-04,146.0,52.5,4,795041,88337.88888888889,True,Churned
INV001719,5,2024-05-16,2024-12-22,121.0,55.0,2,775208,155041.6,True,Churned
INV001720,8,2024-01-06,2025-04-29,169.0,68.42857142857143,6,804607,100575.875,True,Churned
INV001721,7,2024-01-16,2025-05-20,208.0,81.66666666666667,4,1137944,162563.42857142858,True,Churned
INV001722,5,2024-03-08,2025-05-19,169.0,109.25,4,977129,195425.8,True,Churned
INV001723,7,2024-01-07,2025-05-23,300.0,83.66666666666667,2,1263638,180519.7142857143,True,Churned
INV001724,9,2024-02-18,2025-04-11,116.0,52.25,6,862419,95824.33333333333,True,Churned
INV001725,11,2024-02-20,2025-05-11,119.0,44.6,5,980277,89116.09090909091,True,Churned
INV001726,4,2024-03-16,2025-02-04,164.0,108.33333333333333,2,792709,198177.25,True,Churned
INV001727,5,2024-01-02,2024-11-11,204.0,78.5,3,536416,107283.2,True,Churned
INV001728,11,2024-01-15,2025-01-03,131.0,35.4,3,938502,85318.36363636363,True,Churned
INV001729,5,2024-05-21,2025-03-24,150.0,76.75,3,409265,81853.0,True,Churned
INV001730,2,2024-10-27,2024-11-13,17.0,17.0,0,25174,12587.0,False,Active
INV001731,2,2024-06-24,2025-04-30,310.0,310.0,1,3122,1561.0,True,Churned
INV001732,6,2024-02-08,2025-05-14,223.0,92.2,4,221591,36931.833333333336,True,Churned
INV001733,2,2024-03-06,2024-09-29,207.0,207.0,1,69927,34963.5,True,Churned
INV001734,5,2024-02-14,2025-05-07,187.0,112.0,4,441830,88366.0,True,Churned
INV001735,7,2024-01-07,2025-04-25,234.0,79.0,4,842756,120393.71428571429,True,Churned
INV001736,7,2024-04-16,2025-05-11,130.0,65.0,5,975076,139296.57142857142,True,Churned
INV001737,9,2024-02-08,2025-01-14,174.0,42.625,3,491962,54662.444444444445,True,Churned
INV001738,12,2024-02-04,2025-04-20,137.0,40.09090909090909,4,845576,70464.66666666667,True,Churned
INV001739,10,2024-02-28,2025-04-23,67.0,46.666666666666664,6,596476,59647.6,True,High Risk
INV001740,10,2024-03-14,2025-05-27,155.0,48.77777777777778,3,1046752,104675.2,True,Churned
INV001741,11,2024-02-12,2025-05-09,201.0,45.2,5,1534845,139531.36363636365,True,Churned
INV001742,9,2024-02-08,2025-04-02,111.0,52.375,5,1194805,132756.11111111112,True,Churned
INV001743,7,2024-01-29,2024-10-19,176.0,44.0,2,1391835,198833.57142857142,True,Churned
INV001744,12,2024-01-11,2025-04-26,90.0,42.81818181818182,6,1364057,113671.41666666667,True,High Risk
INV001745,4,2024-01-10,2025-05-03,288.0,159.66666666666666,3,320584,80146.0,True,Churned
INV001746,12,2024-03-06,2025-02-22,130.0,32.09090909090909,1,1766212,147184.33333333334,True,Churned
INV001747,8,2024-01-08,2025-05-04,252.0,68.85714285714286,2,1426431,178303.875,True,Churned
INV001748,8,2024-01-19,2024-10-19,115.0,39.142857142857146,3,985018,123127.25,True,Churned
INV001749,1,2025-03-29,2025-03-29,,,0,45901,45901.0,False,New
INV001750,3,2024-05-02,2025-04-28,286.0,180.5,2,287641,95880.33333333333,True,Churned
INV001751,8,2024-05-19,2025-02-17,70.0,39.142857142857146,4,992622,124077.75,True,High Risk
INV001752,12,2024-02-25,2025-04-16,91.0,37.81818181818182,4,1388370,115697.5,True,Churned
INV001753,12,2024-01-24,2025-05-09,128.0,42.81818181818182,6,591142,49261.833333333336,True,Churned
INV001754,4,2024-02-02,2025-03-27,282.0,139.66666666666666,3,495504,123876.0,True,Churned
INV001755,2,2024-04-01,2024-10-24,206.0,206.0,1,672833,336416.5,True,Churned
INV001756,1,2024-08-04,2024-08-04,,,0,511289,511289.0,False,New
INV001757,12,2024-04-01,2025-04-25,121.0,35.36363636363637,3,694422,57868.5,True,Churned
INV001758,10,2024-06-19,2025-05-11,81.0,36.22222222222222,4,1890625,189062.5,True,High Risk
INV001759,12,2024-02-17,2025-05-08,91.0,40.54545454545455,6,721052,60087.666666666664,True,Churned
INV001760,3,2024-03-30,2025-02-19,221.0,163.0,2,21348,7116.0,True,Churned
INV001761,1,2025-05-13,2025-05-13,,,0,2073,2073.0,False,New
INV001762,8,2024-02-11,2025-01-09,108.0,47.57142857142857,4,1139097,142387.125,True,Churned
INV001763,7,2024-03-09,2025-03-02,114.0,59.666666666666664,4,692791,98970.14285714286,True,Churned
INV001764,5,2024-02-23,2024-12-14,122.0,73.75,4,202400,40480.0,True,Churned
INV001765,8,2024-01-09,2025-04-26,164.0,67.57142857142857,4,1071646,133955.75,True,Churned
INV001766,3,2024-02-21,2024-08-26,166.0,93.5,1,157049,52349.666666666664,True,Churned
INV001767,1,2025-04-01,2025-04-01,,,0,349026,349026.0,False,New
INV001768,4,2024-02-07,2024-03-22,23.0,14.666666666666666,0,323349,80837.25,False,Active
INV001769,8,2024-01-03,2025-05-07,166.0,70.0,4,677998,84749.75,True,Churned
INV001770,8,2024-01-06,2025-05-18,270.0,71.14285714285714,3,564230,70528.75,True,Churned
INV001771,8,2024-02-03,2025-04-27,131.0,64.14285714285714,5,2695710,336963.75,True,Churned
INV001772,10,2024-01-21,2025-05-10,152.0,52.77777777777778,4,1276824,127682.4,True,Churned
INV001773,5,2024-02-01,2024-09-03,130.0,53.75,2,43212,8642.4,True,Churned
INV001774,4,2024-01-27,2024-10-29,155.0,92.0,2,356376,89094.0,True,Churned
INV001775,8,2024-10-12,2025-05-04,65.0,29.142857142857142,2,92864,11608.0,True,High Risk
INV001776,2,2025-03-27,2025-05-22,56.0,56.0,1,227378,113689.0,True,At Risk
INV001777,11,2024-01-27,2025-05-02,117.0,46.1,4,686554,62414.0,True,Churned
INV001778,12,2024-01-10,2025-03-30,108.0,40.45454545454545,5,1401085,116757.08333333333,True,Churned
INV001779,2,2024-10-27,2025-04-15,170.0,170.0,1,508326,254163.0,True,Churned
INV001780,6,2024-07-03,2025-04-03,88.0,54.8,3,1029694,171615.66666666666,True,High Risk
INV001781,4,2024-04-28,2025-02-20,153.0,99.33333333333333,3,185310,46327.5,True,Churned
INV001782,10,2024-02-15,2025-05-28,130.0,52.0,6,1174960,117496.0,True,Churned
INV001783,9,2024-01-16,2025-05-01,183.0,58.875,3,1804984,200553.77777777778,True,Churned
INV001784,11,2024-03-03,2025-04-05,154.0,39.8,3,1633706,148518.72727272726,True,Churned
INV001785,3,2024-04-10,2025-05-19,383.0,202.0,1,60168,20056.0,True,Churned
INV001786,1,2024-08-10,2024-08-10,,,0,552,552.0,False,New
INV001787,6,2024-06-23,2025-04-19,158.0,60.0,3,754935,125822.5,True,Churned
INV001788,5,2024-08-27,2025-04-08,93.0,56.0,3,448400,89680.0,True,Churned
INV001789,5,2024-04-10,2024-11-01,80.0,51.25,3,778911,155782.2,True,High Risk
INV001790,10,2024-03-20,2025-04-25,169.0,44.55555555555556,2,1503115,150311.5,True,Churned
INV001791,5,2024-03-13,2025-01-14,204.0,76.75,2,578366,115673.2,True,Churned
INV001792,6,2024-02-16,2024-12-04,126.0,58.4,4,369407,61567.833333333336,True,Churned
INV001793,2,2024-04-08,2025-05-22,409.0,409.0,1,109211,54605.5,True,Churned
INV001794,9,2024-04-19,2025-04-19,113.0,45.625,3,1067068,118563.11111111111,True,Churned
INV001795,5,2024-02-21,2025-03-20,172.0,98.25,3,417952,83590.4,True,Churned
INV001796,7,2024-02-18,2025-05-04,182.0,73.5,4,1174793,167827.57142857142,True,Churned
INV001797,11,2024-02-07,2025-05-30,132.0,47.8,5,1187966,107996.90909090909,True,Churned
INV001798,6,2024-04-14,2025-01-09,118.0,54.0,2,464928,77488.0,True,Churned
INV001799,7,2024-01-02,2025-03-16,140.0,73.16666666666667,5,745646,106520.85714285714,True,Churned
INV001800,11,2024-01-15,2025-03-10,94.0,42.0,5,1343076,122097.81818181818,True,Churned
INV001801,6,2024-05-12,2025-04-20,128.0,68.6,4,126145,21024.166666666668,True,Churned
INV001802,10,2024-02-21,2025-05-07,98.0,49.0,6,1327369,132736.9,True,Churned
INV001803,9,2024-05-25,2025-03-16,82.0,36.875,4,463753,51528.11111111111,True,High Risk
INV001804,11,2024-02-06,2025-04-10,90.0,42.9,7,1300753,118250.27272727272,True,High Risk
INV001805,6,2024-05-10,2025-03-17,139.0,62.2,3,488850,81475.0,True,Churned
INV001806,11,2024-01-04,2025-04-25,123.0,47.7,4,1024402,93127.45454545454,True,Churned
INV001807,2,2024-12-11,2025-05-24,164.0,164.0,1,589082,294541.0,True,Churned
INV001808,2,2024-07-19,2025-05-21,306.0,306.0,1,209897,104948.5,True,Churned
INV001809,7,2024-01-21,2025-05-13,129.0,79.66666666666667,4,102667,14666.714285714286,True,Churned
INV001810,11,2024-01-29,2025-04-26,99.0,45.3,5,1647041,149731.0,True,Churned
INV001811,12,2024-01-05,2025-05-12,196.0,44.81818181818182,5,700436,58369.666666666664,True,Churned
INV001812,1,2024-06-07,2024-06-07,,,0,300792,300792.0,False,New
INV001813,8,2024-03-14,2025-05-29,191.0,63.0,4,1109781,138722.625,True,Churned
INV001814,10,2024-02-03,2025-03-13,87.0,44.888888888888886,6,1305482,130548.2,True,High Risk
INV001815,7,2024-04-30,2025-04-27,229.0,60.333333333333336,4,430207,61458.142857142855,True,Churned
INV001816,11,2024-03-18,2025-05-07,94.0,41.5,5,1351269,122842.63636363637,True,Churned
INV001817,2,2024-07-28,2025-03-21,236.0,236.0,1,470229,235114.5,True,Churned
INV001818,3,2024-04-24,2025-05-16,325.0,193.5,2,760835,253611.66666666666,True,Churned
INV001819,2,2024-01-20,2024-07-27,189.0,189.0,1,7448,3724.0,True,Churned
INV001820,11,2024-03-11,2025-04-20,143.0,40.5,4,1140445,103676.81818181818,True,Churned
INV001821,4,2024-04-14,2025-03-14,228.0,111.33333333333333,3,353083,88270.75,True,Churned
INV001822,8,2024-01-12,2024-06-23,64.0,23.285714285714285,2,600988,75123.5,True,High Risk
INV001823,12,2024-01-25,2025-03-07,109.0,37.0,5,1611892,134324.33333333334,True,Churned
INV001824,6,2024-02-08,2025-05-09,255.0,91.2,3,1046917,174486.16666666666,True,Churned
INV001825,10,2024-03-14,2025-05-07,102.0,46.55555555555556,4,2150054,215005.4,True,Churned
INV001826,9,2024-02-16,2024-11-07,112.0,33.125,2,1023836,113759.55555555556,True,Churned
INV001827,6,2024-02-01,2025-05-21,234.0,95.0,4,197811,32968.5,True,Churned
INV001828,8,2024-01-23,2024-11-29,91.0,44.42857142857143,4,57282,7160.25,True,Churned
INV001829,7,2024-04-08,2025-05-18,170.0,67.5,3,969442,138491.7142857143,True,Churned
INV001830,3,2024-04-29,2024-11-13,112.0,99.0,2,13921,4640.333333333333,True,Churned
INV001831,9,2024-03-03,2025-03-02,178.0,45.5,3,1403227,155914.11111111112,True,Churned
INV001832,8,2024-03-15,2025-05-09,126.0,60.0,4,1232196,154024.5,True,Churned
INV001833,7,2024-02-01,2024-10-09,163.0,41.833333333333336,1,821120,117302.85714285714,True,Churned
INV001834,7,2024-03-25,2025-04-01,178.0,62.0,4,591243,84463.28571428571,True,Churned
INV001835,6,2024-04-03,2025-04-28,168.0,78.0,5,163031,27171.833333333332,True,Churned
INV001836,11,2024-05-16,2025-05-23,87.0,37.2,4,1024529,93139.0,True,High Risk
INV001837,12,2024-02-05,2025-05-15,74.0,42.27272727272727,7,1229457,102454.75,True,High Risk
INV001838,2,2024-11-11,2025-05-30,200.0,200.0,1,176581,88290.5,True,Churned
INV001839,5,2024-02-17,2025-04-14,343.0,105.5,2,454177,90835.4,True,Churned
INV001840,2,2024-07-11,2024-11-05,117.0,117.0,1,549846,274923.0,True,Churned
INV001841,9,2024-06-21,2025-03-29,112.0,35.125,2,456715,50746.11111111111,True,Churned
INV001842,10,2024-02-23,2025-04-25,165.0,47.44444444444444,4,1865959,186595.9,True,Churned
INV001843,9,2024-03-09,2025-04-18,139.0,50.625,5,2482179,275797.6666666667,True,Churned
INV001844,9,2024-03-19,2025-05-06,197.0,51.625,2,1388959,154328.77777777778,True,Churned
INV001845,5,2024-03-03,2025-05-12,159.0,108.75,3,406600,81320.0,True,Churned
INV001846,5,2024-01-15,2025-02-24,201.0,101.5,2,757427,151485.4,True,Churned
INV001847,5,2024-09-23,2025-04-30,146.0,54.75,2,501053,100210.6,True,Churned
INV001848,9,2024-01-06,2025-05-01,202.0,60.125,4,1176316,130701.77777777778,True,Churned
INV001849,6,2024-03-04,2025-05-02,169.0,84.8,3,620719,103453.16666666667,True,Churned
INV001850,4,2024-02-26,2025-03-07,170.0,125.0,3,701299,175324.75,True,Churned
INV001851,8,2024-03-10,2025-04-07,180.0,56.142857142857146,3,797224,99653.0,True,Churned
INV001852,8,2024-01-14,2025-05-30,187.0,71.71428571428571,5,1250437,156304.625,True,Churned
INV001853,12,2024-02-20,2025-01-17,68.0,30.181818181818183,4,992816,82734.66666666667,True,High Risk
INV001854,3,2024-01-11,2024-12-20,290.0,172.0,2,714573,238191.0,True,Churned
INV001855,2,2024-07-28,2025-01-03,159.0,159.0,1,12739,6369.5,True,Churned
INV001856,8,2024-01-30,2025-02-08,151.0,53.57142857142857,5,1082328,135291.0,True,Churned
INV001857,11,2024-02-22,2025-05-18,138.0,45.1,4,2116893,192444.81818181818,True,Churned
INV001858,11,2024-01-29,2025-05-16,231.0,47.3,2,1314090,119462.72727272728,True,Churned
INV001859,7,2024-01-16,2025-05-25,182.0,82.5,4,1011714,144530.57142857142,True,Churned
INV001860,4,2024-01-03,2025-05-11,268.0,164.66666666666666,2,409489,102372.25,True,Churned
INV001861,10,2024-03-19,2025-03-12,112.0,39.77777777777778,4,1572816,157281.6,True,Churned
INV001862,3,2024-01-27,2025-02-13,308.0,191.5,2,619479,206493.0,True,Churned
INV001863,4,2024-01-11,2025-05-27,323.0,167.33333333333334,2,462836,115709.0,True,Churned
INV001864,1,2025-02-09,2025-02-09,,,0,272966,272966.0,False,New
INV001865,9,2024-01-11,2025-01-26,145.0,47.625,4,558501,62055.666666666664,True,Churned
INV001866,8,2024-01-29,2024-12-17,88.0,46.142857142857146,4,574628,71828.5,True,High Risk
INV001867,6,2024-01-16,2025-04-08,279.0,89.6,3,640066,106677.66666666667,True,Churned
INV001868,6,2024-01-18,2025-04-20,181.0,91.6,3,367861,61310.166666666664,True,Churned
INV001869,4,2024-02-03,2025-02-03,229.0,122.0,2,718018,179504.5,True,Churned
INV001870,8,2024-01-06,2025-04-06,164.0,65.14285714285714,4,505122,63140.25,True,Churned
INV001871,12,2024-01-26,2025-05-09,104.0,42.63636363636363,6,1365922,113826.83333333333,True,Churned
INV001872,3,2024-04-15,2025-02-13,246.0,152.0,2,9784,3261.3333333333335,True,Churned
INV001873,3,2024-01-10,2024-05-26,83.0,68.5,2,53455,17818.333333333332,True,High Risk
INV001874,10,2024-02-04,2025-05-20,166.0,52.333333333333336,4,1897614,189761.4,True,Churned
INV001875,7,2024-02-22,2025-05-05,286.0,73.0,3,792853,113264.71428571429,True,Churned
INV001876,5,2024-02-25,2025-02-03,129.0,86.0,3,824139,164827.8,True,Churned
INV001877,7,2024-05-15,2025-04-09,123.0,54.833333333333336,3,659810,94258.57142857143,True,Churned
INV001878,5,2024-01-29,2025-01-23,281.0,90.0,2,504467,100893.4,True,Churned
INV001879,9,2024-01-29,2025-05-11,112.0,58.5,6,425995,47332.77777777778,True,Churned
INV001880,9,2024-04-02,2025-04-30,99.0,49.125,5,1214621,134957.88888888888,True,Churned
INV001881,6,2024-01-09,2025-01-16,140.0,74.6,4,506456,84409.33333333333,True,Churned
INV001882,5,2024-01-20,2025-03-15,156.0,105.0,4,873846,174769.2,True,Churned
INV001883,8,2024-01-16,2025-05-26,203.0,70.85714285714286,4,421206,52650.75,True,Churned
INV001884,1,2025-01-29,2025-01-29,,,0,27771,27771.0,False,New
INV001885,12,2024-01-10,2025-05-20,128.0,45.09090909090909,5,717493,59791.083333333336,True,Churned
INV001886,10,2024-03-17,2025-04-27,129.0,45.111111111111114,3,152542,15254.2,True,Churned
INV001887,7,2024-01-30,2025-05-12,157.0,78.0,3,1290164,184309.14285714287,True,Churned
INV001888,8,2024-01-02,2025-04-04,176.0,65.42857142857143,4,1079633,134954.125,True,Churned
INV001889,1,2024-08-06,2024-08-06,,,0,86387,86387.0,False,New
INV001890,7,2024-01-02,2025-05-29,207.0,85.5,3,513274,73324.85714285714,True,Churned
INV001891,9,2024-02-03,2025-05-30,225.0,60.25,2,883459,98162.11111111111,True,Churned
INV001892,3,2024-04-17,2025-04-01,207.0,174.5,2,50039,16679.666666666668,True,Churned
INV001893,6,2024-07-12,2025-04-11,132.0,54.6,3,508391,84731.83333333333,True,Churned
INV001894,4,2024-09-02,2025-01-06,62.0,42.0,2,684661,171165.25,True,High Risk
INV001895,8,2024-02-10,2025-04-16,102.0,61.57142857142857,5,1247954,155994.25,True,Churned
INV001896,6,2024-04-26,2024-12-17,145.0,47.0,2,519066,86511.0,True,Churned
INV001897,7,2024-05-16,2025-03-29,101.0,52.833333333333336,5,732896,104699.42857142857,True,Churned
INV001898,1,2025-05-06,2025-05-06,,,0,278930,278930.0,False,New
INV001899,8,2024-01-20,2025-05-19,154.0,69.28571428571429,4,564020,70502.5,True,Churned
INV001900,5,2024-07-10,2025-05-06,146.0,75.0,2,25240,5048.0,True,Churned
INV001901,3,2024-06-10,2025-05-01,268.0,162.5,2,287388,95796.0,True,Churned
INV001902,4,2024-01-06,2024-10-08,216.0,92.0,2,534146,133536.5,True,Churned
INV001903,10,2024-01-20,2024-12-29,101.0,38.22222222222222,4,1689254,168925.4,True,Churned
INV001904,2,2024-06-04,2025-04-05,305.0,305.0,1,100684,50342.0,True,Churned
INV001905,5,2024-02-27,2025-05-08,185.0,109.0,4,340294,68058.8,True,Churned
INV001906,3,2024-09-25,2025-04-07,111.0,97.0,2,87034,29011.333333333332,True,Churned
INV001907,1,2025-03-19,2025-03-19,,,0,264776,264776.0,False,New
INV001908,5,2024-06-09,2025-03-12,141.0,69.0,3,1256813,251362.6,True,Churned
INV001909,10,2024-02-21,2025-05-01,106.0,48.333333333333336,6,925557,92555.7,True,Churned
INV001910,5,2024-01-03,2025-02-11,206.0,101.25,3,1350619,270123.8,True,Churned
INV001911,4,2024-04-22,2024-07-21,44.0,30.0,2,327561,81890.25,True,At Risk
INV001912,11,2024-01-16,2025-04-14,123.0,45.4,5,1401364,127396.72727272728,True,Churned
INV001913,6,2024-06-09,2025-04-28,156.0,64.6,2,735103,122517.16666666667,True,Churned
INV001914,10,2024-05-03,2025-05-18,89.0,42.22222222222222,6,1174262,117426.2,True,High Risk
INV001915,2,2024-04-25,2024-12-09,228.0,228.0,1,6864,3432.0,True,Churned
INV001916,10,2024-01-08,2025-02-24,118.0,45.888888888888886,3,1728270,172827.0,True,Churned
INV001917,8,2024-06-15,2025-03-25,106.0,40.42857142857143,3,1544588,193073.5,True,Churned
INV001918,2,2024-04-18,2024-10-20,185.0,185.0,1,495325,247662.5,True,Churned
INV001919,2,2025-01-16,2025-05-28,132.0,132.0,1,468320,234160.0,True,Churned
INV001920,11,2024-06-28,2025-04-24,66.0,30.0,3,1386418,126038.0,True,High Risk
INV001921,12,2024-01-28,2025-05-22,107.0,43.63636363636363,7,756798,63066.5,True,Churned
INV001922,7,2024-03-01,2025-04-17,231.0,68.66666666666667,4,271309,38758.42857142857,True,Churned
INV001923,12,2024-01-06,2025-05-04,89.0,44.0,6,1303739,108644.91666666667,True,High Risk
INV001924,9,2024-01-06,2025-05-07,132.0,60.875,6,499609,55512.11111111111,True,Churned
INV001925,1,2024-06-15,2024-06-15,,,0,48046,48046.0,False,New
INV001926,11,2024-01-14,2025-04-22,107.0,46.4,6,1068830,97166.36363636363,True,Churned
INV001927,9,2024-05-22,2025-04-25,59.0,42.25,6,1075729,119525.44444444444,True,At Risk
INV001928,6,2024-02-17,2025-04-11,304.0,83.8,3,776641,129440.16666666667,True,Churned
INV001929,10,2024-04-12,2025-05-23,152.0,45.111111111111114,4,876400,87640.0,True,Churned
INV001930,6,2024-01-05,2025-05-04,262.0,97.0,2,458380,76396.66666666667,True,Churned
INV001931,1,2025-03-23,2025-03-23,,,0,3236,3236.0,False,New
INV001932,2,2024-03-18,2024-11-22,249.0,249.0,1,6214,3107.0,True,Churned
INV001933,8,2024-02-12,2025-04-19,139.0,61.714285714285715,4,720963,90120.375,True,Churned
INV001934,3,2024-04-02,2025-02-20,303.0,162.0,1,297579,99193.0,True,Churned
INV001935,1,2024-10-14,2024-10-14,,,0,9362,9362.0,False,New
INV001936,3,2024-10-21,2024-11-23,26.0,16.5,0,312352,104117.33333333333,False,Active
INV001937,11,2024-01-30,2025-05-27,152.0,48.3,4,789325,71756.81818181818,True,Churned
INV001938,12,2024-04-04,2025-04-01,112.0,32.90909090909091,4,886888,73907.33333333333,True,Churned
INV001939,2,2024-12-01,2025-02-02,63.0,63.0,1,405044,202522.0,True,High Risk
INV001940,8,2024-02-22,2025-03-21,150.0,56.142857142857146,3,922711,115338.875,True,Churned
INV001941,2,2024-04-15,2025-01-08,268.0,268.0,1,260155,130077.5,True,Churned
INV001942,3,2024-02-10,2024-11-16,152.0,140.0,2,894822,298274.0,True,Churned
INV001943,7,2024-02-26,2025-03-04,171.0,62.0,3,596108,85158.28571428571,True,Churned
INV001944,10,2024-03-29,2025-05-10,168.0,45.22222222222222,4,1084537,108453.7,True,Churned
INV001945,8,2024-02-09,2024-12-31,103.0,46.57142857142857,4,1263474,157934.25,True,Churned
INV001946,6,2024-01-30,2024-11-08,106.0,56.6,4,787894,131315.66666666666,True,Churned
INV001947,1,2024-03-30,2024-03-30,,,0,2015,2015.0,False,New
INV001948,4,2024-02-09,2025-04-27,250.0,147.66666666666666,2,529327,132331.75,True,Churned
INV001949,4,2024-08-18,2025-02-10,115.0,58.666666666666664,2,710096,177524.0,True,Churned
INV001950,12,2024-01-21,2025-05-20,99.0,44.09090909090909,5,1286820,107235.0,True,Churned
INV001951,10,2024-02-15,2025-04-14,98.0,47.111111111111114,5,882587,88258.7,True,Churned
INV001952,3,2024-03-18,2025-01-01,284.0,144.5,1,238186,79395.33333333333,True,Churned
INV001953,2,2024-01-06,2025-02-18,409.0,409.0,1,883150,441575.0,True,Churned
INV001954,9,2024-02-06,2025-04-15,187.0,54.25,4,411577,45730.77777777778,True,Churned
INV001955,8,2024-02-15,2025-03-01,103.0,54.285714285714285,4,827053,103381.625,True,Churned
INV001956,7,2024-02-09,2025-05-30,160.0,79.33333333333333,4,743888,106269.71428571429,True,Churned
INV001957,2,2024-11-01,2024-12-12,41.0,41.0,1,3382,1691.0,True,At Risk
INV001958,3,2024-03-28,2025-04-05,253.0,186.5,2,616575,205525.0,True,Churned
INV001959,9,2024-03-02,2025-05-06,107.0,53.75,5,1255134,139459.33333333334,True,Churned
INV001960,3,2024-05-25,2025-03-14,185.0,146.5,2,196853,65617.66666666667,True,Churned
INV001961,8,2024-01-07,2025-04-12,222.0,65.85714285714286,5,373665,46708.125,True,Churned
INV001962,6,2024-02-24,2025-02-11,177.0,70.6,3,458114,76352.33333333333,True,Churned
INV001963,4,2024-04-01,2025-05-07,374.0,133.66666666666666,1,739433,184858.25,True,Churned
INV001964,1,2024-09-23,2024-09-23,,,0,3276,3276.0,False,New
INV001965,2,2024-02-02,2024-07-03,152.0,152.0,1,386063,193031.5,True,Churned
INV001966,4,2024-05-07,2025-05-24,191.0,127.33333333333333,3,655813,163953.25,True,Churned
INV001967,8,2024-11-30,2025-05-30,92.0,25.857142857142858,1,909638,113704.75,True,Churned
INV001968,5,2024-06-29,2025-02-26,95.0,60.5,3,479971,95994.2,True,Churned
INV001969,11,2024-01-15,2025-04-10,120.0,45.1,7,1580321,143665.54545454544,True,Churned
INV001970,7,2024-02-26,2025-04-07,137.0,67.66666666666667,4,1040682,148668.85714285713,True,Churned
INV001971,11,2024-04-11,2025-04-29,87.0,38.3,4,789169,71742.63636363637,True,High Risk
INV001972,12,2024-01-14,2025-02-02,142.0,35.0,4,1475724,122977.0,True,Churned
INV001973,1,2025-05-01,2025-05-01,,,0,56792,56792.0,False,New
INV001974,11,2024-02-22,2025-02-13,86.0,35.7,5,2034690,184971.81818181818,True,High Risk
INV001975,6,2024-02-22,2025-03-19,159.0,78.2,5,679209,113201.5,True,Churned
INV001976,3,2024-06-03,2025-01-01,112.0,106.0,2,253606,84535.33333333333,True,Churned
INV001977,9,2024-01-14,2025-04-12,184.0,56.75,3,892292,99143.55555555556,True,Churned
INV001978,7,2024-02-02,2025-05-04,112.0,76.16666666666667,5,501829,71689.85714285714,True,Churned
INV001979,11,2024-03-16,2025-05-10,134.0,42.0,3,1221062,111005.63636363637,True,Churned
INV001980,3,2024-02-02,2025-04-04,389.0,213.5,2,10249,3416.3333333333335,True,Churned
INV001981,5,2024-01-10,2025-05-15,200.0,122.75,3,611933,122386.6,True,Churned
INV001982,8,2024-03-18,2025-05-21,161.0,61.285714285714285,4,956578,119572.25,True,Churned
INV001983,8,2024-01-12,2025-05-07,203.0,68.71428571428571,6,721360,90170.0,True,Churned
INV001984,1,2024-07-13,2024-07-13,,,0,24984,24984.0,False,New
INV001985,7,2024-01-14,2025-03-14,192.0,70.83333333333333,3,280553,40079.0,True,Churned
INV001986,9,2024-07-03,2025-05-05,68.0,38.25,4,596307,66256.33333333333,True,High Risk
INV001987,11,2024-04-08,2025-05-15,144.0,40.2,4,1569778,142707.0909090909,True,Churned
INV001988,3,2024-09-30,2025-01-18,71.0,55.0,2,112210,37403.333333333336,True,High Risk
INV001989,3,2024-04-14,2024-10-10,94.0,89.5,2,49776,16592.0,True,Churned
INV001990,12,2024-02-08,2025-04-30,130.0,40.63636363636363,5,1275684,106307.0,True,Churned
INV001991,3,2024-08-02,2024-09-26,49.0,27.5,1,797472,265824.0,True,At Risk
INV001992,5,2024-01-27,2025-03-08,148.0,101.5,4,146728,29345.6,True,Churned
INV001993,11,2024-02-15,2025-05-07,87.0,44.7,6,1079055,98095.90909090909,True,High Risk
INV001994,2,2024-10-14,2025-02-11,120.0,120.0,1,155875,77937.5,True,Churned
INV001995,9,2024-02-18,2025-02-02,94.0,43.75,5,970993,107888.11111111111,True,Churned
INV001996,2,2024-04-18,2024-09-22,157.0,157.0,1,451789,225894.5,True,Churned
INV001997,9,2024-01-04,2025-04-22,168.0,59.25,4,465010,51667.77777777778,True,Churned
INV001998,12,2024-02-13,2025-05-30,98.0,42.90909090909091,6,1828925,152410.41666666666,True,Churned
INV001999,12,2024-01-22,2024-12-16,78.0,29.90909090909091,4,3179916,264993.0,True,High Risk
INV002000,7,2024-03-22,2025-02-05,132.0,53.333333333333336,4,580491,82927.28571428571,True,Churned
INV002001,9,2024-03-17,2025-05-15,141.0,53.0,4,482676,53630.666666666664,True,Churned
INV002002,5,2024-04-08,2025-03-15,118.0,85.25,3,654968,130993.6,True,Churned
INV002003,7,2024-01-14,2024-09-18,69.0,41.333333333333336,4,1405902,200843.14285714287,True,High Risk
INV002004,2,2024-07-02,2024-08-13,42.0,42.0,1,155773,77886.5,True,At Risk
INV002005,7,2024-04-21,2025-03-14,91.0,54.5,5,1430201,204314.42857142858,True,Churned
INV002006,8,2024-03-19,2025-03-22,122.0,52.57142857142857,4,506034,63254.25,True,Churned
INV002007,4,2024-06-18,2025-02-21,213.0,82.66666666666667,1,488352,122088.0,True,Churned
INV002008,10,2024-03-12,2025-02-28,95.0,39.22222222222222,5,1526719,152671.9,True,Churned
INV002009,1,2024-06-19,2024-06-19,,,0,12577,12577.0,False,New
INV002010,8,2024-01-11,2025-05-10,112.0,69.28571428571429,7,574575,71821.875,True,Churned
INV002011,9,2024-01-27,2025-05-19,129.0,59.75,5,1194866,132762.88888888888,True,Churned
INV002012,7,2024-03-27,2025-05-16,144.0,69.16666666666667,4,516823,73831.85714285714,True,Churned
INV002013,8,2024-02-16,2025-03-25,100.0,57.57142857142857,4,972732,121591.5,True,Churned
INV002014,3,2024-11-25,2025-05-29,101.0,92.5,2,17561,5853.666666666667,True,Churned
INV002015,4,2024-04-13,2025-05-20,209.0,134.0,3,257467,64366.75,True,Churned
INV002016,4,2024-02-13,2024-12-27,142.0,106.0,3,387013,96753.25,True,Churned
INV002017,9,2024-02-15,2025-03-15,99.0,49.25,4,637891,70876.77777777778,True,Churned
INV002018,11,2024-02-14,2025-04-30,104.0,44.1,5,1213533,110321.18181818182,True,Churned
INV002019,8,2024-02-12,2025-05-12,117.0,65.0,4,364481,45560.125,True,Churned
INV002020,3,2024-06-24,2025-03-12,200.0,130.5,2,805567,268522.3333333333,True,Churned
INV002021,7,2024-08-19,2025-05-23,72.0,46.166666666666664,5,1571360,224480.0,True,High Risk
INV002022,7,2024-07-22,2025-05-30,89.0,52.0,4,1038054,148293.42857142858,True,High Risk
INV002023,5,2024-03-21,2025-01-17,123.0,75.5,3,802085,160417.0,True,Churned
INV002024,3,2024-07-07,2024-08-26,37.0,25.0,1,531765,177255.0,True,At Risk
INV002025,7,2024-05-24,2025-04-24,92.0,55.833333333333336,4,52531,7504.428571428572,True,Churned
INV002026,6,2024-02-10,2025-04-12,161.0,85.4,4,136398,22733.0,True,Churned
INV002027,4,2024-04-26,2025-05-30,235.0,133.0,2,458735,114683.75,True,Churned
INV002028,2,2024-04-26,2024-12-04,222.0,222.0,1,445192,222596.0,True,Churned
INV002029,2,2025-03-10,2025-05-24,75.0,75.0,1,84008,42004.0,True,High Risk
INV002030,8,2024-01-09,2025-05-25,251.0,71.71428571428571,4,1456413,182051.625,True,Churned
INV002031,1,2024-01-21,2024-01-21,,,0,9353,9353.0,False,New
INV002032,3,2024-02-11,2025-04-02,390.0,208.0,1,158449,52816.333333333336,True,Churned
INV002033,11,2024-01-04,2025-01-27,112.0,38.9,4,836274,76024.90909090909,True,Churned
INV002034,12,2024-01-06,2025-05-26,103.0,46.0,5,763779,63648.25,True,Churned
INV002035,11,2024-04-09,2025-05-04,94.0,39.0,5,1877324,170665.81818181818,True,Churned
INV002036,12,2024-03-21,2025-01-23,160.0,28.0,3,1618515,134876.25,True,Churned
INV002037,10,2024-03-04,2025-02-06,173.0,37.666666666666664,2,1452100,145210.0,True,Churned
INV002038,9,2024-01-16,2025-03-11,116.0,52.5,5,1436324,159591.55555555556,True,Churned
INV002039,11,2024-01-22,2025-04-27,102.0,46.1,4,2713616,246692.36363636365,True,Churned
INV002040,10,2024-01-25,2025-04-26,111.0,50.77777777777778,6,1148548,114854.8,True,Churned
INV002041,6,2024-02-22,2024-11-12,95.0,52.8,3,574451,95741.83333333333,True,Churned
INV002042,10,2024-02-02,2025-03-28,198.0,46.666666666666664,4,755281,75528.1,True,Churned
INV002043,5,2024-03-13,2025-02-23,157.0,86.75,3,644447,128889.4,True,Churned
INV002044,8,2024-05-10,2025-05-21,118.0,53.714285714285715,5,1133344,141668.0,True,Churned
INV002045,9,2024-01-12,2025-05-06,165.0,60.0,4,606488,67387.55555555556,True,Churned
INV002046,2,2024-02-29,2025-02-26,363.0,363.0,1,513009,256504.5,True,Churned
INV002047,4,2024-01-23,2025-03-02,161.0,134.66666666666666,3,14605,3651.25,True,Churned
INV002048,1,2025-03-21,2025-03-21,,,0,15142,15142.0,False,New
INV002049,7,2024-02-18,2025-03-21,174.0,66.16666666666667,4,732281,104611.57142857143,True,Churned
INV002050,5,2024-02-09,2025-02-10,151.0,91.75,3,715040,143008.0,True,Churned
INV002051,10,2024-03-30,2025-04-27,153.0,43.666666666666664,3,698757,69875.7,True,Churned
INV002052,9,2024-02-08,2024-10-30,82.0,33.125,3,877960,97551.11111111111,True,High Risk
INV002053,2,2024-02-18,2024-03-10,21.0,21.0,0,11671,5835.5,False,Active
INV002054,5,2024-01-01,2024-11-10,127.0,78.5,3,26667,5333.4,True,Churned
INV002055,8,2024-01-21,2025-05-18,239.0,69.0,3,1232285,154035.625,True,Churned
INV002056,7,2024-01-04,2025-05-02,205.0,80.66666666666667,4,1234506,176358.0,True,Churned
INV002057,2,2025-02-16,2025-04-19,62.0,62.0,1,424443,212221.5,True,High Risk
INV002058,3,2024-05-21,2024-12-10,143.0,101.5,2,319890,106630.0,True,Churned
INV002059,3,2024-01-03,2025-03-06,268.0,214.0,2,289836,96612.0,True,Churned
INV002060,7,2024-03-31,2025-04-18,197.0,63.833333333333336,3,796354,113764.85714285714,True,Churned
INV002061,7,2024-01-30,2025-05-27,205.0,80.5,4,492215,70316.42857142857,True,Churned
INV002062,3,2024-04-18,2024-08-12,74.0,58.0,2,796753,265584.3333333333,True,High Risk
INV002063,3,2024-10-17,2024-12-29,54.0,36.5,1,368921,122973.66666666667,True,At Risk
INV002064,4,2024-06-23,2025-01-14,178.0,68.33333333333333,1,540877,135219.25,True,Churned
INV002065,4,2024-01-03,2025-05-07,270.0,163.33333333333334,2,69276,17319.0,True,Churned
INV002066,6,2024-04-03,2025-05-17,130.0,81.8,4,679396,113232.66666666667,True,Churned
INV002067,9,2024-03-11,2025-05-12,130.0,53.375,5,501276,55697.333333333336,True,Churned
INV002068,2,2024-08-11,2025-03-20,221.0,221.0,1,23863,11931.5,True,Churned
INV002069,11,2024-01-09,2025-03-12,86.0,42.8,5,534630,48602.72727272727,True,High Risk
INV002070,11,2024-01-10,2025-05-12,118.0,48.8,6,1093260,99387.27272727272,True,Churned
INV002071,4,2024-03-05,2025-05-06,306.0,142.33333333333334,3,913305,228326.25,True,Churned
INV002072,3,2024-01-31,2024-10-24,266.0,133.5,1,49859,16619.666666666668,True,Churned
INV002073,5,2024-06-14,2025-05-01,223.0,80.25,2,389698,77939.6,True,Churned
INV002074,6,2024-08-26,2025-05-30,104.0,55.4,3,469153,78192.16666666667,True,Churned
INV002075,6,2024-03-08,2025-02-02,126.0,66.2,4,437340,72890.0,True,Churned
INV002076,1,2024-12-23,2024-12-23,,,0,7534,7534.0,False,New
INV002077,6,2024-02-04,2025-02-19,192.0,76.2,3,507541,84590.16666666667,True,Churned
INV002078,2,2024-08-03,2024-09-26,54.0,54.0,1,24172,12086.0,True,At Risk
INV002079,4,2024-08-14,2025-02-14,122.0,61.333333333333336,2,487019,121754.75,True,Churned
INV002080,9,2024-01-13,2025-05-07,95.0,60.0,6,1280935,142326.11111111112,True,Churned
INV002081,5,2024-06-28,2025-02-03,107.0,55.0,2,971167,194233.4,True,Churned
INV002082,5,2024-06-20,2025-02-02,125.0,56.75,2,402844,80568.8,True,Churned
INV002083,11,2024-02-03,2025-05-13,193.0,46.5,5,341983,31089.363636363636,True,Churned
INV002084,1,2024-07-20,2024-07-20,,,0,2072,2072.0,False,New
INV002085,7,2024-02-29,2025-01-19,191.0,54.166666666666664,2,288212,41173.142857142855,True,Churned
INV002086,1,2024-09-29,2024-09-29,,,0,138875,138875.0,False,New
INV002087,6,2024-03-29,2025-03-17,126.0,70.6,4,209869,34978.166666666664,True,Churned
INV002088,8,2024-02-02,2025-05-25,182.0,68.28571428571429,3,968782,121097.75,True,Churned
INV002089,4,2024-04-18,2025-03-28,145.0,114.66666666666667,3,545812,136453.0,True,Churned
INV002090,10,2024-01-11,2025-05-07,144.0,53.55555555555556,4,1091019,109101.9,True,Churned
INV002091,1,2024-03-28,2024-03-28,,,0,534,534.0,False,New
INV002092,10,2024-05-20,2025-04-28,81.0,38.111111111111114,5,934500,93450.0,True,High Risk
INV002093,8,2024-02-02,2024-10-15,82.0,36.57142857142857,2,1316545,164568.125,True,High Risk
INV002094,4,2024-04-26,2025-04-17,220.0,118.66666666666667,2,227417,56854.25,True,Churned
INV002095,11,2024-02-28,2025-05-08,96.0,43.5,3,2019307,183573.36363636365,True,Churned
INV002096,6,2024-06-12,2025-04-27,202.0,63.8,2,513453,85575.5,True,Churned
INV002097,3,2024-02-17,2024-05-01,41.0,37.0,1,629177,209725.66666666666,True,At Risk
INV002098,9,2024-03-24,2025-05-11,131.0,51.625,4,973631,108181.22222222222,True,Churned
INV002099,8,2024-01-10,2025-05-23,268.0,71.28571428571429,5,1404902,175612.75,True,Churned
INV002100,3,2024-04-13,2024-09-26,119.0,83.0,2,1235092,411697.3333333333,True,Churned
INV002101,12,2024-01-03,2025-02-24,120.0,38.0,4,1300039,108336.58333333333,True,Churned
INV002102,9,2024-02-07,2025-02-16,130.0,46.875,4,827955,91995.0,True,Churned
INV002103,4,2024-10-25,2024-12-22,43.0,19.333333333333332,1,592545,148136.25,True,At Risk
INV002104,10,2024-03-15,2025-04-22,135.0,44.77777777777778,4,1245622,124562.2,True,Churned
INV002105,1,2024-09-02,2024-09-02,,,0,288896,288896.0,False,New
INV002106,5,2024-04-02,2025-03-24,170.0,89.0,2,34136,6827.2,True,Churned
INV002107,10,2024-01-09,2025-05-21,249.0,55.333333333333336,4,511466,51146.6,True,Churned
INV002108,3,2024-04-08,2025-03-03,317.0,164.5,1,61029,20343.0,True,Churned
INV002109,8,2024-07-13,2025-01-10,79.0,25.857142857142858,2,1712983,214122.875,True,High Risk
INV002110,7,2024-02-29,2024-12-03,121.0,46.333333333333336,2,595333,85047.57142857143,True,Churned
INV002111,12,2024-01-24,2025-05-03,101.0,42.27272727272727,6,1152847,96070.58333333333,True,Churned
INV002112,9,2024-04-28,2025-05-26,147.0,49.125,3,1411117,156790.77777777778,True,Churned
INV002113,6,2024-02-03,2025-03-13,201.0,80.8,4,652895,108815.83333333333,True,Churned
INV002114,8,2024-04-22,2025-03-29,162.0,48.714285714285715,3,1612483,201560.375,True,Churned
INV002115,8,2024-02-08,2025-05-13,106.0,65.71428571428571,5,979355,122419.375,True,Churned
INV002116,10,2024-02-14,2024-11-11,53.0,30.11111111111111,3,1418181,141818.1,True,At Risk
INV002117,8,2024-02-21,2025-05-13,208.0,63.857142857142854,4,864548,108068.5,True,Churned
INV002118,2,2024-09-25,2024-11-21,57.0,57.0,1,135733,67866.5,True,At Risk
INV002119,10,2024-03-29,2025-05-30,195.0,47.44444444444444,4,711208,71120.8,True,Churned
INV002120,3,2024-04-14,2024-11-19,173.0,109.5,2,62457,20819.0,True,Churned
INV002121,9,2024-04-05,2025-05-21,88.0,51.375,5,352626,39180.666666666664,True,High Risk
INV002122,8,2024-07-14,2025-05-26,97.0,45.142857142857146,4,533263,66657.875,True,Churned
INV002123,7,2024-03-13,2025-04-19,97.0,67.0,5,902613,128944.71428571429,True,Churned
INV002124,10,2024-02-14,2025-05-28,169.0,52.111111111111114,4,1481970,148197.0,True,Churned
INV002125,6,2024-08-07,2025-02-03,88.0,36.0,1,174797,29132.833333333332,True,High Risk
INV002126,7,2024-02-12,2025-04-13,153.0,71.0,5,507882,72554.57142857143,True,Churned
INV002127,8,2024-05-18,2025-04-12,92.0,47.0,3,610190,76273.75,True,Churned
INV002128,6,2024-02-18,2025-05-01,170.0,87.6,3,915004,152500.66666666666,True,Churned
INV002129,4,2024-03-10,2024-12-08,156.0,91.0,2,143245,35811.25,True,Churned
INV002130,6,2024-02-03,2024-12-12,94.0,62.6,4,489660,81610.0,True,Churned
INV002131,8,2024-01-11,2025-04-16,129.0,65.85714285714286,4,601268,75158.5,True,Churned
INV002132,3,2024-12-23,2025-01-27,33.0,17.5,0,280328,93442.66666666667,False,Active
INV002133,6,2024-01-24,2025-04-17,272.0,89.8,3,313318,52219.666666666664,True,Churned
INV002134,12,2024-01-20,2025-05-30,102.0,45.09090909090909,6,1305485,108790.41666666667,True,Churned
INV002135,10,2024-01-02,2025-05-18,139.0,55.77777777777778,4,1197980,119798.0,True,Churned
INV002136,4,2024-05-09,2025-02-08,183.0,91.66666666666667,2,760544,190136.0,True,Churned
INV002137,10,2024-05-27,2025-03-08,125.0,31.666666666666668,2,1008825,100882.5,True,Churned
INV002138,8,2024-01-22,2025-04-25,177.0,65.57142857142857,4,710151,88768.875,True,Churned
INV002139,8,2024-01-01,2025-04-12,170.0,66.71428571428571,3,1551966,193995.75,True,Churned
INV002140,3,2024-01-11,2024-12-25,187.0,174.5,2,493914,164638.0,True,Churned
INV002141,7,2024-05-26,2025-02-19,84.0,44.833333333333336,4,709218,101316.85714285714,True,High Risk
INV002142,10,2024-01-14,2025-04-30,162.0,52.44444444444444,5,495932,49593.2,True,Churned
INV002143,12,2024-01-15,2025-04-04,148.0,40.45454545454545,3,812426,67702.16666666667,True,Churned
INV002144,5,2024-02-26,2025-02-25,127.0,91.25,4,416208,83241.6,True,Churned
INV002145,3,2024-12-02,2025-05-20,134.0,84.5,1,478732,159577.33333333334,True,Churned
INV002146,3,2024-09-06,2025-04-11,175.0,108.5,2,210955,70318.33333333333,True,Churned
INV002147,2,2024-06-17,2025-05-30,347.0,347.0,1,513730,256865.0,True,Churned
INV002148,4,2024-02-20,2025-03-14,268.0,129.33333333333334,3,94522,23630.5,True,Churned
INV002149,11,2024-04-10,2025-02-23,215.0,31.9,1,832066,75642.36363636363,True,Churned
INV002150,6,2024-03-14,2025-03-17,216.0,73.6,4,57183,9530.5,True,Churned
INV002151,10,2024-01-16,2025-05-13,201.0,53.666666666666664,4,378640,37864.0,True,Churned
INV002152,8,2024-01-24,2025-05-10,126.0,67.42857142857143,4,1475992,184499.0,True,Churned
INV002153,10,2024-03-22,2025-05-03,133.0,45.22222222222222,4,891126,89112.6,True,Churned
INV002154,12,2024-01-05,2025-05-13,175.0,44.90909090909091,3,1169884,97490.33333333333,True,Churned
INV002155,8,2024-03-05,2025-04-27,140.0,59.714285714285715,4,694670,86833.75,True,Churned
INV002156,3,2024-04-19,2024-11-01,174.0,98.0,1,321505,107168.33333333333,True,Churned
INV002157,12,2024-01-01,2025-03-26,86.0,40.90909090909091,5,1028453,85704.41666666667,True,High Risk
INV002158,9,2024-01-04,2025-05-09,142.0,61.375,4,1433878,159319.77777777778,True,Churned
INV002159,8,2024-06-18,2025-05-09,104.0,46.42857142857143,4,504028,63003.5,True,Churned
INV002160,3,2024-10-27,2025-01-07,64.0,36.0,1,741009,247003.0,True,High Risk
INV002161,8,2024-02-03,2025-04-27,264.0,64.14285714285714,4,1497111,187138.875,True,Churned
INV002162,10,2024-02-04,2025-05-16,198.0,51.888888888888886,6,307301,30730.1,True,Churned
INV002163,2,2024-03-11,2025-01-11,306.0,306.0,1,16887,8443.5,True,Churned
INV002164,7,2024-05-27,2025-05-11,89.0,58.166666666666664,5,498336,71190.85714285714,True,High Risk
INV002165,7,2024-01-02,2025-05-09,156.0,82.16666666666667,5,1537545,219649.2857142857,True,Churned
INV002166,7,2024-01-01,2025-05-11,248.0,82.66666666666667,5,134817,19259.571428571428,True,Churned
INV002167,9,2024-03-31,2025-02-07,77.0,39.125,5,1520390,168932.22222222222,True,High Risk
INV002168,4,2024-01-09,2025-05-26,343.0,167.66666666666666,3,25121,6280.25,True,Churned
INV002169,4,2024-02-20,2025-01-23,193.0,112.66666666666667,3,926937,231734.25,True,Churned
INV002170,7,2024-01-23,2025-02-21,150.0,65.83333333333333,4,905704,129386.28571428571,True,Churned
INV002171,7,2024-03-08,2025-02-06,150.0,55.833333333333336,2,55736,7962.285714285715,True,Churned
INV002172,3,2024-07-25,2025-05-03,205.0,141.0,2,55655,18551.666666666668,True,Churned
INV002173,2,2024-05-19,2024-10-14,148.0,148.0,1,3200,1600.0,True,Churned
INV002174,6,2024-01-15,2025-03-20,143.0,86.0,3,1003989,167331.5,True,Churned
INV002175,2,2024-03-12,2024-06-12,92.0,92.0,1,104756,52378.0,True,Churned
INV002176,7,2024-01-11,2025-05-13,185.0,81.33333333333333,4,558882,79840.28571428571,True,Churned
INV002177,11,2024-03-16,2025-05-28,141.0,43.8,4,1359487,123589.72727272728,True,Churned
INV002178,11,2024-02-10,2025-05-20,236.0,46.5,4,569430,51766.36363636364,True,Churned
INV002179,11,2024-02-10,2025-04-08,171.0,42.3,4,1162366,105669.63636363637,True,Churned
INV002180,3,2024-03-02,2025-01-04,175.0,154.0,2,57151,19050.333333333332,True,Churned
INV002181,6,2024-05-16,2025-05-12,164.0,72.2,4,1475032,245838.66666666666,True,Churned
INV002182,12,2024-02-19,2025-05-05,146.0,40.09090909090909,4,1737243,144770.25,True,Churned
INV002183,4,2024-06-30,2025-04-19,146.0,97.66666666666667,3,219888,54972.0,True,Churned
INV002184,11,2024-02-06,2025-05-26,167.0,47.5,4,1359367,123578.81818181818,True,Churned
INV002185,10,2024-03-16,2024-11-30,92.0,28.77777777777778,2,1389586,138958.6,True,Churned
INV002186,10,2024-02-05,2025-04-29,112.0,49.888888888888886,7,433021,43302.1,True,Churned
INV002187,12,2024-01-14,2025-05-14,122.0,44.18181818181818,5,1212077,101006.41666666667,True,Churned
INV002188,9,2024-03-11,2024-10-25,85.0,28.5,2,1190619,132291.0,True,High Risk
INV002189,12,2024-02-04,2025-05-29,153.0,43.63636363636363,4,1898414,158201.16666666666,True,Churned
INV002190,5,2024-04-25,2025-02-24,121.0,76.25,3,1029536,205907.2,True,Churned
INV002191,5,2024-01-22,2025-05-20,282.0,121.0,3,699980,139996.0,True,Churned
INV002192,10,2024-02-06,2025-02-06,95.0,40.666666666666664,4,1415298,141529.8,True,Churned
INV002193,3,2024-12-02,2025-04-24,142.0,71.5,1,703188,234396.0,True,Churned
INV002194,1,2025-01-31,2025-01-31,,,0,8980,8980.0,False,New
INV002195,10,2024-01-20,2025-04-03,154.0,48.77777777777778,6,158195,15819.5,True,Churned
INV002196,10,2024-01-02,2025-05-26,115.0,56.666666666666664,5,818463,81846.3,True,Churned
INV002197,5,2024-01-31,2025-03-27,272.0,105.25,3,702186,140437.2,True,Churned
INV002198,12,2024-04-12,2025-04-17,90.0,33.63636363636363,3,830688,69224.0,True,High Risk
INV002199,9,2024-02-14,2024-12-15,83.0,38.125,4,936564,104062.66666666667,True,High Risk
INV002200,6,2024-03-03,2025-04-25,291.0,83.6,3,363740,60623.333333333336,True,Churned
INV002201,10,2024-01-27,2025-03-02,136.0,44.44444444444444,5,1642110,164211.0,True,Churned
INV002202,10,2024-01-13,2025-05-20,143.0,54.77777777777778,5,347098,34709.8,True,Churned
INV002203,2,2024-07-06,2024-11-11,128.0,128.0,1,548923,274461.5,True,Churned
INV002204,4,2024-02-21,2025-04-30,215.0,144.66666666666666,3,571997,142999.25,True,Churned
INV002205,6,2024-03-01,2025-05-12,243.0,87.4,3,571728,95288.0,True,Churned
INV002206,11,2024-01-16,2025-03-29,107.0,43.8,6,1538017,139819.72727272726,True,Churned
INV002207,7,2024-02-01,2025-04-14,252.0,73.0,3,1117901,159700.14285714287,True,Churned
INV002208,11,2024-01-31,2025-04-03,129.0,42.8,4,1324939,120449.0,True,Churned
INV002209,2,2024-03-10,2024-12-06,271.0,271.0,1,9846,4923.0,True,Churned
INV002210,1,2024-07-21,2024-07-21,,,0,142962,142962.0,False,New
INV002211,10,2024-03-28,2025-04-15,109.0,42.55555555555556,3,761191,76119.1,True,Churned
INV002212,8,2024-02-16,2025-03-31,158.0,58.42857142857143,3,1246591,155823.875,True,Churned
INV002213,9,2024-06-07,2025-03-27,121.0,36.625,4,1194985,132776.11111111112,True,Churned
INV002214,12,2024-02-15,2025-05-23,82.0,42.09090909090909,7,1731984,144332.0,True,High Risk
INV002215,10,2024-01-30,2025-05-29,122.0,53.888888888888886,8,2009153,200915.3,True,Churned
INV002216,10,2024-03-01,2025-05-07,128.0,48.0,6,509264,50926.4,True,Churned
INV002217,5,2024-01-13,2024-12-07,151.0,82.25,3,677355,135471.0,True,Churned
INV002218,8,2024-03-31,2025-04-03,147.0,52.57142857142857,3,745768,93221.0,True,Churned
INV002219,11,2024-01-01,2025-05-14,142.0,49.9,4,1128288,102571.63636363637,True,Churned
INV002220,11,2024-04-20,2025-02-27,67.0,31.3,4,1225352,111395.63636363637,True,High Risk
INV002221,2,2024-03-11,2024-10-11,214.0,214.0,1,539059,269529.5,True,Churned
INV002222,3,2024-08-11,2025-05-13,222.0,137.5,2,556818,185606.0,True,Churned
INV002223,6,2024-01-09,2025-02-25,259.0,82.6,3,1295753,215958.83333333334,True,Churned
INV002224,5,2024-03-05,2025-05-05,299.0,106.5,2,475380,95076.0,True,Churned
INV002225,5,2024-01-05,2024-10-10,148.0,69.75,3,405020,81004.0,True,Churned
INV002226,4,2024-07-23,2024-11-01,65.0,33.666666666666664,1,217291,54322.75,True,High Risk
INV002227,5,2024-11-01,2025-04-17,96.0,41.75,2,136171,27234.2,True,Churned
INV002228,9,2024-02-24,2025-02-01,86.0,42.875,5,915379,101708.77777777778,True,High Risk
INV002229,10,2024-04-19,2025-05-26,101.0,44.666666666666664,5,1352491,135249.1,True,Churned
INV002230,11,2024-02-16,2025-04-25,114.0,43.4,4,902140,82012.72727272728,True,Churned
INV002231,1,2024-09-08,2024-09-08,,,0,464260,464260.0,False,New
INV002232,12,2024-01-08,2025-03-07,174.0,38.54545454545455,4,926223,77185.25,True,Churned
INV002233,1,2025-02-10,2025-02-10,,,0,2600,2600.0,False,New
INV002234,8,2024-04-10,2025-03-08,96.0,47.42857142857143,5,1177507,147188.375,True,Churned
INV002235,7,2024-03-01,2025-04-24,137.0,69.83333333333333,3,570933,81561.85714285714,True,Churned
INV002236,9,2024-01-16,2025-04-02,119.0,55.25,4,603381,67042.33333333333,True,Churned
INV002237,10,2024-03-12,2025-03-23,142.0,41.77777777777778,2,446544,44654.4,True,Churned
INV002238,7,2024-01-17,2025-05-03,161.0,78.66666666666667,4,602548,86078.28571428571,True,Churned
INV002239,7,2024-01-25,2025-04-22,131.0,75.5,4,868946,124135.14285714286,True,Churned
INV002240,12,2024-02-02,2025-05-14,118.0,42.45454545454545,5,1372923,114410.25,True,Churned
INV002241,11,2024-01-26,2025-05-18,124.0,47.8,5,473519,43047.181818181816,True,Churned
INV002242,5,2024-03-06,2025-03-24,227.0,95.75,3,201533,40306.6,True,Churned
INV002243,5,2024-01-12,2025-05-30,389.0,126.0,3,568149,113629.8,True,Churned
INV002244,10,2024-03-01,2025-05-30,129.0,50.55555555555556,5,1028855,102885.5,True,Churned
INV002245,12,2024-03-07,2025-04-21,146.0,37.27272727272727,3,2623784,218648.66666666666,True,Churned
INV002246,3,2024-09-13,2025-02-18,91.0,79.0,2,615977,205325.66666666666,True,Churned
INV002247,2,2024-06-09,2024-07-12,33.0,33.0,0,75739,37869.5,False,Active
INV002248,7,2024-06-15,2025-03-25,73.0,47.166666666666664,5,385232,55033.142857142855,True,High Risk
INV002249,10,2024-03-03,2024-12-11,109.0,31.444444444444443,4,1183497,118349.7,True,Churned
INV002250,12,2024-01-06,2025-05-08,114.0,44.36363636363637,5,2556238,213019.83333333334,True,Churned
INV002251,7,2024-06-24,2025-05-03,114.0,52.166666666666664,4,424922,60703.142857142855,True,Churned
INV002252,11,2024-02-23,2025-02-16,89.0,35.9,5,1642430,149311.81818181818,True,High Risk
INV002253,5,2024-01-01,2024-07-16,124.0,49.25,2,1016678,203335.6,True,Churned
INV002254,1,2025-03-17,2025-03-17,,,0,272637,272637.0,False,New
INV002255,5,2024-05-04,2025-03-17,148.0,79.25,3,913233,182646.6,True,Churned
INV002256,6,2024-01-14,2025-01-26,115.0,75.6,4,86659,14443.166666666666,True,Churned
INV002257,3,2024-01-21,2024-12-18,273.0,166.0,2,201710,67236.66666666667,True,Churned
INV002258,8,2024-03-22,2025-04-04,165.0,54.0,4,1211159,151394.875,True,Churned
INV002259,11,2024-04-27,2025-05-28,124.0,39.6,5,1392629,126602.63636363637,True,Churned
INV002260,11,2024-01-25,2025-04-10,129.0,44.1,4,1524928,138629.81818181818,True,Churned
INV002261,8,2024-06-01,2025-04-25,147.0,46.857142857142854,2,1086283,135785.375,True,Churned
INV002262,8,2024-01-13,2024-08-03,58.0,29.0,3,1704896,213112.0,True,At Risk
INV002263,1,2025-01-30,2025-01-30,,,0,358807,358807.0,False,New
INV002264,8,2024-05-13,2025-05-25,197.0,53.857142857142854,2,1071522,133940.25,True,Churned
INV002265,10,2024-04-02,2025-05-21,119.0,46.0,4,384051,38405.1,True,Churned
INV002266,4,2024-06-15,2025-05-20,276.0,113.0,2,568067,142016.75,True,Churned
INV002267,10,2024-01-29,2025-05-09,149.0,51.77777777777778,5,1319913,131991.3,True,Churned
INV002268,2,2025-05-11,2025-05-26,15.0,15.0,0,125909,62954.5,False,Active
INV002269,5,2024-03-14,2025-05-03,380.0,103.75,1,748903,149780.6,True,Churned
INV002270,11,2024-02-17,2025-05-08,105.0,44.6,6,1964288,178571.63636363635,True,Churned
INV002271,6,2024-04-05,2024-11-26,102.0,47.0,3,544432,90738.66666666667,True,Churned
INV002272,3,2024-04-12,2024-11-07,196.0,104.5,1,339407,113135.66666666667,True,Churned
INV002273,2,2024-05-23,2024-10-07,137.0,137.0,1,24849,12424.5,True,Churned
INV002274,10,2024-02-03,2025-03-28,125.0,46.55555555555556,5,1314238,131423.8,True,Churned
INV002275,10,2024-03-08,2025-04-05,77.0,43.666666666666664,5,1372132,137213.2,True,High Risk
INV002276,10,2024-02-05,2025-03-30,85.0,46.55555555555556,5,2411124,241112.4,True,High Risk
INV002277,12,2024-03-05,2025-05-02,96.0,38.45454545454545,4,1085035,90419.58333333333,True,Churned
INV002278,3,2024-01-22,2025-05-10,402.0,237.0,2,368724,122908.0,True,Churned
INV002279,4,2024-07-10,2025-01-21,92.0,65.0,3,430648,107662.0,True,Churned
INV002280,10,2024-02-14,2025-05-19,182.0,51.111111111111114,4,903296,90329.6,True,Churned
INV002281,6,2024-01-11,2025-05-08,162.0,96.6,4,375115,62519.166666666664,True,Churned
INV002282,12,2024-02-25,2025-01-23,102.0,30.272727272727273,3,1912274,159356.16666666666,True,Churned
INV002283,5,2024-03-02,2025-01-08,162.0,78.0,2,451792,90358.4,True,Churned
INV002284,12,2024-02-13,2025-05-06,87.0,40.72727272727273,5,1368949,114079.08333333333,True,High Risk
INV002285,3,2025-01-03,2025-01-21,12.0,9.0,0,45468,15156.0,False,Active
INV002286,8,2024-02-27,2025-03-20,202.0,55.285714285714285,3,992837,124104.625,True,Churned
INV002287,6,2024-03-04,2024-11-10,193.0,50.2,2,251986,41997.666666666664,True,Churned
INV002288,2,2024-09-10,2024-12-16,97.0,97.0,1,55964,27982.0,True,Churned
INV002289,2,2024-11-27,2024-12-07,10.0,10.0,0,496548,248274.0,False,Active
INV002290,10,2024-04-28,2025-03-31,97.0,37.44444444444444,4,1235580,123558.0,True,Churned
INV002291,4,2024-08-01,2025-04-09,148.0,83.66666666666667,2,499228,124807.0,True,Churned
INV002292,11,2024-03-16,2025-04-19,126.0,39.9,3,1440103,130918.45454545454,True,Churned
INV002293,2,2024-06-24,2024-08-28,65.0,65.0,1,569350,284675.0,True,High Risk
INV002294,10,2024-03-28,2025-04-18,163.0,42.888888888888886,4,625545,62554.5,True,Churned
INV002295,12,2024-02-10,2025-05-25,126.0,42.72727272727273,5,1398141,116511.75,True,Churned
INV002296,2,2024-05-22,2025-01-19,242.0,242.0,1,246142,123071.0,True,Churned
INV002297,3,2024-05-10,2025-01-25,255.0,130.0,1,532126,177375.33333333334,True,Churned
INV002298,9,2024-02-04,2025-01-24,165.0,44.375,3,684868,76096.44444444444,True,Churned
INV002299,7,2024-07-02,2025-05-19,122.0,53.5,4,1121304,160186.2857142857,True,Churned
INV002300,5,2024-05-22,2025-05-01,216.0,86.0,3,167138,33427.6,True,Churned
INV002301,2,2024-06-07,2025-05-08,335.0,335.0,1,169930,84965.0,True,Churned
INV002302,9,2024-01-04,2024-11-13,93.0,39.25,3,1412010,156890.0,True,Churned
INV002303,1,2024-05-19,2024-05-19,,,0,137559,137559.0,False,New
INV002304,12,2024-03-28,2025-04-15,57.0,34.81818181818182,6,754607,62883.916666666664,True,At Risk
INV002305,2,2025-03-30,2025-04-11,12.0,12.0,0,265148,132574.0,False,Active
INV002306,8,2024-01-18,2025-05-19,270.0,69.57142857142857,3,894884,111860.5,True,Churned
INV002307,6,2024-05-02,2025-04-09,127.0,68.4,3,223399,37233.166666666664,True,Churned
INV002308,11,2024-03-13,2025-04-19,74.0,40.2,7,1773329,161211.72727272726,True,High Risk
INV002309,2,2024-09-09,2024-09-09,0.0,0.0,0,52802,26401.0,False,Active
INV002310,6,2024-04-07,2025-01-23,97.0,58.2,4,769265,128210.83333333333,True,Churned
INV002311,11,2024-02-05,2025-05-18,105.0,46.8,5,2378382,216216.54545454544,True,Churned
INV002312,5,2024-02-08,2025-02-27,228.0,96.25,3,493510,98702.0,True,Churned
INV002313,1,2025-01-22,2025-01-22,,,0,50620,50620.0,False,New
INV002314,4,2024-04-17,2025-04-02,181.0,116.66666666666667,2,89326,22331.5,True,Churned
INV002315,12,2024-03-01,2025-05-06,163.0,39.18181818181818,5,1326374,110531.16666666667,True,Churned
INV002316,5,2024-01-01,2025-05-25,295.0,127.5,3,613515,122703.0,True,Churned
INV002317,3,2025-01-20,2025-03-05,22.0,22.0,0,454318,151439.33333333334,False,Active
INV002318,5,2024-04-07,2025-05-25,283.0,103.25,2,753688,150737.6,True,Churned
INV002319,11,2024-01-19,2025-01-13,123.0,36.0,3,855380,77761.81818181818,True,Churned
INV002320,3,2024-12-16,2025-05-21,85.0,78.0,2,663504,221168.0,True,High Risk
INV002321,1,2024-06-02,2024-06-02,,,0,25499,25499.0,False,New
INV002322,9,2024-05-28,2025-04-10,100.0,39.625,4,788119,87568.77777777778,True,Churned
INV002323,7,2024-02-05,2025-01-09,161.0,56.5,3,84826,12118.0,True,Churned
INV002324,8,2024-04-13,2025-01-19,96.0,40.142857142857146,2,1134532,141816.5,True,Churned
INV002325,5,2024-04-03,2025-03-06,112.0,84.25,4,587201,117440.2,True,Churned
INV002326,10,2024-02-17,2025-04-05,156.0,45.888888888888886,5,1427839,142783.9,True,Churned
INV002327,11,2024-01-27,2025-04-26,96.0,45.5,7,462608,42055.27272727273,True,Churned
INV002328,7,2024-01-01,2025-02-15,98.0,68.5,5,935779,133682.7142857143,True,Churned
INV002329,12,2024-01-06,2025-02-04,88.0,35.90909090909091,6,1111142,92595.16666666667,True,High Risk
INV002330,5,2024-06-26,2024-09-26,48.0,23.0,2,189122,37824.4,True,At Risk
INV002331,4,2024-05-02,2025-04-14,238.0,115.66666666666667,2,877330,219332.5,True,Churned
INV002332,8,2024-02-22,2025-04-18,170.0,60.142857142857146,4,553885,69235.625,True,Churned
INV002333,6,2024-02-07,2025-02-03,173.0,72.4,3,857688,142948.0,True,Churned
INV002334,4,2024-01-26,2025-01-02,194.0,114.0,3,680633,170158.25,True,Churned
INV002335,4,2024-01-10,2024-10-22,151.0,95.33333333333333,3,876063,219015.75,True,Churned
INV002336,1,2025-05-08,2025-05-08,,,0,26986,26986.0,False,New
INV002337,2,2025-02-07,2025-03-25,46.0,46.0,1,475504,237752.0,True,At Risk
INV002338,7,2024-01-01,2025-05-12,178.0,82.83333333333333,3,478221,68317.28571428571,True,Churned
INV002339,6,2024-06-12,2025-04-14,124.0,61.2,3,764790,127465.0,True,Churned
INV002340,3,2024-12-30,2025-01-23,18.0,12.0,0,1135725,378575.0,False,Active
INV002341,6,2024-07-13,2025-03-07,80.0,47.4,2,601521,100253.5,True,High Risk
INV002342,9,2024-04-13,2025-05-14,174.0,49.5,4,754082,83786.88888888889,True,Churned
INV002343,12,2024-01-04,2025-04-10,90.0,42.0,6,1162620,96885.0,True,High Risk
INV002344,8,2024-01-11,2025-03-24,166.0,62.57142857142857,6,1249953,156244.125,True,Churned
INV002345,8,2024-06-15,2025-05-25,151.0,49.142857142857146,3,761278,95159.75,True,Churned
INV002346,6,2024-01-27,2025-04-04,146.0,86.6,4,346485,57747.5,True,Churned
INV002347,9,2024-06-10,2025-04-30,79.0,40.5,4,30517,3390.777777777778,True,High Risk
INV002348,12,2024-01-15,2025-05-16,120.0,44.27272727272727,5,1500909,125075.75,True,Churned
INV002349,10,2024-02-26,2025-03-18,77.0,42.888888888888886,6,420835,42083.5,True,High Risk
INV002350,10,2024-01-24,2025-05-21,132.0,53.666666666666664,6,1945935,194593.5,True,Churned
INV002351,12,2024-02-10,2025-05-29,117.0,43.09090909090909,5,1174003,97833.58333333333,True,Churned
INV002352,5,2024-09-25,2025-05-29,123.0,61.5,2,665521,133104.2,True,Churned
INV002353,9,2024-04-03,2025-05-22,124.0,51.75,4,1366211,151801.22222222222,True,Churned
INV002354,1,2025-04-24,2025-04-24,,,0,74849,74849.0,False,New
INV002355,2,2024-01-23,2024-10-16,267.0,267.0,1,412342,206171.0,True,Churned
INV002356,2,2025-01-26,2025-02-16,21.0,21.0,0,24801,12400.5,False,Active
INV002357,12,2024-01-03,2025-03-08,139.0,39.09090909090909,3,1367648,113970.66666666667,True,Churned
INV002358,5,2024-03-15,2024-12-06,209.0,66.5,2,107468,21493.6,True,Churned
INV002359,1,2025-04-13,2025-04-13,,,0,136118,136118.0,False,New
INV002360,12,2024-03-05,2025-05-28,91.0,40.81818181818182,6,853269,71105.75,True,Churned
INV002361,10,2024-01-08,2025-04-01,166.0,49.888888888888886,4,958843,95884.3,True,Churned
INV002362,1,2024-01-20,2024-01-20,,,0,391995,391995.0,False,New
INV002363,9,2024-02-10,2025-05-28,126.0,59.125,4,920959,102328.77777777778,True,Churned
INV002364,8,2024-03-03,2025-03-16,106.0,54.0,5,900794,112599.25,True,Churned
INV002365,10,2024-02-13,2025-05-20,127.0,51.333333333333336,5,1718580,171858.0,True,Churned
INV002366,4,2024-01-20,2025-03-23,242.0,142.66666666666666,3,753367,188341.75,True,Churned
INV002367,8,2024-03-28,2025-03-22,134.0,51.285714285714285,3,367239,45904.875,True,Churned
INV002368,12,2024-04-06,2025-04-08,141.0,33.36363636363637,2,776842,64736.833333333336,True,Churned
INV002369,10,2024-01-31,2025-05-18,111.0,52.55555555555556,6,604364,60436.4,True,Churned
INV002370,8,2024-03-10,2025-05-05,225.0,60.142857142857146,4,95686,11960.75,True,Churned
INV002371,2,2024-07-27,2024-10-21,86.0,86.0,1,517810,258905.0,True,High Risk
INV002372,9,2024-01-26,2025-05-16,121.0,59.5,6,778488,86498.66666666667,True,Churned
INV002373,12,2024-01-19,2025-05-24,111.0,44.63636363636363,6,1419347,118278.91666666667,True,Churned
INV002374,11,2024-01-02,2025-02-04,99.0,39.9,4,1023844,93076.72727272728,True,Churned
INV002375,4,2024-03-21,2024-07-23,103.0,41.333333333333336,1,574298,143574.5,True,Churned
INV002376,2,2025-05-05,2025-05-19,14.0,14.0,0,244709,122354.5,False,Active
INV002377,4,2024-07-09,2025-05-28,164.0,107.66666666666667,3,280854,70213.5,True,Churned
INV002378,6,2024-03-13,2025-02-12,108.0,67.2,3,718036,119672.66666666667,True,Churned
INV002379,5,2024-01-10,2025-03-10,173.0,106.25,4,937322,187464.4,True,Churned
INV002380,4,2024-05-09,2025-03-12,195.0,102.33333333333333,3,59019,14754.75,True,Churned
INV002381,6,2024-02-23,2025-03-15,125.0,77.2,4,942299,157049.83333333334,True,Churned
INV002382,8,2024-03-16,2024-12-11,77.0,38.57142857142857,4,906899,113362.375,True,High Risk
INV002383,4,2024-03-19,2024-10-27,145.0,74.0,2,991385,247846.25,True,Churned
INV002384,12,2024-04-18,2025-05-23,86.0,36.36363636363637,5,732972,61081.0,True,High Risk
INV002385,3,2024-02-03,2024-03-20,41.0,23.0,1,55543,18514.333333333332,True,At Risk
INV002386,1,2024-02-01,2024-02-01,,,0,3282,3282.0,False,New
INV002387,10,2024-01-01,2025-05-28,174.0,57.0,5,1345043,134504.3,True,Churned
INV002388,9,2024-05-26,2025-05-12,155.0,43.875,2,854220,94913.33333333333,True,Churned
INV002389,12,2024-02-06,2025-05-08,126.0,41.54545454545455,4,525422,43785.166666666664,True,Churned
INV002390,7,2024-03-20,2025-05-22,193.0,71.33333333333333,3,404117,57731.0,True,Churned
INV002391,10,2024-04-23,2024-11-22,74.0,23.666666666666668,3,889199,88919.9,True,High Risk
INV002392,6,2024-03-07,2025-04-21,122.0,82.0,5,576950,96158.33333333333,True,Churned
INV002393,9,2024-03-02,2025-04-04,171.0,49.75,4,1307114,145234.88888888888,True,Churned
INV002394,7,2024-06-08,2025-04-27,126.0,53.833333333333336,4,711233,101604.71428571429,True,Churned
INV002395,6,2024-01-17,2025-05-16,225.0,97.0,4,58610,9768.333333333334,True,Churned
INV002396,4,2024-01-23,2025-02-13,200.0,129.0,2,1099257,274814.25,True,Churned
INV002397,7,2024-06-17,2025-04-23,129.0,51.666666666666664,4,1013153,144736.14285714287,True,Churned
INV002398,1,2024-11-22,2024-11-22,,,0,32185,32185.0,False,New
INV002399,12,2024-01-22,2025-04-10,125.0,40.36363636363637,4,1815409,151284.08333333334,True,Churned
INV002400,12,2024-01-04,2025-05-07,141.0,44.45454545454545,5,834526,69543.83333333333,True,Churned
INV002401,11,2024-01-12,2025-03-01,125.0,41.4,5,547739,49794.454545454544,True,Churned
INV002402,10,2024-03-26,2025-05-27,136.0,47.44444444444444,5,620722,62072.2,True,Churned
INV002403,5,2024-01-10,2025-01-16,244.0,93.0,2,414432,82886.4,True,Churned
INV002404,2,2024-04-09,2024-07-09,91.0,91.0,1,68711,34355.5,True,Churned
INV002405,4,2024-03-11,2024-10-20,158.0,74.33333333333333,2,324734,81183.5,True,Churned
INV002406,2,2025-01-28,2025-03-27,58.0,58.0,1,301115,150557.5,True,At Risk
INV002407,10,2024-03-25,2025-05-16,152.0,46.333333333333336,3,1190428,119042.8,True,Churned
INV002408,2,2024-03-16,2024-07-01,107.0,107.0,1,41074,20537.0,True,Churned
INV002409,12,2024-05-04,2025-05-28,119.0,35.36363636363637,4,1188044,99003.66666666667,True,Churned
INV002410,1,2024-10-26,2024-10-26,,,0,2285,2285.0,False,New
INV002411,5,2024-04-17,2025-05-28,303.0,101.5,2,566545,113309.0,True,Churned
INV002412,7,2024-01-15,2025-04-12,115.0,75.5,5,593341,84763.0,True,Churned
INV002413,11,2024-04-14,2025-05-30,189.0,41.1,4,676857,61532.454545454544,True,Churned
INV002414,7,2024-01-03,2025-05-24,348.0,84.5,3,888685,126955.0,True,Churned
INV002415,11,2024-03-14,2025-04-20,110.0,40.2,4,919026,83547.81818181818,True,Churned
INV002416,9,2024-01-10,2025-05-22,192.0,62.25,4,2105097,233899.66666666666,True,Churned
INV002417,10,2024-01-03,2025-05-17,190.0,55.55555555555556,3,572483,57248.3,True,Churned
INV002418,8,2024-01-30,2025-05-02,119.0,65.42857142857143,4,767617,95952.125,True,Churned
INV002419,4,2024-05-29,2025-05-17,181.0,117.66666666666667,3,182246,45561.5,True,Churned
INV002420,12,2024-01-15,2025-05-02,109.0,43.0,6,1457451,121454.25,True,Churned
INV002421,2,2024-11-23,2025-01-13,51.0,51.0,1,271016,135508.0,True,At Risk
INV002422,12,2024-01-25,2025-04-22,139.0,41.18181818181818,4,689464,57455.333333333336,True,Churned
INV002423,5,2024-05-21,2025-05-03,168.0,86.75,3,504074,100814.8,True,Churned
INV002424,6,2024-04-19,2025-01-09,109.0,53.0,3,798824,133137.33333333334,True,Churned
INV002425,4,2024-08-12,2025-02-08,97.0,60.0,3,419102,104775.5,True,Churned
INV002426,6,2024-04-18,2025-03-25,148.0,68.2,3,370575,61762.5,True,Churned
INV002427,9,2024-08-26,2025-05-13,70.0,32.5,3,1604033,178225.88888888888,True,High Risk
INV002428,4,2024-04-03,2025-05-08,291.0,133.33333333333334,2,770843,192710.75,True,Churned
INV002429,8,2024-02-16,2025-03-15,125.0,56.142857142857146,3,790559,98819.875,True,Churned
INV002430,11,2024-02-04,2025-05-09,139.0,46.0,4,1496835,136075.9090909091,True,Churned
INV002431,8,2024-02-20,2025-05-27,96.0,66.0,6,1874983,234372.875,True,Churned
INV002432,2,2024-01-01,2024-10-16,289.0,289.0,1,12141,6070.5,True,Churned
INV002433,1,2024-09-21,2024-09-21,,,0,1109,1109.0,False,New
INV002434,7,2024-01-13,2025-03-29,133.0,73.5,4,380404,54343.42857142857,True,Churned
INV002435,5,2024-05-13,2025-04-24,122.0,86.5,3,41496,8299.2,True,Churned
INV002436,4,2024-01-04,2025-04-04,216.0,152.0,3,16148,4037.0,True,Churned
INV002437,10,2024-04-25,2025-02-14,140.0,32.77777777777778,3,840758,84075.8,True,Churned
INV002438,3,2024-08-14,2025-05-08,218.0,133.5,2,817224,272408.0,True,Churned
INV002439,2,2024-04-15,2024-05-15,30.0,30.0,0,334717,167358.5,False,Active
INV002440,6,2024-01-27,2025-02-03,135.0,74.6,4,1233314,205552.33333333334,True,Churned
INV002441,4,2024-01-16,2024-12-20,150.0,113.0,3,256187,64046.75,True,Churned
INV002442,2,2025-02-08,2025-05-08,89.0,89.0,1,7979,3989.5,True,High Risk
INV002443,1,2025-05-02,2025-05-02,,,0,2279,2279.0,False,New
INV002444,8,2024-08-27,2025-04-23,104.0,34.142857142857146,1,1471264,183908.0,True,Churned
INV002445,11,2024-02-24,2025-02-07,113.0,34.9,3,688480,62589.09090909091,True,Churned
INV002446,6,2024-02-10,2025-04-04,152.0,83.8,4,603436,100572.66666666667,True,Churned
INV002447,2,2024-04-08,2025-03-01,327.0,327.0,1,474124,237062.0,True,Churned
INV002448,3,2024-06-03,2024-10-30,84.0,74.5,2,202788,67596.0,True,High Risk
INV002449,2,2024-01-24,2024-06-20,148.0,148.0,1,8972,4486.0,True,Churned
INV002450,5,2024-04-07,2025-01-17,154.0,71.25,2,862905,172581.0,True,Churned
INV002451,2,2024-07-03,2025-04-01,272.0,272.0,1,90042,45021.0,True,Churned
INV002452,7,2024-01-26,2024-11-04,99.0,47.166666666666664,3,675952,96564.57142857143,True,Churned
INV002453,11,2024-03-14,2025-03-27,87.0,37.8,6,1366605,124236.81818181818,True,High Risk
INV002454,7,2024-03-29,2025-01-01,121.0,46.333333333333336,3,899501,128500.14285714286,True,Churned
INV002455,1,2024-05-08,2024-05-08,,,0,5559,5559.0,False,New
INV002456,2,2024-02-12,2025-05-05,448.0,448.0,1,319032,159516.0,True,Churned
INV002457,3,2024-07-04,2025-05-05,300.0,152.5,1,372388,124129.33333333333,True,Churned
INV002458,11,2024-04-20,2025-04-17,95.0,36.2,3,1029487,93589.72727272728,True,Churned
INV002459,12,2024-02-03,2025-05-12,91.0,42.18181818181818,5,853573,71131.08333333333,True,Churned
INV002460,5,2024-02-11,2025-04-13,238.0,106.75,3,769935,153987.0,True,Churned
INV002461,6,2024-01-29,2025-04-12,156.0,87.8,4,928836,154806.0,True,Churned
INV002462,1,2025-04-16,2025-04-16,,,0,7150,7150.0,False,New
INV002463,7,2024-02-07,2025-05-29,232.0,79.5,3,554869,79267.0,True,Churned
INV002464,7,2024-01-31,2024-08-16,97.0,33.0,1,172621,24660.14285714286,True,Churned
INV002465,5,2024-02-10,2025-04-06,286.0,105.25,2,808512,161702.4,True,Churned
INV002466,12,2024-01-30,2025-05-28,108.0,44.0,6,1437375,119781.25,True,Churned
INV002467,10,2024-01-03,2025-01-20,111.0,42.55555555555556,5,436732,43673.2,True,Churned
INV002468,7,2024-03-22,2025-02-16,117.0,55.166666666666664,4,1030573,147224.7142857143,True,Churned
INV002469,10,2024-03-15,2025-03-27,121.0,41.888888888888886,5,1591641,159164.1,True,Churned
INV002470,1,2024-07-21,2024-07-21,,,0,1135,1135.0,False,New
INV002471,11,2024-01-07,2024-12-21,98.0,34.9,4,898267,81660.63636363637,True,Churned
INV002472,10,2024-01-17,2025-03-16,113.0,47.111111111111114,5,2225597,222559.7,True,Churned
INV002473,8,2024-03-08,2025-05-16,320.0,62.0,1,1209821,151227.625,True,Churned
INV002474,1,2024-09-04,2024-09-04,,,0,1870,1870.0,False,New
INV002475,11,2024-03-06,2025-05-27,119.0,44.7,4,129760,11796.363636363636,True,Churned
INV002476,9,2024-01-19,2025-03-24,104.0,53.75,6,1217708,135300.88888888888,True,Churned
INV002477,3,2024-04-13,2024-06-30,58.0,39.0,1,53918,17972.666666666668,True,At Risk
INV002478,3,2024-06-10,2024-08-31,71.0,41.0,1,198698,66232.66666666667,True,High Risk
INV002479,2,2024-07-09,2025-03-26,260.0,260.0,1,29314,14657.0,True,Churned
INV002480,1,2024-06-30,2024-06-30,,,0,114341,114341.0,False,New
INV002481,2,2024-03-12,2024-10-06,208.0,208.0,1,418433,209216.5,True,Churned
INV002482,1,2024-11-03,2024-11-03,,,0,545280,545280.0,False,New
INV002483,8,2024-01-25,2025-03-29,180.0,61.285714285714285,5,834245,104280.625,True,Churned
INV002484,2,2024-10-18,2025-02-07,112.0,112.0,1,526210,263105.0,True,Churned
INV002485,12,2024-03-25,2025-03-31,74.0,33.72727272727273,5,1309919,109159.91666666667,True,High Risk
INV002486,9,2024-04-11,2025-04-26,129.0,47.5,3,512045,56893.88888888889,True,Churned
INV002487,3,2024-01-27,2024-06-10,87.0,67.5,2,305091,101697.0,True,High Risk
INV002488,7,2024-04-29,2025-04-14,111.0,58.333333333333336,5,1005263,143609.0,True,Churned
INV002489,2,2024-11-05,2025-03-29,144.0,144.0,1,3507,1753.5,True,Churned
INV002490,10,2024-01-09,2025-05-13,125.0,54.44444444444444,5,979295,97929.5,True,Churned
INV002491,4,2024-06-03,2025-02-19,195.0,87.0,2,305270,76317.5,True,Churned
INV002492,1,2024-12-13,2024-12-13,,,0,360745,360745.0,False,New
INV002493,4,2024-01-18,2025-04-02,276.0,146.66666666666666,2,176520,44130.0,True,Churned
INV002494,3,2024-02-04,2025-02-28,340.0,195.0,2,350760,116920.0,True,Churned
INV002495,10,2024-01-04,2025-04-10,174.0,51.333333333333336,5,442282,44228.2,True,Churned
INV002496,7,2024-08-09,2025-05-01,85.0,44.166666666666664,4,463045,66149.28571428571,True,High Risk
INV002497,12,2024-01-13,2025-04-28,146.0,42.81818181818182,5,814128,67844.0,True,Churned
INV002498,2,2024-08-29,2025-05-27,271.0,271.0,1,408636,204318.0,True,Churned
INV002499,8,2024-04-30,2025-05-30,101.0,56.42857142857143,6,1075222,134402.75,True,Churned
INV002500,12,2024-01-14,2025-05-03,130.0,43.18181818181818,4,1726649,143887.41666666666,True,Churned
INV002501,1,2024-03-05,2024-03-05,,,0,169066,169066.0,False,New
INV002502,7,2024-02-08,2025-05-15,222.0,77.0,4,426924,60989.142857142855,True,Churned
INV002503,9,2024-04-24,2025-05-09,140.0,47.5,5,1242672,138074.66666666666,True,Churned
INV002504,10,2024-01-27,2025-05-18,188.0,53.0,4,1290510,129051.0,True,Churned
INV002505,4,2024-01-07,2025-03-31,171.0,149.66666666666666,3,718010,179502.5,True,Churned
INV002506,8,2024-03-05,2025-03-25,81.0,55.0,5,549139,68642.375,True,High Risk
INV002507,6,2024-04-07,2025-05-28,159.0,83.2,3,593932,98988.66666666667,True,Churned
INV002508,9,2024-04-06,2025-05-24,171.0,51.625,3,128547,14283.0,True,Churned
INV002509,12,2024-01-22,2024-12-06,74.0,29.0,3,668923,55743.583333333336,True,High Risk
INV002510,12,2024-01-10,2025-05-24,121.0,45.45454545454545,4,1152823,96068.58333333333,True,Churned
INV002511,2,2024-03-29,2025-01-25,302.0,302.0,1,420200,210100.0,True,Churned
INV002512,5,2024-02-23,2025-03-29,174.0,100.0,3,1018520,203704.0,True,Churned
INV002513,5,2024-06-04,2025-04-12,99.0,78.0,4,337981,67596.2,True,Churned
INV002514,3,2024-03-08,2025-03-01,347.0,179.0,1,72316,24105.333333333332,True,Churned
INV002515,5,2024-02-15,2025-01-15,222.0,83.75,2,973591,194718.2,True,Churned
INV002516,4,2024-11-17,2025-03-14,77.0,39.0,1,418311,104577.75,True,High Risk
INV002517,1,2024-12-11,2024-12-11,,,0,4897,4897.0,False,New
INV002518,5,2024-03-26,2025-05-12,128.0,103.0,4,507808,101561.6,True,Churned
INV002519,1,2024-04-03,2024-04-03,,,0,48999,48999.0,False,New
INV002520,12,2024-01-09,2025-04-27,118.0,43.09090909090909,6,1967715,163976.25,True,Churned
INV002521,8,2024-04-27,2025-05-27,126.0,56.42857142857143,4,495324,61915.5,True,Churned
INV002522,1,2024-08-12,2024-08-12,,,0,175414,175414.0,False,New
INV002523,12,2024-01-08,2025-05-24,133.0,45.63636363636363,7,1861163,155096.91666666666,True,Churned
INV002524,3,2024-02-23,2024-12-09,232.0,145.0,2,822644,274214.6666666667,True,Churned
INV002525,3,2024-04-11,2024-11-30,212.0,116.5,1,162873,54291.0,True,Churned
INV002526,11,2024-03-13,2025-05-08,136.0,42.1,6,1511279,137389.0,True,Churned
INV002527,11,2024-01-18,2024-11-11,72.0,29.8,2,628152,57104.72727272727,True,High Risk
INV002528,6,2024-04-18,2025-04-25,241.0,74.4,3,240997,40166.166666666664,True,Churned
INV002529,6,2024-02-15,2025-03-29,202.0,81.6,4,822048,137008.0,True,Churned
INV002530,9,2024-01-05,2025-05-19,175.0,62.5,4,301697,33521.88888888889,True,Churned
INV002531,10,2024-02-01,2025-05-04,135.0,50.888888888888886,5,723463,72346.3,True,Churned
INV002532,4,2024-03-21,2025-04-27,223.0,134.0,2,308468,77117.0,True,Churned
INV002533,7,2024-04-06,2025-04-05,134.0,60.666666666666664,4,253220,36174.28571428572,True,Churned
INV002534,4,2024-04-29,2025-04-18,221.0,118.0,2,324264,81066.0,True,Churned
INV002535,11,2024-06-03,2025-05-30,78.0,36.1,5,1750901,159172.81818181818,True,High Risk
INV002536,6,2024-03-16,2025-03-10,198.0,71.8,3,921052,153508.66666666666,True,Churned
INV002537,1,2024-11-23,2024-11-23,,,0,104160,104160.0,False,New
INV002538,2,2024-09-12,2025-05-20,250.0,250.0,1,30934,15467.0,True,Churned
INV002539,2,2025-01-16,2025-03-22,65.0,65.0,1,9949,4974.5,True,High Risk
INV002540,6,2024-02-04,2025-01-07,173.0,67.6,2,702699,117116.5,True,Churned
INV002541,5,2024-08-25,2025-04-06,151.0,56.0,2,792757,158551.4,True,Churned
INV002542,9,2024-02-12,2025-05-19,84.0,57.75,6,1139898,126655.33333333333,True,High Risk
INV002543,12,2024-02-05,2025-04-28,92.0,40.72727272727273,5,1211489,100957.41666666667,True,Churned
INV002544,1,2024-08-06,2024-08-06,,,0,8566,8566.0,False,New
INV002545,5,2024-01-11,2025-02-12,298.0,99.5,2,1199007,239801.4,True,Churned
INV002546,10,2024-01-02,2025-05-19,88.0,55.888888888888886,6,1299210,129921.0,True,High Risk
INV002547,10,2024-02-04,2025-04-24,104.0,49.44444444444444,5,1475760,147576.0,True,Churned
INV002548,7,2024-01-06,2025-04-29,226.0,79.83333333333333,3,1100118,157159.7142857143,True,Churned
INV002549,9,2024-01-08,2025-05-03,186.0,60.125,4,1611382,179042.44444444444,True,Churned
INV002550,3,2024-04-19,2024-11-04,131.0,99.5,2,68048,22682.666666666668,True,Churned
INV002551,8,2024-01-16,2025-03-07,164.0,59.42857142857143,3,670617,83827.125,True,Churned
INV002552,12,2024-01-10,2025-03-19,85.0,39.45454545454545,6,574322,47860.166666666664,True,High Risk
INV002553,12,2024-05-02,2025-05-11,92.0,34.0,5,2668557,222379.75,True,Churned
INV002554,8,2024-01-04,2025-04-28,182.0,68.57142857142857,4,380124,47515.5,True,Churned
INV002555,10,2024-01-30,2025-05-28,117.0,53.77777777777778,6,1025854,102585.4,True,Churned
INV002556,6,2024-03-15,2025-03-13,134.0,72.6,4,1384313,230718.83333333334,True,Churned
INV002557,9,2024-03-30,2025-05-07,264.0,50.375,2,700569,77841.0,True,Churned
INV002558,11,2024-01-23,2025-05-25,96.0,48.8,5,1422537,129321.54545454546,True,Churned
INV002559,3,2024-09-01,2025-01-23,99.0,72.0,2,386263,128754.33333333333,True,Churned
INV002560,7,2024-01-02,2025-04-22,127.0,79.33333333333333,5,348692,49813.142857142855,True,Churned
INV002561,5,2024-06-20,2025-01-27,82.0,55.25,3,577759,115551.8,True,High Risk
INV002562,1,2025-01-04,2025-01-04,,,0,43246,43246.0,False,New
INV002563,10,2024-01-27,2025-05-15,124.0,52.666666666666664,5,1166291,116629.1,True,Churned
INV002564,3,2024-02-29,2024-07-27,110.0,74.5,2,737573,245857.66666666666,True,Churned
INV002565,10,2024-01-06,2025-05-18,172.0,55.333333333333336,4,1311060,131106.0,True,Churned
INV002566,8,2024-03-23,2025-05-26,127.0,61.285714285714285,6,517343,64667.875,True,Churned
INV002567,11,2024-01-05,2025-04-18,107.0,46.9,4,1733981,157634.63636363635,True,Churned
INV002568,9,2024-03-02,2025-05-07,144.0,53.875,5,216067,24007.444444444445,True,Churned
INV002569,2,2024-08-23,2024-09-11,19.0,19.0,0,318469,159234.5,False,Active
INV002570,12,2024-01-09,2025-02-20,150.0,37.09090909090909,3,1229933,102494.41666666667,True,Churned
INV002571,8,2024-01-31,2025-04-22,165.0,63.857142857142854,6,890369,111296.125,True,Churned
INV002572,11,2024-02-27,2025-05-19,108.0,44.7,7,1095020,99547.27272727272,True,Churned
INV002573,1,2025-02-02,2025-02-02,,,0,8328,8328.0,False,New
INV002574,12,2024-01-31,2025-05-26,139.0,43.72727272727273,4,1051020,87585.0,True,Churned
INV002575,11,2024-02-18,2025-05-12,128.0,44.9,5,530975,48270.454545454544,True,Churned
INV002576,8,2024-03-18,2024-12-26,160.0,40.42857142857143,1,1360157,170019.625,True,Churned
INV002577,3,2024-03-11,2024-07-12,78.0,61.5,2,51820,17273.333333333332,True,High Risk
INV002578,5,2024-02-09,2025-04-27,172.0,110.75,3,744333,148866.6,True,Churned
INV002579,7,2024-08-14,2025-03-06,71.0,34.0,2,281290,40184.28571428572,True,High Risk
INV002580,4,2024-11-19,2025-05-06,65.0,56.0,3,48803,12200.75,True,High Risk
INV002581,1,2025-04-14,2025-04-14,,,0,336586,336586.0,False,New
INV002582,10,2024-02-01,2025-02-22,93.0,43.0,5,1082210,108221.0,True,Churned
INV002583,7,2024-03-24,2025-04-20,118.0,65.33333333333333,4,1657784,236826.2857142857,True,Churned
INV002584,3,2024-01-09,2024-09-02,205.0,118.5,1,675479,225159.66666666666,True,Churned
INV002585,12,2024-01-18,2025-05-02,74.0,42.72727272727273,7,1876600,156383.33333333334,True,High Risk
INV002586,7,2024-03-13,2025-05-23,168.0,72.66666666666667,5,105304,15043.42857142857,True,Churned
INV002587,6,2024-02-21,2025-03-02,271.0,75.0,2,1127648,187941.33333333334,True,Churned
INV002588,9,2024-03-06,2025-05-07,123.0,53.375,5,1901993,211332.55555555556,True,Churned
INV002589,1,2024-07-09,2024-07-09,,,0,8624,8624.0,False,New
INV002590,12,2024-01-28,2025-05-10,125.0,42.54545454545455,4,1061648,88470.66666666667,True,Churned
INV002591,8,2024-04-04,2025-03-07,91.0,48.142857142857146,4,528508,66063.5,True,Churned
INV002592,6,2024-01-01,2025-04-19,222.0,94.8,4,1134073,189012.16666666666,True,Churned
INV002593,4,2024-03-09,2025-04-04,210.0,130.33333333333334,2,139606,34901.5,True,Churned
INV002594,10,2024-01-11,2025-05-24,165.0,55.44444444444444,3,1388876,138887.6,True,Churned
INV002595,5,2024-05-12,2025-03-23,140.0,78.75,3,471571,94314.2,True,Churned
INV002596,3,2024-01-16,2025-03-01,325.0,205.0,2,267155,89051.66666666667,True,Churned
INV002597,6,2024-04-02,2025-05-27,301.0,84.0,2,805586,134264.33333333334,True,Churned
INV002598,11,2024-02-21,2025-04-07,146.0,41.1,3,994120,90374.54545454546,True,Churned
INV002599,7,2024-01-03,2025-03-20,234.0,73.66666666666667,3,529509,75644.14285714286,True,Churned
INV002600,5,2024-01-27,2025-01-03,133.0,85.5,4,892775,178555.0,True,Churned
INV002601,3,2024-03-07,2024-11-30,214.0,134.0,2,434964,144988.0,True,Churned
INV002602,12,2024-02-10,2025-05-17,104.0,42.0,6,1155403,96283.58333333333,True,Churned
INV002603,6,2024-03-18,2025-02-22,170.0,68.2,4,1607484,267914.0,True,Churned
INV002604,6,2024-04-08,2025-05-09,218.0,79.2,3,365542,60923.666666666664,True,Churned
INV002605,5,2024-04-15,2025-05-25,256.0,101.25,2,1031428,206285.6,True,Churned
INV002606,9,2024-03-02,2025-05-24,239.0,56.0,3,428091,47565.666666666664,True,Churned
INV002607,6,2024-03-02,2025-01-05,227.0,61.8,2,1526125,254354.16666666666,True,Churned
INV002608,4,2024-04-01,2025-04-15,177.0,126.33333333333333,2,51776,12944.0,True,Churned
INV002609,2,2024-09-23,2025-01-23,122.0,122.0,1,273899,136949.5,True,Churned
INV002610,5,2024-01-05,2025-01-11,256.0,93.0,3,736043,147208.6,True,Churned
INV002611,6,2024-01-05,2025-05-05,181.0,97.2,4,1678851,279808.5,True,Churned
INV002612,2,2024-11-28,2025-05-09,162.0,162.0,1,17198,8599.0,True,Churned
INV002613,12,2024-01-12,2025-05-16,74.0,44.54545454545455,7,1098323,91526.91666666667,True,High Risk
INV002614,4,2024-04-08,2024-08-01,76.0,38.333333333333336,1,480166,120041.5,True,High Risk
INV002615,1,2025-04-18,2025-04-18,,,0,4382,4382.0,False,New
INV002616,4,2024-02-13,2025-03-29,223.0,136.66666666666666,3,359877,89969.25,True,Churned
INV002617,4,2024-03-01,2025-02-12,219.0,116.0,3,252149,63037.25,True,Churned
INV002618,1,2025-02-01,2025-02-01,,,0,486,486.0,False,New
INV002619,6,2024-03-26,2025-03-19,146.0,71.6,4,1055131,175855.16666666666,True,Churned
INV002620,2,2024-03-07,2025-02-15,345.0,345.0,1,10679,5339.5,True,Churned
INV002621,6,2024-01-02,2025-01-01,170.0,73.0,3,895547,149257.83333333334,True,Churned
INV002622,11,2024-01-23,2025-05-23,170.0,48.6,6,689616,62692.36363636364,True,Churned
INV002623,1,2025-04-21,2025-04-21,,,0,2184,2184.0,False,New
INV002624,5,2024-08-23,2025-05-25,103.0,68.75,3,885681,177136.2,True,Churned
INV002625,6,2024-03-30,2025-04-26,143.0,78.4,5,743144,123857.33333333333,True,Churned
INV002626,6,2024-03-18,2025-04-15,191.0,78.6,3,412482,68747.0,True,Churned
INV002627,8,2024-03-23,2025-05-22,137.0,60.714285714285715,5,393005,49125.625,True,Churned
INV002628,9,2024-01-10,2025-03-11,322.0,53.25,1,1173839,130426.55555555556,True,Churned
INV002629,4,2024-02-15,2025-04-16,227.0,142.0,3,38172,9543.0,True,Churned
INV002630,8,2024-03-01,2025-03-07,134.0,53.0,4,604786,75598.25,True,Churned
INV002631,8,2024-03-23,2025-05-05,178.0,58.285714285714285,4,1312611,164076.375,True,Churned
INV002632,11,2024-01-26,2025-04-29,148.0,45.9,3,815495,74135.90909090909,True,Churned
INV002633,12,2024-01-16,2025-04-09,101.0,40.81818181818182,6,1822320,151860.0,True,Churned
INV002634,7,2024-09-20,2025-02-07,50.0,23.333333333333332,1,1155097,165013.85714285713,True,At Risk
INV002635,10,2024-01-10,2025-03-25,127.0,48.888888888888886,4,1130827,113082.7,True,Churned
INV002636,2,2024-07-10,2024-11-05,118.0,118.0,1,1410,705.0,True,Churned
INV002637,6,2024-02-04,2025-02-21,132.0,76.6,4,976980,162830.0,True,Churned
INV002638,4,2024-04-24,2025-05-11,148.0,127.33333333333333,3,787725,196931.25,True,Churned
INV002639,7,2024-09-01,2025-03-04,55.0,30.666666666666668,3,220235,31462.14285714286,True,At Risk
INV002640,12,2024-01-29,2025-03-24,93.0,38.18181818181818,3,407956,33996.333333333336,True,Churned
INV002641,8,2024-02-29,2025-04-21,133.0,59.57142857142857,4,722158,90269.75,True,Churned
INV002642,10,2024-01-04,2025-03-12,119.0,48.111111111111114,6,1528148,152814.8,True,Churned
INV002643,9,2024-02-03,2025-04-20,229.0,55.25,4,604134,67126.0,True,Churned
INV002644,1,2024-04-28,2024-04-28,,,0,391205,391205.0,False,New
INV002645,11,2024-02-23,2025-03-30,108.0,40.1,4,718998,65363.454545454544,True,Churned
INV002646,1,2025-05-24,2025-05-24,,,0,2310,2310.0,False,New
INV002647,7,2024-02-22,2025-05-23,153.0,76.0,4,1051925,150275.0,True,Churned
INV002648,7,2024-01-26,2025-05-04,190.0,77.33333333333333,3,745128,106446.85714285714,True,Churned
INV002649,4,2024-05-20,2025-02-03,174.0,86.33333333333333,2,454765,113691.25,True,Churned
INV002650,5,2024-03-03,2025-04-02,211.0,98.75,3,489864,97972.8,True,Churned
INV002651,5,2024-03-07,2025-03-31,127.0,97.25,4,904120,180824.0,True,Churned
INV002652,9,2024-02-19,2025-03-15,156.0,48.75,5,1408127,156458.55555555556,True,Churned
INV002653,1,2024-02-09,2024-02-09,,,0,513,513.0,False,New
INV002654,11,2024-02-05,2025-04-13,102.0,43.3,4,634501,57681.90909090909,True,Churned
INV002655,4,2024-08-14,2025-04-30,235.0,86.33333333333333,1,508531,127132.75,True,Churned
INV002656,10,2024-01-05,2025-04-11,216.0,51.333333333333336,3,1556050,155605.0,True,Churned
INV002657,5,2024-01-19,2025-04-20,272.0,114.25,2,167584,33516.8,True,Churned
INV002658,6,2024-01-06,2025-05-24,223.0,100.8,5,620774,103462.33333333333,True,Churned
INV002659,10,2024-01-04,2025-03-26,141.0,49.666666666666664,4,1026277,102627.7,True,Churned
INV002660,5,2024-02-09,2025-01-01,210.0,81.75,3,580860,116172.0,True,Churned
INV002661,2,2024-03-23,2024-05-22,60.0,60.0,1,908,454.0,True,At Risk
INV002662,3,2024-01-27,2024-11-06,262.0,142.0,1,152791,50930.333333333336,True,Churned
INV002663,1,2025-05-30,2025-05-30,,,0,279886,279886.0,False,New
INV002664,6,2024-03-26,2025-01-06,115.0,57.2,3,595421,99236.83333333333,True,Churned
INV002665,1,2025-03-18,2025-03-18,,,0,139830,139830.0,False,New
INV002666,11,2024-02-09,2025-04-21,118.0,43.7,5,978886,88989.63636363637,True,Churned
INV002667,1,2024-02-17,2024-02-17,,,0,244753,244753.0,False,New
INV002668,12,2024-01-18,2025-05-10,114.0,43.45454545454545,5,1798948,149912.33333333334,True,Churned
INV002669,3,2024-03-17,2024-12-23,201.0,140.5,2,485674,161891.33333333334,True,Churned
INV002670,3,2024-03-17,2025-04-24,230.0,201.5,2,32088,10696.0,True,Churned
INV002671,12,2024-01-24,2025-05-18,114.0,43.63636363636363,5,800949,66745.75,True,Churned
INV002672,1,2024-08-31,2024-08-31,,,0,441,441.0,False,New
INV002673,10,2024-02-21,2025-05-21,106.0,50.55555555555556,6,921689,92168.9,True,Churned
INV002674,12,2024-02-06,2025-03-24,100.0,37.45454545454545,4,1451234,120936.16666666667,True,Churned
INV002675,12,2024-02-05,2025-04-27,96.0,40.63636363636363,5,974634,81219.5,True,Churned
INV002676,4,2024-02-28,2024-10-25,110.0,80.0,3,565809,141452.25,True,Churned
INV002677,2,2024-10-05,2025-04-08,185.0,185.0,1,388167,194083.5,True,Churned
INV002678,1,2025-03-26,2025-03-26,,,0,472,472.0,False,New
INV002679,8,2024-01-08,2025-04-12,135.0,65.71428571428571,4,1242019,155252.375,True,Churned
INV002680,5,2024-03-13,2025-04-24,240.0,101.75,2,689501,137900.2,True,Churned
INV002681,7,2024-01-13,2025-05-29,161.0,83.66666666666667,4,77813,11116.142857142857,True,Churned
INV002682,10,2024-04-24,2025-04-23,92.0,40.44444444444444,5,1690507,169050.7,True,Churned
INV002683,5,2024-05-22,2024-07-04,14.0,10.75,0,477982,95596.4,False,Active
INV002684,11,2024-01-28,2025-04-05,153.0,43.3,4,1273552,115777.45454545454,True,Churned
INV002685,6,2024-01-20,2025-05-16,224.0,96.4,3,732855,122142.5,True,Churned
INV002686,5,2024-03-14,2025-05-30,205.0,110.5,3,1228291,245658.2,True,Churned
INV002687,8,2024-03-29,2025-02-12,173.0,45.714285714285715,3,1038000,129750.0,True,Churned
INV002688,10,2024-06-25,2025-04-17,89.0,32.888888888888886,3,360928,36092.8,True,High Risk
INV002689,11,2024-03-10,2025-02-23,71.0,35.0,6,1462406,132946.0,True,High Risk
INV002690,4,2024-01-09,2025-01-31,252.0,129.33333333333334,2,761823,190455.75,True,Churned
INV002691,2,2024-02-02,2025-02-20,384.0,384.0,1,142434,71217.0,True,Churned
INV002692,9,2024-02-25,2025-05-25,124.0,56.875,6,1912308,212478.66666666666,True,Churned
INV002693,12,2024-03-16,2025-03-08,63.0,32.45454545454545,4,1480616,123384.66666666667,True,High Risk
INV002694,4,2024-05-01,2025-05-09,194.0,124.33333333333333,3,336088,84022.0,True,Churned
INV002695,1,2025-05-19,2025-05-19,,,0,2490,2490.0,False,New
INV002696,11,2024-03-05,2025-05-16,190.0,43.7,4,1740739,158249.0,True,Churned
INV002697,9,2024-01-20,2025-03-10,199.0,51.875,3,295570,32841.11111111111,True,Churned
INV002698,11,2024-04-15,2025-02-24,69.0,31.5,4,2056205,186927.72727272726,True,High Risk
INV002699,4,2024-02-11,2025-03-23,318.0,135.33333333333334,3,52215,13053.75,True,Churned
INV002700,9,2024-01-10,2025-05-03,140.0,59.875,4,488317,54257.444444444445,True,Churned
INV002701,4,2024-03-15,2024-11-12,185.0,80.66666666666667,2,496000,124000.0,True,Churned
INV002702,10,2024-03-11,2025-05-26,127.0,49.0,4,687038,68703.8,True,Churned
INV002703,4,2024-08-26,2025-03-16,115.0,67.33333333333333,2,557730,139432.5,True,Churned
INV002704,12,2024-03-19,2025-05-07,101.0,37.63636363636363,4,1558276,129856.33333333333,True,Churned
INV002705,12,2024-03-29,2024-11-30,75.0,22.363636363636363,2,849407,70783.91666666667,True,High Risk
INV002706,11,2024-01-20,2025-05-07,104.0,47.3,6,1253360,113941.81818181818,True,Churned
INV002707,11,2024-05-05,2025-05-29,114.0,38.9,4,2651584,241053.0909090909,True,Churned
INV002708,12,2024-01-03,2025-04-29,184.0,43.81818181818182,3,1553060,129421.66666666667,True,Churned
INV002709,2,2024-05-11,2024-12-03,206.0,206.0,1,38177,19088.5,True,Churned
INV002710,2,2024-06-26,2024-06-29,3.0,3.0,0,9983,4991.5,False,Active
INV002711,9,2024-01-26,2025-04-29,230.0,57.375,3,550183,61131.444444444445,True,Churned
INV002712,12,2024-02-06,2025-05-19,174.0,42.54545454545455,4,388340,32361.666666666668,True,Churned
INV002713,2,2024-08-14,2025-01-23,162.0,162.0,1,17714,8857.0,True,Churned
INV002714,5,2024-01-14,2025-05-14,212.0,121.5,3,495424,99084.8,True,Churned
INV002715,1,2024-08-17,2024-08-17,,,0,527,527.0,False,New
INV002716,6,2024-01-12,2025-05-25,332.0,99.8,3,298557,49759.5,True,Churned
INV002717,4,2024-03-08,2025-03-05,188.0,120.66666666666667,3,328135,82033.75,True,Churned
INV002718,7,2024-01-15,2025-02-19,171.0,66.83333333333333,5,579809,82829.85714285714,True,Churned
INV002719,3,2024-05-30,2025-01-14,170.0,114.5,2,293243,97747.66666666667,True,Churned
INV002720,4,2024-02-13,2024-12-30,237.0,107.0,3,441054,110263.5,True,Churned
INV002721,1,2024-06-19,2024-06-19,,,0,818,818.0,False,New
INV002722,10,2024-02-24,2025-04-29,178.0,47.77777777777778,3,1098120,109812.0,True,Churned
INV002723,9,2024-07-31,2025-05-29,102.0,37.75,3,44585,4953.888888888889,True,Churned
INV002724,12,2024-02-15,2025-03-04,104.0,34.81818181818182,4,1640894,136741.16666666666,True,Churned
INV002725,6,2024-02-12,2025-05-22,123.0,93.0,5,669734,111622.33333333333,True,Churned
INV002726,12,2024-06-08,2025-05-03,83.0,29.90909090909091,5,1387173,115597.75,True,High Risk
INV002727,8,2024-01-18,2025-05-24,178.0,70.28571428571429,5,636901,79612.625,True,Churned
INV002728,1,2024-10-05,2024-10-05,,,0,11412,11412.0,False,New
INV002729,8,2024-01-21,2025-04-18,155.0,64.71428571428571,4,2065041,258130.125,True,Churned
INV002730,1,2025-04-03,2025-04-03,,,0,155942,155942.0,False,New
INV002731,2,2024-01-24,2024-08-25,214.0,214.0,1,772457,386228.5,True,Churned
INV002732,11,2024-01-07,2025-05-16,151.0,49.5,5,1027836,93439.63636363637,True,Churned
INV002733,10,2024-01-20,2025-05-21,150.0,54.111111111111114,4,851110,85111.0,True,Churned
INV002734,6,2024-01-26,2025-03-05,163.0,80.8,4,369356,61559.333333333336,True,Churned
INV002735,12,2024-01-17,2025-05-06,98.0,43.18181818181818,7,1440895,120074.58333333333,True,Churned
INV002736,11,2024-01-17,2025-03-21,144.0,42.9,6,2166018,196910.72727272726,True,Churned
INV002737,12,2024-03-12,2025-05-13,81.0,38.81818181818182,5,1395803,116316.91666666667,True,High Risk
INV002738,5,2024-02-28,2024-10-16,117.0,57.75,2,1307764,261552.8,True,Churned
INV002739,3,2024-01-09,2024-12-22,216.0,174.0,2,59250,19750.0,True,Churned
INV002740,7,2024-02-11,2025-05-30,295.0,79.0,2,1113136,159019.42857142858,True,Churned
INV002741,4,2024-02-29,2025-03-04,190.0,123.0,3,56215,14053.75,True,Churned
INV002742,2,2024-10-04,2024-10-05,1.0,1.0,0,190794,95397.0,False,Active
INV002743,8,2024-03-14,2025-05-29,166.0,63.0,4,830045,103755.625,True,Churned
INV002744,10,2024-01-31,2025-05-21,139.0,52.888888888888886,5,64967,6496.7,True,Churned
INV002745,6,2024-01-29,2025-05-29,153.0,97.2,5,440351,73391.83333333333,True,Churned
INV002746,11,2024-01-14,2025-05-04,185.0,47.6,3,832761,75705.54545454546,True,Churned
INV002747,7,2024-02-04,2025-05-19,219.0,78.33333333333333,4,1381161,197308.7142857143,True,Churned
INV002748,7,2024-01-04,2025-03-04,145.0,70.83333333333333,4,1058411,151201.57142857142,True,Churned
INV002749,3,2024-04-10,2025-02-18,245.0,157.0,2,528623,176207.66666666666,True,Churned
INV002750,9,2024-01-18,2025-03-14,236.0,52.625,2,489019,54335.444444444445,True,Churned
INV002751,10,2024-01-26,2025-04-08,102.0,48.666666666666664,7,771855,77185.5,True,Churned
INV002752,9,2024-01-16,2024-12-20,113.0,42.375,3,1187556,131950.66666666666,True,Churned
INV002753,11,2024-02-02,2025-02-08,97.0,37.2,5,1438337,130757.90909090909,True,Churned
INV002754,6,2024-01-08,2025-04-18,149.0,93.2,5,238195,39699.166666666664,True,Churned
INV002755,1,2024-10-29,2024-10-29,,,0,13259,13259.0,False,New
INV002756,3,2024-02-18,2025-05-23,336.0,230.0,2,424706,141568.66666666666,True,Churned
INV002757,5,2024-03-22,2025-01-17,206.0,75.25,2,314992,62998.4,True,Churned
INV002758,9,2024-01-28,2025-04-26,223.0,56.75,5,621192,69021.33333333333,True,Churned
INV002759,7,2024-01-12,2025-05-18,124.0,82.0,6,1285048,183578.2857142857,True,Churned
INV002760,1,2025-05-25,2025-05-25,,,0,1118,1118.0,False,New
INV002761,12,2024-01-30,2025-05-28,170.0,44.0,4,1304993,108749.41666666667,True,Churned
INV002762,9,2024-01-26,2025-01-30,125.0,46.25,4,972214,108023.77777777778,True,Churned
INV002763,2,2024-01-18,2025-03-02,409.0,409.0,1,15743,7871.5,True,Churned
INV002764,8,2024-02-24,2025-03-03,146.0,53.285714285714285,4,1047488,130936.0,True,Churned
INV002765,8,2024-02-12,2025-05-23,171.0,66.57142857142857,4,1436955,179619.375,True,Churned
INV002766,12,2024-05-21,2025-05-26,118.0,33.63636363636363,3,1301026,108418.83333333333,True,Churned
INV002767,9,2024-05-04,2025-05-12,145.0,46.625,3,722487,80276.33333333333,True,Churned
INV002768,1,2024-09-27,2024-09-27,,,0,7182,7182.0,False,New
INV002769,11,2024-01-23,2025-05-29,103.0,49.2,6,1500175,136379.54545454544,True,Churned
INV002770,5,2024-04-06,2025-05-15,213.0,101.0,4,736893,147378.6,True,Churned
INV002771,5,2024-02-17,2025-05-05,306.0,110.75,3,699878,139975.6,True,Churned
INV002772,10,2024-01-09,2025-03-31,102.0,49.666666666666664,5,778911,77891.1,True,Churned
INV002773,2,2024-01-15,2025-02-23,405.0,405.0,1,69451,34725.5,True,Churned
INV002774,7,2024-02-04,2025-05-05,185.0,76.0,3,639529,91361.28571428571,True,Churned
INV002775,9,2024-08-03,2025-05-30,117.0,37.5,3,1917537,213059.66666666666,True,Churned
INV002776,6,2024-01-06,2025-01-02,187.0,72.4,3,1116694,186115.66666666666,True,Churned
INV002777,4,2024-02-20,2025-04-29,324.0,144.66666666666666,2,1077532,269383.0,True,Churned
INV002778,4,2024-06-03,2025-05-19,276.0,116.66666666666667,2,578026,144506.5,True,Churned
INV002779,11,2024-02-07,2025-05-11,112.0,45.9,5,1632115,148374.0909090909,True,Churned
INV002780,5,2024-05-02,2025-03-10,145.0,78.0,3,421087,84217.4,True,Churned
INV002781,5,2024-07-04,2024-12-12,93.0,40.25,2,431185,86237.0,True,Churned
INV002782,5,2024-01-01,2024-10-24,151.0,74.25,2,985007,197001.4,True,Churned
INV002783,12,2024-01-19,2025-05-24,126.0,44.63636363636363,5,1426460,118871.66666666667,True,Churned
INV002784,9,2024-07-22,2025-04-26,125.0,34.75,1,953818,105979.77777777778,True,Churned
INV002785,6,2024-02-24,2025-05-27,254.0,91.6,4,501265,83544.16666666667,True,Churned
INV002786,11,2024-01-12,2025-05-24,115.0,49.8,6,1486264,135114.9090909091,True,Churned
INV002787,8,2024-04-05,2025-05-07,123.0,56.714285714285715,5,730015,91251.875,True,Churned
INV002788,10,2024-02-17,2025-05-18,124.0,50.666666666666664,5,1174818,117481.8,True,Churned
INV002789,3,2024-01-24,2024-07-18,141.0,88.0,1,59762,19920.666666666668,True,Churned
INV002790,3,2024-01-10,2025-05-18,284.0,247.0,2,167441,55813.666666666664,True,Churned
INV002791,3,2024-05-05,2025-04-01,285.0,165.5,2,16153,5384.333333333333,True,Churned
INV002792,4,2024-02-27,2025-04-11,207.0,136.33333333333334,2,710709,177677.25,True,Churned
INV002793,8,2024-05-30,2025-05-21,125.0,50.857142857142854,4,255816,31977.0,True,Churned
INV002794,10,2024-02-02,2025-01-23,111.0,39.55555555555556,4,807593,80759.3,True,Churned
INV002795,1,2024-04-05,2024-04-05,,,0,3347,3347.0,False,New
INV002796,7,2024-01-06,2025-02-22,139.0,68.83333333333333,4,590852,84407.42857142857,True,Churned
INV002797,2,2024-04-08,2025-05-16,403.0,403.0,1,295435,147717.5,True,Churned
INV002798,7,2024-01-12,2025-04-04,118.0,74.66666666666667,5,1134730,162104.2857142857,True,Churned
INV002799,9,2024-01-27,2025-04-12,118.0,55.125,4,507285,56365.0,True,Churned
INV002800,8,2024-03-12,2025-03-28,108.0,54.42857142857143,5,170858,21357.25,True,Churned
INV002801,7,2024-01-28,2025-05-27,156.0,80.83333333333333,4,882502,126071.71428571429,True,Churned
INV002802,7,2024-06-01,2025-03-06,155.0,46.333333333333336,2,1194797,170685.2857142857,True,Churned
INV002803,11,2024-02-14,2025-03-11,176.0,39.1,4,1007412,91582.90909090909,True,Churned
INV002804,10,2024-03-27,2025-05-20,192.0,46.55555555555556,4,586275,58627.5,True,Churned
INV002805,4,2024-01-15,2025-04-30,247.0,157.0,3,343064,85766.0,True,Churned
INV002806,4,2024-01-25,2025-05-08,262.0,156.33333333333334,3,263473,65868.25,True,Churned
INV002807,4,2024-10-27,2025-05-16,153.0,67.0,2,334828,83707.0,True,Churned
INV002808,9,2024-05-04,2025-05-06,120.0,45.875,3,972792,108088.0,True,Churned
INV002809,6,2024-03-23,2025-05-04,276.0,81.4,2,27992,4665.333333333333,True,Churned
INV002810,10,2024-06-26,2025-02-07,50.0,25.11111111111111,3,998276,99827.6,True,At Risk
INV002811,8,2024-01-02,2025-01-20,108.0,54.857142857142854,5,1212444,151555.5,True,Churned
INV002812,1,2025-01-29,2025-01-29,,,0,327561,327561.0,False,New
INV002813,9,2024-04-30,2025-02-18,101.0,36.75,3,441820,49091.11111111111,True,Churned
INV002814,2,2024-10-06,2025-04-22,198.0,198.0,1,13063,6531.5,True,Churned
INV002815,2,2024-02-24,2024-04-16,52.0,52.0,1,385303,192651.5,True,At Risk
INV002816,2,2025-01-15,2025-05-24,129.0,129.0,1,2884,1442.0,True,Churned
INV002817,4,2024-01-02,2025-02-22,258.0,139.0,2,250992,62748.0,True,Churned
INV002818,4,2024-04-02,2025-04-03,192.0,122.0,2,65179,16294.75,True,Churned
INV002819,7,2024-06-09,2024-12-13,69.0,31.166666666666668,3,578093,82584.71428571429,True,High Risk
INV002820,3,2024-07-09,2025-02-26,144.0,116.0,2,726867,242289.0,True,Churned
INV002821,2,2024-07-10,2025-01-05,179.0,179.0,1,531776,265888.0,True,Churned
INV002822,11,2024-02-08,2025-05-16,145.0,46.3,5,1210350,110031.81818181818,True,Churned
INV002823,4,2024-01-20,2024-12-18,138.0,111.0,3,526123,131530.75,True,Churned
INV002824,12,2024-01-22,2025-05-01,130.0,42.27272727272727,4,1295824,107985.33333333333,True,Churned
INV002825,4,2024-03-06,2025-04-25,281.0,138.33333333333334,3,269809,67452.25,True,Churned
INV002826,9,2024-01-20,2025-04-22,150.0,57.25,6,686810,76312.22222222222,True,Churned
INV002827,9,2024-01-21,2025-02-17,200.0,49.125,2,590809,65645.44444444444,True,Churned
INV002828,12,2024-01-25,2025-05-03,141.0,42.18181818181818,4,1202798,100233.16666666667,True,Churned
INV002829,4,2024-09-07,2025-03-18,136.0,64.0,1,225959,56489.75,True,Churned
INV002830,6,2024-03-12,2025-05-27,219.0,88.2,3,99416,16569.333333333332,True,Churned
INV002831,8,2024-01-10,2025-01-23,139.0,54.142857142857146,5,403398,50424.75,True,Churned
INV002832,10,2024-02-25,2025-05-20,121.0,50.0,7,2043853,204385.3,True,Churned
INV002833,4,2024-07-15,2025-05-09,209.0,99.33333333333333,2,939118,234779.5,True,Churned
INV002834,10,2024-01-07,2025-04-27,144.0,52.888888888888886,4,1972780,197278.0,True,Churned
INV002835,7,2024-01-06,2025-05-14,233.0,82.33333333333333,3,66597,9513.857142857143,True,Churned
INV002836,1,2024-03-19,2024-03-19,,,0,1649,1649.0,False,New
INV002837,2,2024-10-14,2024-12-21,68.0,68.0,1,163775,81887.5,True,High Risk
INV002838,10,2024-02-14,2025-04-29,100.0,48.888888888888886,6,569559,56955.9,True,Churned
INV002839,4,2024-05-12,2025-01-13,132.0,82.0,3,977873,244468.25,True,Churned
INV002840,5,2024-07-16,2025-05-09,186.0,74.25,2,579250,115850.0,True,Churned
INV002841,12,2024-09-09,2025-04-14,44.0,19.727272727272727,3,1317835,109819.58333333333,True,At Risk
INV002842,1,2024-12-20,2024-12-20,,,0,14799,14799.0,False,New
INV002843,12,2024-01-14,2025-05-16,186.0,44.36363636363637,4,1539809,128317.41666666667,True,Churned
INV002844,1,2024-09-10,2024-09-10,,,0,146535,146535.0,False,New
INV002845,3,2024-04-19,2024-11-26,197.0,110.5,1,301765,100588.33333333333,True,Churned
INV002846,5,2024-06-09,2025-02-22,144.0,64.5,3,569385,113877.0,True,Churned
INV002847,11,2024-01-03,2025-04-21,129.0,47.4,4,310619,28238.090909090908,True,Churned
INV002848,2,2024-03-07,2024-08-04,150.0,150.0,1,419435,209717.5,True,Churned
INV002849,7,2024-09-17,2025-03-05,57.0,28.166666666666668,2,975989,139427.0,True,At Risk
INV002850,12,2024-01-19,2025-02-26,85.0,36.72727272727273,4,1548230,129019.16666666667,True,High Risk
INV002851,5,2024-01-15,2025-05-19,280.0,122.5,3,276966,55393.2,True,Churned
INV002852,10,2024-02-28,2025-03-23,101.0,43.22222222222222,5,1041610,104161.0,True,Churned
INV002853,5,2024-10-23,2025-03-28,49.0,39.0,3,1066654,213330.8,True,At Risk
INV002854,4,2024-01-10,2025-01-24,273.0,126.66666666666667,2,39871,9967.75,True,Churned
INV002855,3,2024-01-26,2024-09-22,196.0,120.0,2,12212,4070.6666666666665,True,Churned
INV002856,6,2024-04-04,2025-05-08,212.0,79.8,2,604068,100678.0,True,Churned
INV002857,1,2024-06-06,2024-06-06,,,0,832,832.0,False,New
INV002858,4,2024-02-08,2025-03-09,234.0,131.66666666666666,2,170407,42601.75,True,Churned
INV002859,10,2024-02-15,2025-05-19,198.0,51.0,4,1293237,129323.7,True,Churned
INV002860,3,2024-04-05,2025-05-03,280.0,196.5,2,61602,20534.0,True,Churned
INV002861,10,2024-01-27,2025-05-26,184.0,53.888888888888886,5,729936,72993.6,True,Churned
INV002862,8,2024-01-04,2025-04-06,145.0,65.42857142857143,6,632707,79088.375,True,Churned
INV002863,9,2024-01-15,2025-04-29,130.0,58.75,6,810786,90087.33333333333,True,Churned
INV002864,10,2024-03-12,2025-05-23,175.0,48.55555555555556,3,1526776,152677.6,True,Churned
INV002865,10,2024-01-03,2024-10-24,66.0,32.77777777777778,5,1256336,125633.6,True,High Risk
INV002866,4,2024-04-23,2025-04-19,213.0,120.33333333333333,3,654591,163647.75,True,Churned
INV002867,6,2024-01-22,2025-04-11,167.0,89.0,4,666063,111010.5,True,Churned
INV002868,9,2024-01-02,2024-12-17,156.0,43.75,3,1397187,155243.0,True,Churned
INV002869,8,2024-01-24,2025-04-17,202.0,64.14285714285714,4,810765,101345.625,True,Churned
INV002870,12,2024-01-07,2025-05-16,139.0,45.0,5,1131331,94277.58333333333,True,Churned
INV002871,2,2024-06-27,2024-07-27,30.0,30.0,0,344821,172410.5,False,Active
INV002872,6,2024-03-19,2025-05-21,199.0,85.6,3,46749,7791.5,True,Churned
INV002873,9,2024-01-18,2025-05-30,140.0,62.25,5,1114229,123803.22222222222,True,Churned
INV002874,6,2024-01-30,2025-05-26,192.0,96.4,4,443630,73938.33333333333,True,Churned
INV002875,3,2024-05-07,2024-08-31,98.0,58.0,1,40481,13493.666666666666,True,Churned
INV002876,4,2024-02-17,2025-01-30,145.0,116.0,3,421646,105411.5,True,Churned
INV002877,6,2024-03-20,2024-12-04,111.0,51.8,2,423220,70536.66666666667,True,Churned
INV002878,2,2024-02-08,2024-08-16,190.0,190.0,1,166107,83053.5,True,Churned
INV002879,11,2024-03-17,2025-05-27,125.0,43.6,4,743472,67588.36363636363,True,Churned
INV002880,1,2024-01-28,2024-01-28,,,0,105098,105098.0,False,New
INV002881,9,2024-04-08,2025-02-26,93.0,40.5,4,866525,96280.55555555556,True,Churned
INV002882,5,2024-01-18,2025-04-16,167.0,113.5,4,850270,170054.0,True,Churned
INV002883,11,2024-01-18,2025-05-12,91.0,48.0,6,953534,86684.90909090909,True,Churned
INV002884,2,2024-03-06,2024-04-08,33.0,33.0,0,96601,48300.5,False,Active
INV002885,3,2024-01-01,2024-02-11,31.0,20.5,0,479830,159943.33333333334,False,Active
INV002886,12,2024-01-24,2025-05-24,132.0,44.18181818181818,6,1000941,83411.75,True,Churned
INV002887,1,2024-05-14,2024-05-14,,,0,556503,556503.0,False,New
INV002888,7,2024-01-03,2025-02-14,167.0,68.0,4,734559,104937.0,True,Churned
INV002889,2,2024-02-01,2025-04-28,452.0,452.0,1,654142,327071.0,True,Churned
INV002890,10,2024-04-01,2025-05-11,109.0,45.0,4,1654267,165426.7,True,Churned
INV002891,10,2024-01-04,2025-05-27,114.0,56.55555555555556,6,273593,27359.3,True,Churned
INV002892,4,2024-04-24,2025-04-10,164.0,117.0,3,356148,89037.0,True,Churned
INV002893,11,2024-01-01,2025-03-04,106.0,42.8,4,586694,53335.818181818184,True,Churned
INV002894,6,2024-02-01,2025-04-26,187.0,90.0,4,1239365,206560.83333333334,True,Churned
INV002895,5,2024-05-01,2025-05-19,171.0,95.75,4,62836,12567.2,True,Churned
INV002896,6,2024-06-02,2025-04-16,110.0,63.6,4,80044,13340.666666666666,True,Churned
INV002897,8,2024-03-16,2025-04-21,147.0,57.285714285714285,4,354310,44288.75,True,Churned
INV002898,3,2024-06-01,2024-09-25,111.0,58.0,1,7763,2587.6666666666665,True,Churned
INV002899,6,2024-02-11,2025-05-04,207.0,89.6,4,776246,129374.33333333333,True,Churned
INV002900,7,2024-03-09,2025-04-06,136.0,65.5,4,480127,68589.57142857143,True,Churned
INV002901,5,2024-02-03,2024-11-06,131.0,69.25,3,690651,138130.2,True,Churned
INV002902,4,2025-02-13,2025-04-22,35.0,22.666666666666668,0,769587,192396.75,False,Active
INV002903,9,2024-02-04,2025-04-27,92.0,56.0,6,688078,76453.11111111111,True,Churned
INV002904,10,2024-02-11,2025-04-17,135.0,47.888888888888886,3,921012,92101.2,True,Churned
INV002905,11,2024-03-03,2025-05-06,142.0,42.9,5,1532174,139288.54545454544,True,Churned
INV002906,8,2024-06-23,2025-05-30,92.0,48.714285714285715,4,784837,98104.625,True,Churned
INV002907,1,2024-08-07,2024-08-07,,,0,15867,15867.0,False,New
INV002908,3,2024-06-04,2024-11-11,139.0,80.0,1,4331,1443.6666666666667,True,Churned
INV002909,8,2024-01-13,2025-05-21,142.0,70.57142857142857,5,512196,64024.5,True,Churned
INV002910,3,2024-04-11,2025-04-13,346.0,183.5,1,386296,128765.33333333333,True,Churned
INV002911,10,2024-01-14,2025-04-18,161.0,51.111111111111114,6,1450589,145058.9,True,Churned
INV002912,12,2024-01-04,2025-05-21,185.0,45.72727272727273,4,2286138,190511.5,True,Churned
INV002913,11,2024-02-08,2025-05-24,116.0,47.1,6,1590174,144561.27272727274,True,Churned
INV002914,6,2024-03-02,2025-05-22,287.0,89.2,2,1089489,181581.5,True,Churned
INV002915,9,2024-03-02,2025-02-10,117.0,43.125,3,167702,18633.555555555555,True,Churned
INV002916,1,2025-03-18,2025-03-18,,,0,375584,375584.0,False,New
INV002917,5,2024-04-03,2025-05-05,260.0,99.25,2,77355,15471.0,True,Churned
INV002918,1,2024-08-26,2024-08-26,,,0,58116,58116.0,False,New
INV002919,1,2024-06-18,2024-06-18,,,0,2727,2727.0,False,New
INV002920,4,2024-04-11,2025-05-27,298.0,137.0,2,645236,161309.0,True,Churned
INV002921,9,2024-01-31,2025-03-14,103.0,51.0,4,586383,65153.666666666664,True,Churned
INV002922,3,2024-05-05,2025-05-27,305.0,193.5,2,651962,217320.66666666666,True,Churned
INV002923,2,2024-05-17,2024-12-23,220.0,220.0,1,55913,27956.5,True,Churned
INV002924,7,2024-10-24,2025-04-03,37.0,26.833333333333332,2,539484,77069.14285714286,True,At Risk
INV002925,4,2024-03-14,2025-01-27,128.0,106.33333333333333,3,258207,64551.75,True,Churned
INV002926,6,2024-01-30,2025-04-17,193.0,88.6,4,459914,76652.33333333333,True,Churned
INV002927,11,2024-01-23,2025-05-10,144.0,47.3,4,384758,34978.0,True,Churned
INV002928,10,2024-03-22,2025-05-17,107.0,46.77777777777778,4,1692346,169234.6,True,Churned
INV002929,9,2024-02-09,2025-05-30,168.0,59.5,4,1885229,209469.88888888888,True,Churned
INV002930,4,2024-04-05,2025-01-16,127.0,95.33333333333333,3,35422,8855.5,True,Churned
INV002931,9,2024-01-22,2025-05-08,157.0,59.0,5,1476787,164087.44444444444,True,Churned
INV002932,9,2024-01-08,2025-01-01,96.0,44.875,5,2165816,240646.22222222222,True,Churned
INV002933,12,2024-06-14,2025-05-24,89.0,31.272727272727273,4,1962782,163565.16666666666,True,High Risk
INV002934,10,2024-05-06,2025-03-14,98.0,34.666666666666664,4,858890,85889.0,True,Churned
INV002935,9,2024-01-10,2025-02-20,95.0,50.875,5,277910,30878.88888888889,True,Churned
INV002936,1,2024-02-11,2024-02-11,,,0,10548,10548.0,False,New
INV002937,10,2024-02-15,2025-03-24,184.0,44.77777777777778,3,600588,60058.8,True,Churned
INV002938,2,2024-09-20,2025-01-19,121.0,121.0,1,313695,156847.5,True,Churned
INV002939,12,2024-03-26,2025-04-21,109.0,35.54545454545455,3,1410830,117569.16666666667,True,Churned
INV002940,7,2024-01-02,2025-03-24,229.0,74.5,3,1140863,162980.42857142858,True,Churned
INV002941,8,2024-01-20,2024-12-16,154.0,47.285714285714285,3,1084661,135582.625,True,Churned
INV002942,12,2024-01-01,2025-04-02,180.0,41.54545454545455,5,421849,35154.083333333336,True,Churned
INV002943,8,2024-02-22,2025-04-27,150.0,61.42857142857143,4,535855,66981.875,True,Churned
INV002944,6,2024-03-13,2025-02-27,122.0,70.2,3,804918,134153.0,True,Churned
INV002945,10,2024-01-27,2025-04-26,128.0,50.55555555555556,6,772349,77234.9,True,Churned
INV002946,4,2024-04-24,2024-12-23,121.0,81.0,2,236429,59107.25,True,Churned
INV002947,10,2024-01-05,2025-04-03,152.0,50.44444444444444,4,869320,86932.0,True,Churned
INV002948,7,2024-04-19,2025-05-20,112.0,66.0,4,1892942,270420.28571428574,True,Churned
INV002949,5,2024-06-04,2025-04-11,188.0,77.75,2,355014,71002.8,True,Churned
INV002950,12,2024-01-09,2025-04-07,119.0,41.27272727272727,5,1333819,111151.58333333333,True,Churned
INV002951,10,2024-01-08,2025-01-08,74.0,40.666666666666664,5,414948,41494.8,True,High Risk
INV002952,5,2024-01-01,2024-08-31,106.0,60.75,3,1191005,238201.0,True,Churned
INV002953,5,2024-01-24,2024-09-18,106.0,59.5,3,292442,58488.4,True,Churned
INV002954,10,2024-04-11,2025-05-27,118.0,45.666666666666664,5,1112349,111234.9,True,Churned
INV002955,2,2024-03-09,2024-05-05,57.0,57.0,1,246202,123101.0,True,At Risk
INV002956,9,2024-02-08,2025-04-29,126.0,55.75,3,2368091,263121.22222222225,True,Churned
INV002957,7,2024-02-14,2025-05-18,161.0,76.5,5,552185,78883.57142857143,True,Churned
INV002958,3,2024-01-09,2024-04-07,89.0,44.5,1,184235,61411.666666666664,True,High Risk
INV002959,2,2024-05-01,2024-08-13,104.0,104.0,1,20966,10483.0,True,Churned
INV002960,1,2024-01-04,2024-01-04,,,0,15426,15426.0,False,New
INV002961,9,2024-01-02,2025-05-24,231.0,63.5,4,365134,40570.444444444445,True,Churned
INV002962,1,2024-05-21,2024-05-21,,,0,12683,12683.0,False,New
INV002963,3,2024-07-18,2024-12-16,124.0,75.5,1,113711,37903.666666666664,True,Churned
INV002964,7,2024-03-23,2025-02-01,101.0,52.5,4,609260,87037.14285714286,True,Churned
INV002965,1,2024-01-18,2024-01-18,,,0,275352,275352.0,False,New
INV002966,9,2024-01-01,2025-01-16,98.0,47.625,4,1617000,179666.66666666666,True,Churned
INV002967,3,2024-01-22,2025-04-10,391.0,222.0,2,28737,9579.0,True,Churned
INV002968,5,2024-02-22,2025-01-10,269.0,80.75,2,79854,15970.8,True,Churned
INV002969,10,2024-03-07,2024-10-17,71.0,24.88888888888889,2,1076819,107681.9,True,High Risk
INV002970,4,2024-03-12,2025-03-22,150.0,125.0,3,984974,246243.5,True,Churned
INV002971,3,2024-07-06,2025-01-20,178.0,99.0,1,282181,94060.33333333333,True,Churned
INV002972,1,2024-01-26,2024-01-26,,,0,3104,3104.0,False,New
INV002973,6,2024-07-08,2025-03-06,200.0,48.2,1,452828,75471.33333333333,True,Churned
INV002974,12,2024-02-08,2025-03-17,82.0,36.63636363636363,5,1468022,122335.16666666667,True,High Risk
INV002975,4,2024-02-29,2024-06-12,52.0,34.666666666666664,1,196089,49022.25,True,At Risk
INV002976,3,2024-01-02,2024-11-27,188.0,165.0,2,450997,150332.33333333334,True,Churned
INV002977,4,2024-03-18,2025-05-16,211.0,141.33333333333334,3,10928,2732.0,True,Churned
INV002978,6,2024-04-30,2025-05-25,173.0,78.0,4,626613,104435.5,True,Churned
INV002979,7,2024-01-29,2025-02-19,131.0,64.5,3,988274,141182.0,True,Churned
INV002980,6,2024-04-21,2025-03-28,117.0,68.2,4,247711,41285.166666666664,True,Churned
INV002981,3,2024-01-02,2024-10-02,182.0,137.0,2,383521,127840.33333333333,True,Churned
INV002982,6,2024-04-12,2025-04-06,203.0,71.8,3,498259,83043.16666666667,True,Churned
INV002983,7,2024-02-06,2025-03-21,156.0,68.16666666666667,4,1750339,250048.42857142858,True,Churned
INV002984,10,2024-01-01,2025-04-23,130.0,53.111111111111114,5,860063,86006.3,True,Churned
INV002985,6,2024-06-14,2025-02-14,91.0,49.0,2,813008,135501.33333333334,True,Churned
INV002986,5,2024-01-13,2025-05-12,367.0,121.25,3,737031,147406.2,True,Churned
INV002987,4,2024-02-25,2025-01-04,193.0,104.66666666666667,2,1224261,306065.25,True,Churned
INV002988,3,2025-01-29,2025-04-12,45.0,36.5,1,723257,241085.66666666666,True,At Risk
INV002989,11,2024-02-15,2025-04-23,132.0,43.3,5,1154027,104911.54545454546,True,Churned
INV002990,3,2024-10-12,2025-04-30,189.0,100.0,1,544955,181651.66666666666,True,Churned
INV002991,3,2024-07-06,2025-05-30,287.0,164.0,2,409695,136565.0,True,Churned
INV002992,6,2024-04-21,2025-04-14,93.0,71.6,4,231033,38505.5,True,Churned
INV002993,9,2024-02-08,2025-05-14,156.0,57.625,5,1510622,167846.88888888888,True,Churned
INV002994,9,2024-05-09,2025-04-27,142.0,44.125,4,577429,64158.77777777778,True,Churned
INV002995,1,2025-04-28,2025-04-28,,,0,17009,17009.0,False,New
INV002996,12,2024-01-20,2025-05-10,108.0,43.27272727272727,5,2445043,203753.58333333334,True,Churned
INV002997,8,2024-02-27,2025-03-17,115.0,54.857142857142854,4,802626,100328.25,True,Churned
INV002998,2,2024-07-27,2024-08-02,6.0,6.0,0,4850,2425.0,False,Active
INV002999,1,2024-09-06,2024-09-06,,,0,1661,1661.0,False,New
INV003000,7,2024-03-13,2025-04-19,137.0,67.0,4,54577,7796.714285714285,True,Churned
INV003001,2,2024-03-14,2024-06-28,106.0,106.0,1,99755,49877.5,True,Churned
INV003002,8,2024-02-14,2025-05-03,225.0,63.42857142857143,3,873009,109126.125,True,Churned
INV003003,11,2024-02-04,2025-05-15,85.0,46.6,8,548947,49904.27272727273,True,High Risk
INV003004,8,2024-01-27,2025-05-09,120.0,66.85714285714286,5,966737,120842.125,True,Churned
INV003005,11,2024-02-28,2025-03-06,107.0,37.2,4,731891,66535.54545454546,True,Churned
INV003006,3,2024-06-23,2025-03-07,159.0,128.5,2,796257,265419.0,True,Churned
INV003007,12,2024-02-18,2025-05-26,130.0,42.09090909090909,5,377147,31428.916666666668,True,Churned
INV003008,8,2024-05-09,2025-05-27,124.0,54.714285714285715,4,1817842,227230.25,True,Churned
INV003009,12,2024-06-16,2025-04-17,71.0,27.727272727272727,4,566820,47235.0,True,High Risk
INV003010,7,2024-02-07,2025-05-14,145.0,77.0,4,1012557,144651.0,True,Churned
INV003011,10,2024-02-09,2025-04-23,154.0,48.77777777777778,5,1047733,104773.3,True,Churned
INV003012,6,2024-06-02,2025-01-21,90.0,46.6,2,469660,78276.66666666667,True,High Risk
INV003013,3,2025-03-07,2025-05-29,46.0,41.5,2,333662,111220.66666666667,True,At Risk
INV003014,7,2024-04-09,2025-05-26,144.0,68.66666666666667,3,433729,61961.28571428572,True,Churned
INV003015,11,2024-02-20,2025-05-21,128.0,45.6,6,643733,58521.181818181816,True,Churned
INV003016,6,2024-01-18,2025-05-15,195.0,96.6,4,1160040,193340.0,True,Churned
INV003017,7,2024-03-04,2025-05-17,256.0,73.16666666666667,3,788360,112622.85714285714,True,Churned
INV003018,7,2024-03-08,2024-11-14,156.0,41.833333333333336,2,332858,47551.142857142855,True,Churned
INV003019,1,2025-03-22,2025-03-22,,,0,2828,2828.0,False,New
INV003020,2,2024-03-28,2024-10-22,208.0,208.0,1,26926,13463.0,True,Churned
INV003021,8,2024-01-19,2025-05-15,156.0,68.85714285714286,4,613677,76709.625,True,Churned
INV003022,12,2024-01-06,2025-03-11,96.0,39.09090909090909,4,1284892,107074.33333333333,True,Churned
INV003023,5,2024-01-20,2025-02-02,259.0,94.75,2,95540,19108.0,True,Churned
INV003024,11,2024-08-09,2025-05-03,91.0,26.7,2,1924474,174952.18181818182,True,Churned
INV003025,11,2024-02-18,2024-12-12,59.0,29.8,3,787052,71550.18181818182,True,At Risk
INV003026,3,2024-01-22,2025-03-10,215.0,206.5,2,707779,235926.33333333334,True,Churned
INV003027,8,2024-01-02,2025-05-13,173.0,71.0,4,955226,119403.25,True,Churned
INV003028,10,2024-01-02,2025-04-29,183.0,53.666666666666664,4,1256697,125669.7,True,Churned
INV003029,3,2024-04-30,2025-03-01,225.0,152.5,2,199036,66345.33333333333,True,Churned
INV003030,2,2024-04-04,2024-11-20,230.0,230.0,1,618508,309254.0,True,Churned
INV003031,8,2024-03-14,2025-05-26,216.0,62.57142857142857,3,1313604,164200.5,True,Churned
INV003032,2,2024-08-22,2025-05-09,260.0,260.0,1,48955,24477.5,True,Churned
INV003033,11,2024-01-18,2025-05-10,102.0,47.8,5,1199886,109080.54545454546,True,Churned
INV003034,7,2024-05-07,2025-05-10,118.0,61.333333333333336,4,420507,60072.42857142857,True,Churned
INV003035,2,2024-07-23,2024-10-07,76.0,76.0,1,93094,46547.0,True,High Risk
INV003036,10,2024-02-28,2025-05-25,138.0,50.22222222222222,4,399163,39916.3,True,Churned
INV003037,12,2024-02-08,2025-05-30,156.0,43.36363636363637,4,1304237,108686.41666666667,True,Churned
INV003038,4,2024-05-21,2025-01-24,103.0,82.66666666666667,3,347648,86912.0,True,Churned
INV003039,1,2024-07-30,2024-07-30,,,0,26913,26913.0,False,New
INV003040,10,2024-01-04,2025-01-10,123.0,41.333333333333336,4,1362150,136215.0,True,Churned
INV003041,11,2024-02-10,2025-05-28,108.0,47.3,6,1248140,113467.27272727272,True,Churned
INV003042,5,2024-01-21,2024-09-01,164.0,56.0,1,735043,147008.6,True,Churned
INV003043,11,2024-01-30,2025-04-17,109.0,44.3,6,1292740,117521.81818181818,True,Churned
INV003044,9,2024-02-24,2025-04-26,190.0,53.375,3,209389,23265.444444444445,True,Churned
INV003045,11,2024-01-26,2025-05-10,248.0,47.0,3,1688041,153458.27272727274,True,Churned
INV003046,4,2024-06-10,2025-03-21,185.0,94.66666666666667,3,606902,151725.5,True,Churned
INV003047,12,2024-01-20,2025-05-25,215.0,44.63636363636363,4,1136835,94736.25,True,Churned
INV003048,6,2024-04-10,2025-03-31,208.0,71.0,2,548609,91434.83333333333,True,Churned
INV003049,9,2024-03-19,2025-05-28,164.0,54.375,6,938743,104304.77777777778,True,Churned
INV003050,3,2024-03-24,2024-11-11,185.0,116.0,2,1015060,338353.3333333333,True,Churned
INV003051,5,2024-03-31,2025-01-03,130.0,69.5,3,618554,123710.8,True,Churned
INV003052,3,2024-02-05,2024-08-22,158.0,99.5,2,387072,129024.0,True,Churned
INV003053,4,2024-05-05,2025-04-11,140.0,113.66666666666667,3,427097,106774.25,True,Churned
INV003054,11,2024-01-01,2025-04-17,200.0,47.2,6,1418876,128988.72727272728,True,Churned
INV003055,8,2024-02-07,2025-05-30,209.0,68.28571428571429,4,805454,100681.75,True,Churned
INV003056,1,2024-03-12,2024-03-12,,,0,337542,337542.0,False,New
INV003057,10,2024-01-12,2025-05-09,97.0,53.666666666666664,6,1297567,129756.7,True,Churned
INV003058,10,2024-01-17,2025-01-31,106.0,42.22222222222222,4,1273119,127311.9,True,Churned
INV003059,3,2024-03-21,2025-03-04,284.0,174.0,2,7084,2361.3333333333335,True,Churned
INV003060,12,2024-01-06,2025-04-24,94.0,43.09090909090909,6,1034342,86195.16666666667,True,Churned
INV003061,8,2024-01-20,2025-03-12,121.0,59.57142857142857,5,889298,111162.25,True,Churned
INV003062,2,2024-09-17,2025-01-05,110.0,110.0,1,202392,101196.0,True,Churned
INV003063,9,2024-01-05,2024-12-17,112.0,43.375,5,658581,73175.66666666667,True,Churned
INV003064,4,2024-05-14,2024-11-29,97.0,66.33333333333333,3,585172,146293.0,True,Churned
INV003065,9,2024-01-13,2025-02-06,106.0,48.75,5,1046147,116238.55555555556,True,Churned
INV003066,3,2024-01-16,2024-11-20,186.0,154.5,2,23985,7995.0,True,Churned
INV003067,2,2024-09-12,2025-02-08,149.0,149.0,1,28292,14146.0,True,Churned
INV003068,6,2024-03-09,2025-03-14,204.0,74.0,3,530123,88353.83333333333,True,Churned
INV003069,8,2024-06-09,2025-04-28,192.0,46.142857142857146,2,794791,99348.875,True,Churned
INV003070,12,2024-01-06,2025-03-17,132.0,39.63636363636363,5,1090507,90875.58333333333,True,Churned
INV003071,3,2024-12-15,2025-05-23,87.0,79.5,2,527526,175842.0,True,High Risk
INV003072,2,2024-01-05,2024-06-30,177.0,177.0,1,499119,249559.5,True,Churned
INV003073,9,2024-06-18,2025-05-27,99.0,42.875,4,1259757,139973.0,True,Churned
INV003074,11,2024-01-29,2025-05-06,123.0,46.3,5,1634452,148586.54545454544,True,Churned
INV003075,11,2024-01-05,2025-02-10,128.0,40.2,3,927992,84362.90909090909,True,Churned
INV003076,3,2024-01-05,2024-12-05,221.0,167.5,2,452138,150712.66666666666,True,Churned
INV003077,9,2024-01-16,2025-05-14,212.0,60.5,3,1367565,151951.66666666666,True,Churned
INV003078,9,2024-01-23,2025-05-22,126.0,60.625,6,669657,74406.33333333333,True,Churned
INV003079,7,2024-02-12,2025-02-04,158.0,59.666666666666664,3,618776,88396.57142857143,True,Churned
INV003080,3,2024-03-13,2024-07-25,118.0,67.0,1,4678,1559.3333333333333,True,Churned
INV003081,5,2024-01-28,2025-05-04,163.0,115.5,3,783687,156737.4,True,Churned
INV003082,10,2024-03-16,2025-02-04,73.0,36.111111111111114,4,553753,55375.3,True,High Risk
INV003083,11,2024-01-04,2025-01-19,83.0,38.1,4,1689101,153554.63636363635,True,High Risk
INV003084,3,2024-03-29,2025-03-04,227.0,170.0,2,67157,22385.666666666668,True,Churned
INV003085,3,2024-01-07,2024-11-29,246.0,163.5,2,639991,213330.33333333334,True,Churned
INV003086,7,2024-02-13,2024-12-09,187.0,50.0,1,968216,138316.57142857142,True,Churned
INV003087,2,2024-09-12,2024-12-27,106.0,106.0,1,41815,20907.5,True,Churned
INV003088,2,2024-12-27,2025-03-08,71.0,71.0,1,364193,182096.5,True,High Risk
INV003089,8,2024-01-23,2025-03-04,89.0,58.0,5,325119,40639.875,True,High Risk
INV003090,5,2024-02-09,2025-03-12,225.0,99.25,3,171361,34272.2,True,Churned
INV003091,11,2024-03-12,2025-04-23,199.0,40.7,3,347054,31550.363636363636,True,Churned
INV003092,2,2024-03-20,2024-09-23,187.0,187.0,1,3436,1718.0,True,Churned
INV003093,2,2025-02-28,2025-03-28,28.0,28.0,0,453181,226590.5,False,Active
INV003094,1,2025-02-21,2025-02-21,,,0,17401,17401.0,False,New
INV003095,12,2024-03-03,2025-05-29,122.0,41.09090909090909,6,944591,78715.91666666667,True,Churned
INV003096,2,2024-06-28,2025-05-22,328.0,328.0,1,444046,222023.0,True,Churned
INV003097,12,2024-01-06,2025-03-20,92.0,39.90909090909091,4,1795141,149595.08333333334,True,Churned
INV003098,3,2024-03-12,2025-05-09,253.0,211.5,2,66309,22103.0,True,Churned
INV003099,6,2024-03-09,2025-03-28,208.0,76.8,3,730569,121761.5,True,Churned
INV003100,8,2024-01-04,2025-02-22,211.0,59.285714285714285,4,546610,68326.25,True,Churned
INV003101,7,2024-02-13,2025-05-06,151.0,74.66666666666667,5,1479101,211300.14285714287,True,Churned
INV003102,10,2024-01-22,2025-04-06,188.0,48.888888888888886,4,1750018,175001.8,True,Churned
INV003103,5,2024-01-12,2025-01-11,226.0,91.25,3,23176,4635.2,True,Churned
INV003104,3,2024-10-07,2025-05-06,158.0,105.5,2,648363,216121.0,True,Churned
INV003105,12,2024-01-16,2025-03-15,140.0,38.54545454545455,5,491438,40953.166666666664,True,Churned
INV003106,1,2024-02-03,2024-02-03,,,0,247118,247118.0,False,New
INV003107,1,2025-02-21,2025-02-21,,,0,1086,1086.0,False,New
INV003108,4,2024-01-27,2025-04-28,371.0,152.33333333333334,2,413986,103496.5,True,Churned
INV003109,5,2024-02-18,2024-12-24,210.0,77.5,3,571876,114375.2,True,Churned
INV003110,8,2024-04-01,2025-04-01,158.0,52.142857142857146,4,1010412,126301.5,True,Churned
INV003111,10,2024-04-03,2025-04-30,117.0,43.55555555555556,5,1348632,134863.2,True,Churned
INV003112,7,2024-01-22,2025-04-24,173.0,76.33333333333333,4,502807,71829.57142857143,True,Churned
INV003113,11,2024-01-20,2025-05-24,97.0,49.0,6,859530,78139.09090909091,True,Churned
INV003114,1,2025-02-03,2025-02-03,,,0,316091,316091.0,False,New
INV003115,7,2024-05-01,2024-12-27,116.0,40.0,2,214459,30637.0,True,Churned
INV003116,6,2024-04-04,2024-11-28,79.0,47.6,3,842444,140407.33333333334,True,High Risk
INV003117,12,2024-02-10,2025-05-21,114.0,42.36363636363637,5,1313643,109470.25,True,Churned
INV003118,3,2024-11-03,2025-04-12,128.0,80.0,1,434610,144870.0,True,Churned
INV003119,8,2024-03-19,2025-05-10,125.0,59.57142857142857,4,1330714,166339.25,True,Churned
INV003120,7,2024-03-29,2025-04-03,116.0,61.666666666666664,4,1139092,162727.42857142858,True,Churned
INV003121,12,2024-05-14,2025-05-14,102.0,33.18181818181818,4,1228093,102341.08333333333,True,Churned
INV003122,2,2024-08-26,2024-12-02,98.0,98.0,1,210488,105244.0,True,Churned
INV003123,9,2024-01-20,2025-05-01,130.0,58.375,5,1223696,135966.22222222222,True,Churned
INV003124,12,2024-03-06,2025-05-09,112.0,39.0,6,2063719,171976.58333333334,True,Churned
INV003125,7,2024-01-24,2025-03-09,140.0,68.33333333333333,4,672316,96045.14285714286,True,Churned
INV003126,1,2024-02-18,2024-02-18,,,0,160523,160523.0,False,New
INV003127,4,2024-02-13,2025-05-10,365.0,150.66666666666666,2,563480,140870.0,True,Churned
INV003128,7,2024-03-14,2025-03-17,141.0,61.333333333333336,4,885378,126482.57142857143,True,Churned
INV003129,6,2024-02-15,2025-02-21,139.0,74.4,3,1105729,184288.16666666666,True,Churned
INV003130,7,2024-06-08,2025-04-12,133.0,51.333333333333336,3,648630,92661.42857142857,True,Churned
INV003131,2,2024-06-16,2024-08-09,54.0,54.0,1,204149,102074.5,True,At Risk
INV003132,5,2024-02-06,2025-05-27,290.0,119.0,3,585449,117089.8,True,Churned
INV003133,3,2024-01-08,2024-08-24,135.0,114.5,2,631177,210392.33333333334,True,Churned
INV003134,12,2024-02-08,2025-05-16,172.0,42.09090909090909,4,1079199,89933.25,True,Churned
INV003135,1,2024-03-17,2024-03-17,,,0,311283,311283.0,False,New
INV003136,4,2024-01-08,2025-03-31,331.0,149.33333333333334,2,336392,84098.0,True,Churned
INV003137,2,2024-09-02,2025-04-22,232.0,232.0,1,25884,12942.0,True,Churned
INV003138,2,2024-11-06,2024-12-17,41.0,41.0,1,531917,265958.5,True,At Risk
INV003139,12,2024-03-21,2025-02-15,125.0,30.09090909090909,3,1303353,108612.75,True,Churned
INV003140,12,2024-03-11,2025-04-14,106.0,36.27272727272727,4,785605,65467.083333333336,True,Churned
INV003141,11,2024-02-13,2025-03-24,91.0,40.5,5,991161,90105.54545454546,True,Churned
INV003142,3,2024-01-28,2024-10-05,234.0,125.5,1,56725,18908.333333333332,True,Churned
INV003143,4,2024-01-06,2025-01-23,191.0,127.66666666666667,3,841214,210303.5,True,Churned
INV003144,11,2024-01-11,2025-05-20,147.0,49.5,4,1020806,92800.54545454546,True,Churned
INV003145,3,2024-12-23,2025-05-09,105.0,68.5,1,458906,152968.66666666666,True,Churned
INV003146,12,2024-01-13,2025-05-22,172.0,45.0,5,1081761,90146.75,True,Churned
INV003147,5,2024-02-27,2025-04-11,138.0,102.25,3,290895,58179.0,True,Churned
INV003148,1,2025-02-27,2025-02-27,,,0,441228,441228.0,False,New
INV003149,2,2024-11-19,2025-02-04,77.0,77.0,1,10151,5075.5,True,High Risk
INV003150,8,2024-01-29,2025-05-29,176.0,69.42857142857143,6,936606,117075.75,True,Churned
INV003151,9,2024-04-11,2025-05-21,134.0,50.625,3,454712,50523.555555555555,True,Churned
INV003152,1,2024-11-03,2024-11-03,,,0,6347,6347.0,False,New
INV003153,9,2024-01-22,2025-01-13,156.0,44.625,2,630949,70105.44444444444,True,Churned
INV003154,4,2024-02-16,2025-02-12,147.0,120.66666666666667,3,693198,173299.5,True,Churned
INV003155,2,2024-03-02,2024-05-25,84.0,84.0,1,417208,208604.0,True,High Risk
INV003156,1,2024-08-19,2024-08-19,,,0,5644,5644.0,False,New
INV003157,4,2024-03-23,2025-01-27,188.0,103.33333333333333,3,524797,131199.25,True,Churned
INV003158,10,2024-01-13,2025-04-16,138.0,51.0,4,583192,58319.2,True,Churned
INV003159,6,2024-02-23,2024-12-31,169.0,62.4,3,757978,126329.66666666667,True,Churned
INV003160,9,2024-01-12,2025-05-19,224.0,61.625,4,1237277,137475.22222222222,True,Churned
INV003161,10,2024-01-08,2025-04-01,118.0,49.888888888888886,5,1306447,130644.7,True,Churned
INV003162,4,2024-02-20,2024-08-12,104.0,58.0,2,614278,153569.5,True,Churned
INV003163,3,2024-01-31,2025-02-18,338.0,192.0,2,123505,41168.333333333336,True,Churned
INV003164,4,2024-05-01,2025-05-20,255.0,128.0,3,52460,13115.0,True,Churned
INV003165,7,2024-01-29,2025-05-20,243.0,79.5,4,500700,71528.57142857143,True,Churned
INV003166,6,2024-01-15,2025-04-02,196.0,88.6,4,454721,75786.83333333333,True,Churned
INV003167,6,2024-01-11,2024-12-10,160.0,66.8,3,224990,37498.333333333336,True,Churned
INV003168,9,2024-01-11,2025-05-22,131.0,62.125,5,336440,37382.22222222222,True,Churned
INV003169,9,2024-01-21,2025-03-25,178.0,53.625,3,1197535,133059.44444444444,True,Churned
INV003170,1,2025-01-15,2025-01-15,,,0,58028,58028.0,False,New
INV003171,8,2024-01-05,2025-04-16,149.0,66.71428571428571,4,1478098,184762.25,True,Churned
INV003172,1,2024-08-12,2024-08-12,,,0,551,551.0,False,New
INV003173,11,2024-01-26,2025-05-04,109.0,46.4,4,1213959,110359.90909090909,True,Churned
INV003174,8,2024-03-13,2025-02-27,174.0,50.142857142857146,4,1328105,166013.125,True,Churned
INV003175,2,2024-10-14,2024-11-08,25.0,25.0,0,583491,291745.5,False,Active
INV003176,6,2024-01-30,2025-02-25,153.0,78.4,4,289890,48315.0,True,Churned
INV003177,2,2024-09-12,2025-05-30,260.0,260.0,1,44496,22248.0,True,Churned
INV003178,9,2024-01-03,2024-11-26,79.0,41.0,4,576669,64074.333333333336,True,High Risk
INV003179,11,2024-01-25,2025-04-19,151.0,45.0,6,368693,33517.545454545456,True,Churned
INV003180,1,2025-03-15,2025-03-15,,,0,10765,10765.0,False,New
INV003181,5,2024-01-11,2025-04-07,177.0,113.0,4,648904,129780.8,True,Churned
INV003182,3,2024-03-23,2025-01-19,202.0,151.0,2,62872,20957.333333333332,True,Churned
INV003183,3,2024-04-19,2024-12-24,132.0,124.5,2,94654,31551.333333333332,True,Churned
INV003184,6,2024-02-17,2025-05-30,206.0,93.6,4,523034,87172.33333333333,True,Churned
INV003185,8,2024-03-13,2025-04-15,109.0,56.857142857142854,4,727845,90980.625,True,Churned
INV003186,1,2024-08-23,2024-08-23,,,0,16176,16176.0,False,New
INV003187,9,2024-02-01,2025-05-12,244.0,58.25,3,51008,5667.555555555556,True,Churned
INV003188,8,2024-02-23,2025-05-15,216.0,63.857142857142854,4,1421309,177663.625,True,Churned
INV003189,12,2024-01-14,2025-04-18,99.0,41.81818181818182,6,722132,60177.666666666664,True,Churned
INV003190,6,2024-02-05,2025-02-25,218.0,77.2,3,404988,67498.0,True,Churned
INV003191,12,2024-01-04,2025-04-17,82.0,42.63636363636363,6,1015766,84647.16666666667,True,High Risk
INV003192,12,2024-03-25,2025-05-09,141.0,37.27272727272727,4,1595941,132995.08333333334,True,Churned
INV003193,11,2024-01-05,2025-05-02,206.0,48.3,4,1681104,152827.63636363635,True,Churned
INV003194,6,2024-03-23,2025-04-25,157.0,79.6,4,112230,18705.0,True,Churned
INV003195,2,2024-01-31,2024-04-08,68.0,68.0,1,3345,1672.5,True,High Risk
INV003196,8,2024-01-04,2025-04-30,204.0,68.85714285714286,4,206512,25814.0,True,Churned
INV003197,4,2024-07-02,2025-05-24,285.0,108.66666666666667,1,75585,18896.25,True,Churned
INV003198,5,2024-01-05,2025-05-13,287.0,123.5,3,306168,61233.6,True,Churned
INV003199,2,2024-08-07,2025-05-30,296.0,296.0,1,162809,81404.5,True,Churned
INV003200,9,2024-01-18,2025-05-22,148.0,61.25,5,742116,82457.33333333333,True,Churned
INV003201,8,2024-02-13,2025-04-25,97.0,62.42857142857143,6,781106,97638.25,True,Churned
INV003202,7,2024-04-08,2025-04-12,139.0,61.5,3,349643,49949.0,True,Churned
INV003203,9,2024-02-25,2025-04-29,197.0,53.625,6,839753,93305.88888888889,True,Churned
INV003204,3,2024-02-20,2024-04-15,41.0,27.5,1,329065,109688.33333333333,True,At Risk
INV003205,12,2024-02-22,2025-04-22,111.0,38.63636363636363,4,1727669,143972.41666666666,True,Churned
INV003206,8,2024-02-04,2025-05-17,234.0,66.85714285714286,4,820902,102612.75,True,Churned
INV003207,3,2024-02-25,2024-07-10,113.0,68.0,1,7397,2465.6666666666665,True,Churned
INV003208,6,2024-01-02,2025-05-01,285.0,97.0,2,431032,71838.66666666667,True,Churned
INV003209,8,2024-02-24,2025-03-20,120.0,55.714285714285715,3,678291,84786.375,True,Churned
INV003210,8,2024-01-12,2025-01-07,112.0,51.57142857142857,4,849305,106163.125,True,Churned
INV003211,11,2024-01-05,2025-04-08,95.0,45.9,5,1245706,113246.0,True,Churned
INV003212,7,2024-01-22,2025-01-25,172.0,61.5,3,732737,104676.71428571429,True,Churned
INV003213,5,2024-03-18,2025-02-24,298.0,85.75,1,420262,84052.4,True,Churned
INV003214,9,2024-02-24,2025-03-04,170.0,46.75,4,1168716,129857.33333333333,True,Churned
INV003215,11,2024-01-19,2025-04-14,86.0,45.1,5,1102242,100203.81818181818,True,High Risk
INV003216,5,2024-01-05,2025-04-02,224.0,113.25,3,900316,180063.2,True,Churned
INV003217,2,2024-07-03,2024-10-02,91.0,91.0,1,189348,94674.0,True,Churned
INV003218,7,2024-01-11,2025-03-08,199.0,70.33333333333333,4,584036,83433.71428571429,True,Churned
INV003219,11,2024-01-15,2024-12-09,70.0,32.9,3,1210375,110034.09090909091,True,High Risk
INV003220,10,2024-01-29,2025-01-09,103.0,38.44444444444444,4,1791045,179104.5,True,Churned
INV003221,12,2024-01-17,2025-01-18,88.0,33.36363636363637,5,1825785,152148.75,True,High Risk
INV003222,10,2024-01-12,2025-05-15,111.0,54.333333333333336,5,474431,47443.1,True,Churned
INV003223,9,2024-01-25,2025-05-13,228.0,59.25,3,522417,58046.333333333336,True,Churned
INV003224,7,2024-01-22,2024-11-24,152.0,51.166666666666664,2,1074066,153438.0,True,Churned
INV003225,9,2024-01-02,2025-04-18,127.0,59.0,7,775278,86142.0,True,Churned
INV003226,7,2024-04-29,2025-05-13,209.0,63.166666666666664,3,776045,110863.57142857143,True,Churned
INV003227,9,2024-01-17,2025-05-25,233.0,61.75,4,829863,92207.0,True,Churned
INV003228,9,2024-02-02,2025-03-29,239.0,52.625,3,620166,68907.33333333333,True,Churned
INV003229,3,2024-01-11,2025-02-21,346.0,203.5,2,266378,88792.66666666667,True,Churned
INV003230,12,2024-02-19,2025-05-05,206.0,40.09090909090909,3,774809,64567.416666666664,True,Churned
INV003231,10,2024-01-17,2025-05-29,222.0,55.333333333333336,3,1101024,110102.4,True,Churned
INV003232,11,2024-01-02,2025-02-23,107.0,41.8,3,1626190,147835.45454545456,True,Churned
INV003233,3,2024-03-21,2024-09-06,142.0,84.5,1,406111,135370.33333333334,True,Churned
INV003234,9,2024-01-19,2025-05-16,123.0,60.375,5,927734,103081.55555555556,True,Churned
INV003235,8,2024-01-26,2025-05-02,187.0,66.0,4,1021594,127699.25,True,Churned
INV003236,11,2024-01-18,2025-05-15,103.0,48.3,4,671107,61009.72727272727,True,Churned
INV003237,6,2024-04-17,2025-04-03,195.0,70.2,3,654245,109040.83333333333,True,Churned
INV003238,10,2024-02-08,2025-05-15,138.0,51.333333333333336,5,2018415,201841.5,True,Churned
INV003239,5,2024-03-07,2025-04-01,261.0,97.5,2,52452,10490.4,True,Churned
INV003240,6,2024-01-04,2025-02-14,258.0,81.4,3,383396,63899.333333333336,True,Churned
INV003241,2,2024-05-14,2024-06-06,23.0,23.0,0,2928,1464.0,False,Active
INV003242,11,2024-01-25,2025-05-06,158.0,46.7,5,718952,65359.27272727273,True,Churned
INV003243,6,2024-05-31,2025-03-10,141.0,56.6,2,162655,27109.166666666668,True,Churned
INV003244,6,2024-03-24,2025-02-10,96.0,64.6,4,64718,10786.333333333334,True,Churned
INV003245,4,2024-03-13,2025-02-26,140.0,116.66666666666667,3,38585,9646.25,True,Churned
INV003246,3,2024-07-05,2025-01-26,120.0,102.5,2,236247,78749.0,True,Churned
INV003247,11,2024-03-30,2025-05-27,143.0,42.3,5,1567144,142467.63636363635,True,Churned
INV003248,9,2024-01-29,2025-05-14,115.0,58.875,5,823799,91533.22222222222,True,Churned
INV003249,4,2024-01-29,2025-05-10,282.0,155.66666666666666,2,212744,53186.0,True,Churned
INV003250,11,2024-01-24,2025-05-17,198.0,47.9,3,1287698,117063.45454545454,True,Churned
INV003251,5,2024-01-05,2025-02-15,228.0,101.75,4,792854,158570.8,True,Churned
INV003252,6,2024-05-05,2025-04-08,192.0,67.6,3,102990,17165.0,True,Churned
INV003253,6,2024-07-06,2025-05-02,112.0,60.0,3,172843,28807.166666666668,True,Churned
INV003254,6,2024-06-23,2024-12-25,56.0,37.0,2,172930,28821.666666666668,True,At Risk
INV003255,1,2024-04-02,2024-04-02,,,0,22613,22613.0,False,New
INV003256,10,2024-06-19,2025-05-27,65.0,38.0,6,1133401,113340.1,True,High Risk
INV003257,9,2024-06-28,2025-05-30,131.0,42.0,3,813780,90420.0,True,Churned
INV003258,12,2024-01-19,2025-05-30,129.0,45.18181818181818,6,1670319,139193.25,True,Churned
INV003259,2,2024-11-17,2025-05-02,166.0,166.0,1,10253,5126.5,True,Churned
INV003260,9,2024-02-15,2025-05-07,142.0,55.875,3,712327,79147.44444444444,True,Churned
INV003261,5,2024-02-17,2025-03-20,271.0,99.25,2,450793,90158.6,True,Churned
INV003262,9,2024-01-13,2025-03-14,150.0,53.25,5,920513,102279.22222222222,True,Churned
INV003263,7,2024-01-10,2025-05-11,222.0,81.16666666666667,2,215477,30782.428571428572,True,Churned
INV003264,8,2024-02-18,2025-03-26,182.0,57.42857142857143,3,452739,56592.375,True,Churned
INV003265,4,2024-07-24,2025-05-27,141.0,102.33333333333333,3,270969,67742.25,True,Churned
INV003266,1,2024-08-03,2024-08-03,,,0,217446,217446.0,False,New
INV003267,9,2024-01-10,2025-03-10,197.0,53.125,3,886940,98548.88888888889,True,Churned
INV003268,3,2024-02-21,2025-02-11,205.0,178.0,2,511091,170363.66666666666,True,Churned
INV003269,6,2024-08-09,2025-05-15,116.0,55.8,4,532609,88768.16666666667,True,Churned
INV003270,8,2024-04-19,2024-10-31,78.0,27.857142857142858,1,1012044,126505.5,True,High Risk
INV003271,10,2024-02-09,2025-02-10,91.0,40.77777777777778,6,1050994,105099.4,True,Churned
INV003272,4,2024-04-10,2025-02-10,121.0,102.0,3,309083,77270.75,True,Churned
INV003273,10,2024-03-17,2025-05-21,134.0,47.77777777777778,5,445066,44506.6,True,Churned
INV003274,1,2025-04-19,2025-04-19,,,0,4507,4507.0,False,New
INV003275,3,2024-03-12,2025-05-15,348.0,214.5,2,121708,40569.333333333336,True,Churned
INV003276,7,2024-05-28,2025-01-25,71.0,40.333333333333336,4,1422303,203186.14285714287,True,High Risk
INV003277,11,2024-03-02,2025-05-30,136.0,45.4,7,1143967,103997.0,True,Churned
INV003278,5,2024-05-21,2024-09-03,54.0,26.25,1,786235,157247.0,True,At Risk
INV003279,10,2024-01-07,2025-05-28,147.0,56.333333333333336,6,411020,41102.0,True,Churned
INV003280,5,2024-06-08,2025-01-27,113.0,58.25,3,204358,40871.6,True,Churned
INV003281,2,2024-05-26,2025-04-04,313.0,313.0,1,341202,170601.0,True,Churned
INV003282,5,2024-09-15,2025-05-16,175.0,60.75,2,542943,108588.6,True,Churned
INV003283,2,2024-02-27,2024-09-22,208.0,208.0,1,6261,3130.5,True,Churned
INV003284,2,2025-02-16,2025-05-23,96.0,96.0,1,430116,215058.0,True,Churned
INV003285,3,2024-02-15,2025-01-20,219.0,170.0,2,249504,83168.0,True,Churned
INV003286,2,2024-04-09,2025-01-07,273.0,273.0,1,303129,151564.5,True,Churned
INV003287,12,2024-02-19,2025-05-23,100.0,41.72727272727273,5,1622465,135205.41666666666,True,Churned
INV003288,12,2024-01-21,2025-05-25,114.0,44.54545454545455,5,3480685,290057.0833333333,True,Churned
INV003289,12,2024-02-15,2025-03-28,115.0,37.0,4,1338847,111570.58333333333,True,Churned
INV003290,1,2025-02-10,2025-02-10,,,0,54546,54546.0,False,New
INV003291,9,2024-01-19,2025-02-14,123.0,49.0,5,1079196,119910.66666666667,True,Churned
INV003292,3,2025-01-02,2025-02-20,38.0,24.5,1,148700,49566.666666666664,True,At Risk
INV003293,1,2025-02-09,2025-02-09,,,0,23595,23595.0,False,New
INV003294,8,2024-01-08,2025-01-20,188.0,54.0,2,1380395,172549.375,True,Churned
INV003295,8,2024-02-08,2025-03-30,183.0,59.42857142857143,4,860743,107592.875,True,Churned
INV003296,7,2024-08-09,2025-04-18,94.0,42.0,3,746901,106700.14285714286,True,Churned
INV003297,10,2024-04-10,2025-05-04,94.0,43.22222222222222,5,2006241,200624.1,True,Churned
INV003298,11,2024-02-21,2025-03-28,180.0,40.1,3,1943319,176665.36363636365,True,Churned
INV003299,2,2024-08-03,2024-11-24,113.0,113.0,1,340005,170002.5,True,Churned
INV003300,7,2024-04-25,2025-03-15,219.0,54.0,2,536223,76603.28571428571,True,Churned
INV003301,10,2024-01-25,2025-05-14,113.0,52.77777777777778,6,321913,32191.3,True,Churned
INV003302,5,2024-03-02,2024-11-22,144.0,66.25,3,144597,28919.4,True,Churned
INV003303,2,2024-02-08,2024-10-16,251.0,251.0,1,62571,31285.5,True,Churned
INV003304,12,2024-01-14,2025-02-15,106.0,36.18181818181818,4,593307,49442.25,True,Churned
INV003305,5,2024-09-06,2025-05-22,112.0,64.5,2,111947,22389.4,True,Churned
INV003306,9,2024-02-14,2025-05-30,285.0,58.875,2,1938996,215444.0,True,Churned
INV003307,2,2024-04-12,2025-02-26,320.0,320.0,1,1672,836.0,True,Churned
INV003308,11,2024-02-19,2025-05-18,110.0,45.4,5,423475,38497.72727272727,True,Churned
INV003309,4,2024-04-03,2025-03-04,176.0,111.66666666666667,3,20513,5128.25,True,Churned
INV003310,11,2024-02-26,2025-04-25,137.0,42.4,4,1297932,117993.81818181818,True,Churned
INV003311,12,2024-03-10,2025-05-24,149.0,40.0,3,598984,49915.333333333336,True,Churned
INV003312,3,2024-01-10,2025-05-06,479.0,241.0,1,259862,86620.66666666667,True,Churned
INV003313,6,2024-07-06,2025-05-09,177.0,61.4,2,530564,88427.33333333333,True,Churned
INV003314,9,2024-02-15,2025-05-01,183.0,55.125,4,841781,93531.22222222222,True,Churned
INV003315,6,2024-05-03,2025-05-25,253.0,77.4,3,636585,106097.5,True,Churned
INV003316,3,2024-02-26,2024-06-10,73.0,52.5,1,92917,30972.333333333332,True,High Risk
INV003317,12,2024-04-02,2025-05-17,79.0,37.27272727272727,5,1009717,84143.08333333333,True,High Risk
INV003318,1,2024-05-09,2024-05-09,,,0,1160,1160.0,False,New
INV003319,3,2024-01-07,2024-11-07,266.0,152.5,2,58272,19424.0,True,Churned
INV003320,12,2024-02-03,2025-02-17,192.0,34.54545454545455,3,1447303,120608.58333333333,True,Churned
INV003321,8,2024-01-10,2025-05-16,227.0,70.28571428571429,3,1072303,134037.875,True,Churned
INV003322,5,2024-01-07,2025-03-03,213.0,105.25,4,643404,128680.8,True,Churned
INV003323,1,2024-07-10,2024-07-10,,,0,423921,423921.0,False,New
INV003324,8,2024-01-30,2025-05-13,144.0,67.0,4,1622951,202868.875,True,Churned
INV003325,9,2024-01-07,2025-05-26,129.0,63.125,5,731588,81287.55555555556,True,Churned
INV003326,4,2024-01-03,2025-01-23,225.0,128.66666666666666,3,256848,64212.0,True,Churned
INV003327,2,2024-04-28,2025-04-14,351.0,351.0,1,618628,309314.0,True,Churned
INV003328,4,2024-01-10,2025-02-21,231.0,136.0,2,322687,80671.75,True,Churned
INV003329,11,2024-01-01,2025-05-20,181.0,50.5,5,934567,84960.63636363637,True,Churned
INV003330,3,2024-07-02,2025-02-16,204.0,114.5,1,176479,58826.333333333336,True,Churned
INV003331,6,2024-03-19,2025-04-04,117.0,76.2,4,886704,147784.0,True,Churned
INV003332,6,2024-03-22,2025-03-06,134.0,69.8,3,236287,39381.166666666664,True,Churned
INV003333,1,2024-12-27,2024-12-27,,,0,57698,57698.0,False,New
INV003334,3,2024-03-30,2024-06-22,58.0,42.0,1,333754,111251.33333333333,True,At Risk
INV003335,5,2024-03-16,2025-01-17,167.0,76.75,4,200715,40143.0,True,Churned
INV003336,8,2024-02-24,2025-05-03,109.0,62.0,5,412829,51603.625,True,Churned
INV003337,2,2024-08-28,2024-12-23,117.0,117.0,1,67969,33984.5,True,Churned
INV003338,12,2024-03-27,2025-03-17,135.0,32.27272727272727,4,1258898,104908.16666666667,True,Churned
INV003339,1,2024-05-26,2024-05-26,,,0,8210,8210.0,False,New
INV003340,11,2024-01-24,2025-05-30,113.0,49.2,5,1557418,141583.45454545456,True,Churned
INV003341,10,2024-01-07,2025-05-25,110.0,56.0,5,1162148,116214.8,True,Churned
INV003342,12,2024-01-04,2025-04-07,147.0,41.72727272727273,3,2014453,167871.08333333334,True,Churned
INV003343,11,2024-01-07,2025-04-26,110.0,47.5,5,1527885,138898.63636363635,True,Churned
INV003344,12,2024-02-10,2025-04-18,159.0,39.36363636363637,5,1639031,136585.91666666666,True,Churned
INV003345,7,2024-05-22,2025-04-28,121.0,56.833333333333336,3,458046,65435.142857142855,True,Churned
INV003346,7,2024-02-19,2025-03-14,128.0,64.83333333333333,3,757584,108226.28571428571,True,Churned
INV003347,6,2024-05-21,2025-03-15,134.0,59.6,4,341801,56966.833333333336,True,Churned
INV003348,2,2024-05-16,2025-04-04,323.0,323.0,1,96128,48064.0,True,Churned
INV003349,3,2024-04-18,2025-01-29,257.0,143.0,1,158096,52698.666666666664,True,Churned
INV003350,7,2024-02-14,2025-05-21,191.0,77.0,4,96401,13771.57142857143,True,Churned
INV003351,7,2024-07-15,2025-04-11,62.0,45.0,4,636915,90987.85714285714,True,High Risk
INV003352,10,2024-01-11,2025-05-14,279.0,54.333333333333336,5,489840,48984.0,True,Churned
INV003353,5,2024-04-08,2025-04-25,322.0,95.5,2,911412,182282.4,True,Churned
INV003354,12,2024-01-14,2025-04-24,162.0,42.36363636363637,4,1277113,106426.08333333333,True,Churned
INV003355,8,2024-02-18,2025-04-17,125.0,60.57142857142857,4,1102878,137859.75,True,Churned
INV003356,4,2024-05-12,2025-05-16,239.0,123.0,2,587127,146781.75,True,Churned
INV003357,8,2024-05-17,2025-03-25,77.0,44.57142857142857,5,252789,31598.625,True,High Risk
INV003358,2,2024-05-09,2024-07-31,83.0,83.0,1,77521,38760.5,True,High Risk
INV003359,7,2024-02-23,2024-11-27,170.0,46.333333333333336,2,916534,130933.42857142857,True,Churned
INV003360,12,2024-03-14,2025-05-04,109.0,37.81818181818182,5,795393,66282.75,True,Churned
INV003361,4,2024-01-27,2025-02-20,345.0,130.0,1,221065,55266.25,True,Churned
INV003362,4,2024-03-01,2025-02-20,230.0,118.66666666666667,2,348361,87090.25,True,Churned
INV003363,7,2024-02-20,2025-02-25,175.0,61.833333333333336,4,913810,130544.28571428571,True,Churned
INV003364,1,2025-01-16,2025-01-16,,,0,42018,42018.0,False,New
INV003365,3,2025-02-18,2025-05-01,64.0,36.0,1,730787,243595.66666666666,True,High Risk
INV003366,10,2024-01-14,2025-02-09,101.0,43.55555555555556,4,1198177,119817.7,True,Churned
INV003367,1,2024-09-16,2024-09-16,,,0,282663,282663.0,False,New
INV003368,1,2025-01-25,2025-01-25,,,0,1131,1131.0,False,New
INV003369,6,2024-02-13,2025-03-12,105.0,78.6,5,1358301,226383.5,True,Churned
INV003370,8,2024-03-13,2025-03-28,201.0,54.285714285714285,4,388278,48534.75,True,Churned
INV003371,4,2024-06-19,2025-05-11,168.0,108.66666666666667,3,993864,248466.0,True,Churned
INV003372,10,2024-03-04,2024-12-26,74.0,33.0,4,1094502,109450.2,True,High Risk
INV003373,12,2024-01-13,2025-05-27,106.0,45.45454545454545,6,1979792,164982.66666666666,True,Churned
INV003374,9,2024-02-10,2025-05-16,128.0,57.625,4,444792,49421.333333333336,True,Churned
INV003375,10,2024-01-28,2025-05-04,158.0,51.333333333333336,4,597592,59759.2,True,Churned
INV003376,11,2024-02-01,2025-05-24,173.0,47.8,5,1606102,146009.27272727274,True,Churned
INV003377,7,2024-01-07,2025-03-11,155.0,71.5,4,913312,130473.14285714286,True,Churned
INV003378,2,2025-02-07,2025-02-24,17.0,17.0,0,432065,216032.5,False,Active
INV003379,12,2024-01-03,2025-03-29,134.0,41.0,4,1682465,140205.41666666666,True,Churned
INV003380,11,2024-03-02,2025-05-03,83.0,42.7,5,1164855,105895.90909090909,True,High Risk
INV003381,12,2024-03-18,2025-05-07,136.0,37.72727272727273,5,2064765,172063.75,True,Churned
INV003382,11,2024-02-06,2025-03-02,158.0,39.0,4,1854213,168564.81818181818,True,Churned
INV003383,4,2024-01-02,2025-03-02,269.0,141.66666666666666,2,264037,66009.25,True,Churned
INV003384,2,2024-06-28,2024-10-01,95.0,95.0,1,569828,284914.0,True,Churned
INV003385,4,2024-01-10,2025-02-13,288.0,133.33333333333334,3,605605,151401.25,True,Churned
INV003386,2,2024-01-12,2024-01-25,13.0,13.0,0,292052,146026.0,False,Active
INV003387,9,2024-04-05,2025-05-27,147.0,52.125,4,1631208,181245.33333333334,True,Churned
INV003388,12,2024-02-06,2025-04-11,103.0,39.09090909090909,5,1072196,89349.66666666667,True,Churned
INV003389,8,2024-03-01,2025-03-20,106.0,54.857142857142854,3,1787703,223462.875,True,Churned
INV003390,3,2024-05-02,2025-05-19,286.0,191.0,2,334515,111505.0,True,Churned
INV003391,10,2024-04-01,2025-03-16,104.0,38.77777777777778,3,1596211,159621.1,True,Churned
INV003392,4,2024-06-04,2025-03-05,148.0,91.33333333333333,2,560151,140037.75,True,Churned
INV003393,10,2024-03-02,2025-05-22,91.0,49.55555555555556,6,704047,70404.7,True,Churned
INV003394,6,2024-01-04,2025-02-28,186.0,84.2,4,1047628,174604.66666666666,True,Churned
INV003395,10,2024-02-29,2025-04-07,113.0,44.77777777777778,5,1102153,110215.3,True,Churned
INV003396,7,2024-01-21,2025-05-29,267.0,82.33333333333333,3,813782,116254.57142857143,True,Churned
INV003397,4,2024-01-28,2025-01-28,159.0,122.0,3,385229,96307.25,True,Churned
INV003398,12,2024-01-08,2025-03-21,84.0,39.81818181818182,6,1156071,96339.25,True,High Risk
INV003399,7,2024-01-14,2025-04-25,261.0,77.83333333333333,2,1038730,148390.0,True,Churned
INV003400,5,2024-06-18,2024-10-01,44.0,26.25,1,263857,52771.4,True,At Risk
INV003401,9,2024-07-03,2025-05-26,145.0,40.875,3,615919,68435.44444444444,True,Churned
INV003402,6,2024-02-04,2025-05-22,303.0,94.6,3,590068,98344.66666666667,True,Churned
INV003403,8,2024-01-11,2025-03-19,129.0,61.857142857142854,3,521091,65136.375,True,Churned
INV003404,12,2024-03-01,2025-05-23,112.0,40.72727272727273,5,844511,70375.91666666667,True,Churned
INV003405,10,2024-03-24,2025-04-15,186.0,43.0,2,882362,88236.2,True,Churned
INV003406,12,2024-02-02,2025-03-21,147.0,37.54545454545455,4,758314,63192.833333333336,True,Churned
INV003407,10,2024-02-02,2025-05-21,146.0,52.666666666666664,4,843097,84309.7,True,Churned
INV003408,9,2024-01-23,2025-02-19,143.0,49.125,3,1509084,167676.0,True,Churned
INV003409,10,2024-01-04,2024-12-08,77.0,37.666666666666664,4,1151620,115162.0,True,High Risk
INV003410,8,2024-01-04,2025-03-30,215.0,64.42857142857143,3,700434,87554.25,True,Churned
INV003411,12,2024-01-07,2025-05-16,166.0,45.0,5,1454081,121173.41666666667,True,Churned
INV003412,9,2024-09-06,2025-04-23,94.0,28.625,3,1570534,174503.77777777778,True,Churned
INV003413,1,2025-03-29,2025-03-29,,,0,23522,23522.0,False,New
INV003414,4,2024-01-04,2025-03-21,260.0,147.33333333333334,3,499486,124871.5,True,Churned
INV003415,7,2024-01-20,2024-12-09,174.0,54.0,3,397483,56783.28571428572,True,Churned
INV003416,3,2024-04-30,2024-10-26,161.0,89.5,1,130126,43375.333333333336,True,Churned
INV003417,2,2024-03-05,2024-04-09,35.0,35.0,0,5860,2930.0,False,Active
INV003418,4,2024-04-23,2025-02-27,239.0,103.33333333333333,2,398668,99667.0,True,Churned
INV003419,12,2024-05-22,2025-04-20,65.0,30.272727272727273,3,1854352,154529.33333333334,True,High Risk
INV003420,7,2024-01-01,2025-02-04,186.0,66.66666666666667,3,322268,46038.28571428572,True,Churned
INV003421,6,2024-01-18,2025-03-11,284.0,83.6,3,1018748,169791.33333333334,True,Churned
INV003422,8,2024-01-07,2025-05-29,151.0,72.57142857142857,4,199867,24983.375,True,Churned
INV003423,6,2024-01-11,2025-03-05,140.0,83.8,5,284289,47381.5,True,Churned
INV003424,12,2024-02-16,2025-04-30,124.0,39.90909090909091,4,1520209,126684.08333333333,True,Churned
INV003425,4,2024-03-06,2024-12-21,137.0,96.66666666666667,3,71002,17750.5,True,Churned
INV003426,7,2024-02-12,2024-09-23,86.0,37.333333333333336,3,663203,94743.28571428571,True,High Risk
INV003427,9,2024-01-05,2025-04-01,266.0,56.5,3,741216,82357.33333333333,True,Churned
INV003428,9,2024-01-23,2025-03-29,98.0,53.875,5,942027,104669.66666666667,True,Churned
INV003429,9,2024-04-13,2025-05-27,125.0,51.125,4,860608,95623.11111111111,True,Churned
INV003430,7,2024-05-27,2025-05-29,104.0,61.166666666666664,5,349730,49961.42857142857,True,Churned
INV003431,8,2024-07-01,2025-04-27,81.0,42.857142857142854,5,578714,72339.25,True,High Risk
INV003432,8,2024-02-16,2025-02-18,97.0,52.57142857142857,5,400000,50000.0,True,Churned
INV003433,3,2024-07-09,2024-10-14,76.0,48.5,1,409387,136462.33333333334,True,High Risk
INV003434,1,2024-03-25,2024-03-25,,,0,490,490.0,False,New
INV003435,10,2024-01-23,2025-05-01,140.0,51.55555555555556,5,381342,38134.2,True,Churned
INV003436,10,2024-01-01,2025-02-20,108.0,46.22222222222222,5,905870,90587.0,True,Churned
INV003437,11,2024-02-03,2025-05-07,177.0,45.9,5,1431479,130134.45454545454,True,Churned
INV003438,9,2024-02-12,2025-04-29,157.0,55.25,4,1214724,134969.33333333334,True,Churned
INV003439,4,2024-01-20,2024-06-22,111.0,51.333333333333336,1,295739,73934.75,True,Churned
INV003440,1,2024-10-14,2024-10-14,,,0,1860,1860.0,False,New
INV003441,4,2024-03-18,2025-03-11,194.0,119.33333333333333,2,352796,88199.0,True,Churned
INV003442,2,2024-10-31,2025-02-04,96.0,96.0,1,9062,4531.0,True,Churned
INV003443,5,2024-08-31,2025-05-18,185.0,65.0,2,205620,41124.0,True,Churned
INV003444,5,2024-03-05,2025-03-06,347.0,91.5,1,282580,56516.0,True,Churned
INV003445,3,2024-03-20,2025-04-20,372.0,198.0,1,422900,140966.66666666666,True,Churned
INV003446,2,2024-10-01,2025-04-04,185.0,185.0,1,17137,8568.5,True,Churned
INV003447,1,2024-07-06,2024-07-06,,,0,8756,8756.0,False,New
INV003448,12,2024-02-04,2025-04-26,99.0,40.63636363636363,7,1187731,98977.58333333333,True,Churned
INV003449,8,2024-02-06,2025-02-03,143.0,51.857142857142854,5,1449922,181240.25,True,Churned
INV003450,12,2024-02-29,2025-05-03,158.0,39.0,3,666982,55581.833333333336,True,Churned
INV003451,5,2024-02-27,2025-05-01,256.0,107.25,3,62732,12546.4,True,Churned
INV003452,6,2024-09-14,2025-01-20,47.0,25.6,2,159053,26508.833333333332,True,At Risk
INV003453,4,2024-06-02,2025-04-08,142.0,103.33333333333333,3,573502,143375.5,True,Churned
INV003454,5,2024-01-12,2024-12-20,227.0,85.75,2,682174,136434.8,True,Churned
INV003455,11,2024-02-03,2024-12-16,67.0,31.7,4,997397,90672.45454545454,True,High Risk
INV003456,2,2024-07-08,2025-01-08,184.0,184.0,1,18801,9400.5,True,Churned
INV003457,9,2024-04-13,2025-04-11,114.0,45.375,4,680172,75574.66666666667,True,Churned
INV003458,10,2024-01-24,2025-05-26,127.0,54.22222222222222,4,611548,61154.8,True,Churned
INV003459,12,2024-02-06,2025-05-01,106.0,40.90909090909091,6,1406366,117197.16666666667,True,Churned
INV003460,8,2024-03-30,2025-04-01,95.0,52.42857142857143,5,889457,111182.125,True,Churned
INV003461,3,2024-12-07,2025-05-10,83.0,77.0,2,330748,110249.33333333333,True,High Risk
INV003462,8,2024-03-05,2025-05-12,119.0,61.857142857142854,6,1225548,153193.5,True,Churned
INV003463,6,2024-04-10,2025-05-17,125.0,80.4,4,414999,69166.5,True,Churned
INV003464,3,2024-02-10,2024-12-26,255.0,160.0,2,60020,20006.666666666668,True,Churned
INV003465,1,2025-04-13,2025-04-13,,,0,281266,281266.0,False,New
INV003466,1,2025-02-19,2025-02-19,,,0,480319,480319.0,False,New
INV003467,5,2024-03-02,2025-02-01,116.0,84.0,3,853464,170692.8,True,Churned
INV003468,3,2024-02-17,2025-05-30,269.0,234.0,2,21471,7157.0,True,Churned
INV003469,8,2024-03-16,2024-12-21,139.0,40.0,2,1338294,167286.75,True,Churned
INV003470,3,2024-05-18,2025-05-03,175.0,175.0,2,12971,4323.666666666667,True,Churned
INV003471,5,2024-07-28,2024-10-25,44.0,22.25,1,545753,109150.6,True,At Risk
INV003472,1,2025-05-06,2025-05-06,,,0,13816,13816.0,False,New
INV003473,7,2024-01-08,2025-05-01,188.0,79.83333333333333,4,397275,56753.57142857143,True,Churned
INV003474,1,2025-03-23,2025-03-23,,,0,2983,2983.0,False,New
INV003475,9,2024-01-14,2025-04-06,155.0,56.0,3,75542,8393.555555555555,True,Churned
INV003476,3,2024-02-15,2025-01-23,177.0,171.5,2,331968,110656.0,True,Churned
INV003477,7,2024-02-05,2025-03-28,134.0,69.5,4,1064130,152018.57142857142,True,Churned
INV003478,10,2024-01-27,2025-04-24,195.0,50.333333333333336,5,386790,38679.0,True,Churned
INV003479,11,2024-02-08,2025-05-13,164.0,46.0,5,586132,53284.72727272727,True,Churned
INV003480,12,2024-01-18,2025-03-05,111.0,37.45454545454545,5,1547288,128940.66666666667,True,Churned
INV003481,1,2024-04-10,2024-04-10,,,0,47070,47070.0,False,New
INV003482,1,2024-07-04,2024-07-04,,,0,903,903.0,False,New
INV003483,3,2024-05-13,2024-12-17,172.0,109.0,2,279091,93030.33333333333,True,Churned
INV003484,7,2024-02-10,2025-02-13,333.0,61.5,1,130493,18641.85714285714,True,Churned
INV003485,5,2024-01-10,2025-05-26,248.0,125.5,2,372386,74477.2,True,Churned
INV003486,1,2024-08-03,2024-08-03,,,0,86546,86546.0,False,New
INV003487,11,2024-02-29,2025-04-11,155.0,40.7,4,1571663,142878.45454545456,True,Churned
INV003488,3,2024-02-06,2025-05-15,325.0,232.0,2,217333,72444.33333333333,True,Churned
INV003489,1,2024-01-04,2024-01-04,,,0,11426,11426.0,False,New
INV003490,3,2024-08-24,2025-03-03,127.0,95.5,2,169916,56638.666666666664,True,Churned
INV003491,12,2024-02-12,2025-05-30,106.0,43.0,6,739529,61627.416666666664,True,Churned
INV003492,8,2024-01-11,2025-05-09,132.0,69.14285714285714,5,481549,60193.625,True,Churned
INV003493,3,2024-01-28,2025-03-01,291.0,199.0,2,421711,140570.33333333334,True,Churned
INV003494,9,2024-02-12,2025-01-22,100.0,43.125,4,1655743,183971.44444444444,True,Churned
INV003495,12,2024-02-03,2025-04-21,80.0,40.27272727272727,6,428104,35675.333333333336,True,High Risk
INV003496,10,2024-02-01,2025-04-22,112.0,49.55555555555556,6,1617916,161791.6,True,Churned
INV003497,1,2024-11-07,2024-11-07,,,0,152727,152727.0,False,New
INV003498,1,2025-02-18,2025-02-18,,,0,27642,27642.0,False,New
INV003499,3,2024-02-03,2024-11-15,186.0,143.0,2,209864,69954.66666666667,True,Churned
INV003500,5,2024-01-04,2025-04-18,364.0,117.5,3,538927,107785.4,True,Churned
INV003501,3,2024-05-30,2024-12-20,154.0,102.0,2,14321,4773.666666666667,True,Churned
INV003502,2,2024-04-09,2025-05-12,398.0,398.0,1,246437,123218.5,True,Churned
INV003503,8,2024-02-16,2025-05-29,142.0,66.85714285714286,5,1678826,209853.25,True,Churned
INV003504,1,2024-04-22,2024-04-22,,,0,5664,5664.0,False,New
INV003505,9,2024-01-02,2025-05-28,171.0,64.0,6,1668682,185409.11111111112,True,Churned
INV003506,10,2024-02-20,2025-05-25,103.0,51.111111111111114,4,485194,48519.4,True,Churned
INV003507,5,2024-04-06,2025-05-23,178.0,103.0,3,261878,52375.6,True,Churned
INV003508,1,2024-12-31,2024-12-31,,,0,1929,1929.0,False,New
INV003509,12,2024-01-20,2025-05-21,141.0,44.27272727272727,4,673641,56136.75,True,Churned
INV003510,3,2024-08-23,2025-01-08,78.0,69.0,2,22593,7531.0,True,High Risk
INV003511,12,2024-01-19,2025-05-23,128.0,44.54545454545455,4,1091721,90976.75,True,Churned
INV003512,3,2024-02-23,2025-04-27,315.0,214.5,2,570201,190067.0,True,Churned
INV003513,7,2024-01-31,2024-11-01,159.0,45.833333333333336,2,900311,128615.85714285714,True,Churned
INV003514,10,2024-02-08,2025-03-15,140.0,44.55555555555556,3,768537,76853.7,True,Churned
INV003515,5,2024-03-06,2024-06-12,41.0,24.5,2,114483,22896.6,True,At Risk
INV003516,3,2024-01-05,2025-04-08,324.0,229.5,2,373390,124463.33333333333,True,Churned
INV003517,4,2024-02-03,2024-09-17,126.0,75.66666666666667,3,859320,214830.0,True,Churned
INV003518,11,2024-04-22,2025-05-23,78.0,39.6,5,1376894,125172.18181818182,True,High Risk
INV003519,4,2024-09-29,2025-04-01,92.0,61.333333333333336,2,163239,40809.75,True,Churned
INV003520,4,2024-01-31,2025-03-11,270.0,135.0,3,31089,7772.25,True,Churned
INV003521,9,2024-02-03,2025-05-18,183.0,58.75,5,617144,68571.55555555556,True,Churned
INV003522,1,2024-05-18,2024-05-18,,,0,3041,3041.0,False,New
INV003523,2,2024-12-03,2025-02-07,66.0,66.0,1,3511,1755.5,True,High Risk
INV003524,12,2024-02-18,2025-05-23,150.0,41.81818181818182,4,2100998,175083.16666666666,True,Churned
INV003525,10,2024-03-12,2025-05-01,122.0,46.111111111111114,5,862327,86232.7,True,Churned
INV003526,11,2024-01-30,2025-04-15,146.0,44.1,5,960380,87307.27272727272,True,Churned
INV003527,6,2024-02-26,2025-04-08,245.0,81.4,3,531554,88592.33333333333,True,Churned
INV003528,11,2024-01-23,2025-05-06,107.0,46.9,5,661673,60152.09090909091,True,Churned
INV003529,5,2024-03-08,2024-06-14,36.0,24.5,1,169524,33904.8,True,At Risk
INV003530,7,2024-09-13,2025-05-26,92.0,42.5,4,131856,18836.571428571428,True,Churned
INV003531,12,2024-01-17,2025-03-01,146.0,37.18181818181818,4,1640073,136672.75,True,Churned
INV003532,7,2024-01-30,2025-05-15,150.0,78.5,4,300140,42877.142857142855,True,Churned
INV003533,11,2024-02-06,2025-03-12,129.0,40.0,4,1819135,165375.9090909091,True,Churned
INV003534,11,2024-03-30,2025-04-28,124.0,39.4,4,961572,87415.63636363637,True,Churned
INV003535,6,2024-03-10,2025-02-13,127.0,68.0,3,431629,71938.16666666667,True,Churned
INV003536,10,2024-01-08,2025-04-16,114.0,51.55555555555556,5,1898255,189825.5,True,Churned
INV003537,9,2024-01-11,2025-04-22,192.0,58.375,5,633094,70343.77777777778,True,Churned
INV003538,3,2024-10-27,2025-05-02,186.0,93.5,1,270185,90061.66666666667,True,Churned
INV003539,8,2024-01-11,2025-04-02,120.0,63.857142857142854,6,1623069,202883.625,True,Churned
INV003540,6,2024-03-17,2025-05-30,166.0,87.8,5,911550,151925.0,True,Churned
INV003541,8,2024-02-22,2025-03-24,175.0,56.57142857142857,2,1508006,188500.75,True,Churned
INV003542,3,2024-01-12,2025-05-29,322.0,251.5,2,586833,195611.0,True,Churned
INV003543,12,2024-02-14,2025-04-01,90.0,37.45454545454545,5,2135794,177982.83333333334,True,High Risk
INV003544,3,2024-01-09,2025-01-23,270.0,190.0,2,367936,122645.33333333333,True,Churned
INV003545,9,2024-01-27,2025-04-24,169.0,56.625,5,887166,98574.0,True,Churned
INV003546,8,2024-01-24,2025-03-11,126.0,58.857142857142854,5,886738,110842.25,True,Churned
INV003547,1,2024-03-01,2024-03-01,,,0,2221,2221.0,False,New
INV003548,3,2024-02-18,2024-05-03,41.0,37.5,1,12026,4008.6666666666665,True,At Risk
INV003549,4,2024-06-10,2025-04-01,158.0,98.33333333333333,2,340705,85176.25,True,Churned
INV003550,2,2024-01-31,2024-09-25,238.0,238.0,1,115997,57998.5,True,Churned
INV003551,1,2025-03-14,2025-03-14,,,0,435568,435568.0,False,New
INV003552,6,2024-01-17,2025-03-21,207.0,85.8,4,1017103,169517.16666666666,True,Churned
INV003553,12,2024-02-03,2025-04-24,100.0,40.54545454545455,6,2186024,182168.66666666666,True,Churned
INV003554,11,2024-02-26,2025-03-21,144.0,38.9,3,1994653,181332.0909090909,True,Churned
INV003555,5,2024-03-29,2025-01-29,155.0,76.5,4,533768,106753.6,True,Churned
INV003556,8,2024-04-19,2025-05-12,119.0,55.42857142857143,4,281832,35229.0,True,Churned
INV003557,9,2024-04-03,2025-03-03,156.0,41.75,2,1017671,113074.55555555556,True,Churned
INV003558,9,2024-03-10,2024-12-14,66.0,34.875,5,841156,93461.77777777778,True,High Risk
INV003559,10,2024-01-25,2025-04-04,118.0,48.333333333333336,5,131836,13183.6,True,Churned
INV003560,5,2024-04-07,2025-03-30,229.0,89.25,3,720894,144178.8,True,Churned
INV003561,10,2024-02-09,2025-05-19,118.0,51.666666666666664,5,2086494,208649.4,True,Churned
INV003562,9,2024-01-31,2025-05-28,139.0,60.375,5,889262,98806.88888888889,True,Churned
INV003563,10,2024-02-17,2025-05-06,153.0,49.333333333333336,3,1514943,151494.3,True,Churned
INV003564,11,2024-01-06,2025-05-17,128.0,49.7,6,812213,73837.54545454546,True,Churned
INV003565,8,2024-01-20,2025-04-03,144.0,62.714285714285715,6,958160,119770.0,True,Churned
INV003566,7,2024-02-19,2025-04-16,125.0,70.33333333333333,4,908313,129759.0,True,Churned
INV003567,8,2024-01-28,2025-05-02,177.0,65.71428571428571,3,935778,116972.25,True,Churned
INV003568,12,2024-02-12,2024-12-09,79.0,27.363636363636363,2,1588037,132336.41666666666,True,High Risk
INV003569,7,2024-03-17,2025-04-30,144.0,68.16666666666667,4,664301,94900.14285714286,True,Churned
INV003570,5,2024-03-25,2025-04-03,356.0,93.5,1,975725,195145.0,True,Churned
INV003571,6,2024-01-03,2025-05-15,219.0,99.6,4,867283,144547.16666666666,True,Churned
INV003572,6,2024-03-14,2025-05-22,222.0,86.8,3,551153,91858.83333333333,True,Churned
INV003573,8,2024-01-14,2024-12-20,135.0,48.714285714285715,4,1019088,127386.0,True,Churned
INV003574,6,2024-01-17,2025-05-21,141.0,98.0,4,1152917,192152.83333333334,True,Churned
INV003575,5,2024-02-04,2025-02-17,284.0,94.75,3,442391,88478.2,True,Churned
INV003576,2,2024-11-01,2025-01-10,70.0,70.0,1,2621,1310.5,True,High Risk
INV003577,5,2024-03-11,2025-02-11,213.0,84.25,2,58871,11774.2,True,Churned
INV003578,4,2024-06-02,2025-01-13,89.0,75.0,3,423344,105836.0,True,High Risk
INV003579,8,2024-01-04,2025-02-09,151.0,57.42857142857143,4,1205851,150731.375,True,Churned
INV003580,11,2024-02-09,2025-04-20,127.0,43.6,4,1092262,99296.54545454546,True,Churned
INV003581,12,2024-01-10,2025-05-28,145.0,45.81818181818182,6,711578,59298.166666666664,True,Churned
INV003582,12,2024-05-10,2025-04-20,84.0,31.363636363636363,4,1085746,90478.83333333333,True,High Risk
INV003583,5,2024-04-02,2025-05-25,144.0,104.5,4,40391,8078.2,True,Churned
INV003584,3,2024-06-18,2025-03-29,207.0,142.0,2,362516,120838.66666666667,True,Churned
INV003585,1,2024-05-03,2024-05-03,,,0,7817,7817.0,False,New
INV003586,12,2024-02-24,2025-05-05,81.0,39.63636363636363,6,1149668,95805.66666666667,True,High Risk
INV003587,8,2024-02-21,2025-03-28,180.0,57.285714285714285,4,853328,106666.0,True,Churned
INV003588,5,2024-02-04,2024-10-24,194.0,65.75,2,572819,114563.8,True,Churned
INV003589,5,2024-03-23,2025-05-28,307.0,107.75,2,494235,98847.0,True,Churned
INV003590,6,2024-05-03,2025-04-23,193.0,71.0,3,632826,105471.0,True,Churned
INV003591,5,2024-02-05,2025-04-27,206.0,111.75,4,945203,189040.6,True,Churned
INV003592,10,2024-02-04,2025-02-18,121.0,42.22222222222222,3,1362099,136209.9,True,Churned
INV003593,9,2024-02-12,2025-03-09,153.0,48.875,4,990436,110048.44444444444,True,Churned
INV003594,6,2024-03-23,2025-04-12,217.0,77.0,3,516325,86054.16666666667,True,Churned
INV003595,5,2024-05-08,2025-04-04,193.0,82.75,4,642449,128489.8,True,Churned
INV003596,2,2024-10-01,2025-03-16,166.0,166.0,1,471986,235993.0,True,Churned
INV003597,10,2024-02-23,2025-04-11,159.0,45.888888888888886,4,1644684,164468.4,True,Churned
INV003598,11,2024-01-15,2025-05-05,114.0,47.6,6,894928,81357.09090909091,True,Churned
INV003599,11,2024-01-24,2024-10-18,53.0,26.8,2,836086,76007.81818181818,True,At Risk
INV003600,7,2024-03-13,2025-05-12,124.0,70.83333333333333,3,228750,32678.571428571428,True,Churned
INV003601,10,2024-03-22,2025-05-15,118.0,46.55555555555556,4,463686,46368.6,True,Churned
INV003602,8,2024-01-11,2025-05-12,159.0,69.57142857142857,5,1212812,151601.5,True,Churned
INV003603,5,2024-02-26,2025-01-25,162.0,83.5,3,416256,83251.2,True,Churned
INV003604,9,2024-01-15,2025-04-10,188.0,56.375,4,392926,43658.444444444445,True,Churned
INV003605,5,2024-02-07,2025-05-07,218.0,113.75,3,547468,109493.6,True,Churned
INV003606,4,2024-05-16,2025-02-25,161.0,95.0,3,1545665,386416.25,True,Churned
INV003607,8,2024-05-15,2025-05-02,174.0,50.285714285714285,3,89165,11145.625,True,Churned
INV003608,7,2024-03-31,2025-01-20,134.0,49.166666666666664,3,595715,85102.14285714286,True,Churned
INV003609,7,2024-01-03,2025-03-29,226.0,75.16666666666667,3,888044,126863.42857142857,True,Churned
INV003610,3,2024-02-27,2024-06-15,76.0,54.5,1,270213,90071.0,True,High Risk
INV003611,11,2024-04-01,2025-05-19,113.0,41.3,4,921942,83812.90909090909,True,Churned
INV003612,6,2024-04-21,2024-12-06,116.0,45.8,2,793977,132329.5,True,Churned
INV003613,10,2024-01-28,2025-05-14,191.0,52.44444444444444,3,655019,65501.9,True,Churned
INV003614,9,2024-01-21,2025-05-21,102.0,60.75,6,1480765,164529.44444444444,True,Churned
INV003615,5,2024-05-13,2025-05-07,195.0,89.75,3,365049,73009.8,True,Churned
INV003616,7,2024-03-19,2025-04-29,99.0,67.66666666666667,5,564317,80616.71428571429,True,Churned
INV003617,5,2024-09-19,2025-04-14,68.0,51.75,3,30324,6064.8,True,High Risk
INV003618,3,2024-04-29,2024-10-12,124.0,83.0,2,450557,150185.66666666666,True,Churned
INV003619,9,2024-01-31,2025-05-28,113.0,60.375,5,1131359,125706.55555555556,True,Churned
INV003620,6,2024-01-14,2025-04-21,226.0,92.6,4,247252,41208.666666666664,True,Churned
INV003621,3,2024-02-09,2025-03-31,299.0,208.0,2,784186,261395.33333333334,True,Churned
INV003622,2,2024-03-25,2024-07-26,123.0,123.0,1,180360,90180.0,True,Churned
INV003623,1,2025-05-11,2025-05-11,,,0,26173,26173.0,False,New
INV003624,5,2024-04-13,2025-02-26,143.0,79.75,3,1359910,271982.0,True,Churned
INV003625,11,2024-05-19,2025-03-27,99.0,31.2,4,1387135,126103.18181818182,True,Churned
INV003626,11,2024-01-03,2025-03-27,167.0,44.9,5,1788429,162584.45454545456,True,Churned
INV003627,10,2024-05-25,2025-05-15,97.0,39.44444444444444,4,593349,59334.9,True,Churned
INV003628,2,2024-12-14,2025-01-26,43.0,43.0,1,4945,2472.5,True,At Risk
INV003629,1,2025-02-07,2025-02-07,,,0,4678,4678.0,False,New
INV003630,9,2024-04-14,2025-02-23,96.0,39.375,3,251572,27952.444444444445,True,Churned
INV003631,2,2024-11-03,2025-01-12,70.0,70.0,1,138170,69085.0,True,High Risk
INV003632,3,2024-01-19,2024-12-25,228.0,170.5,2,393066,131022.0,True,Churned
INV003633,10,2024-03-16,2025-04-24,93.0,44.888888888888886,6,1142895,114289.5,True,Churned
INV003634,10,2024-02-15,2025-03-29,155.0,45.333333333333336,3,1152042,115204.2,True,Churned
INV003635,10,2024-01-28,2025-03-27,95.0,47.111111111111114,5,111446,11144.6,True,Churned
INV003636,6,2024-01-06,2025-04-25,154.0,95.0,5,231079,38513.166666666664,True,Churned
INV003637,10,2024-02-19,2025-05-18,152.0,50.44444444444444,4,1821428,182142.8,True,Churned
INV003638,10,2024-04-09,2024-12-26,75.0,29.0,3,653004,65300.4,True,High Risk
INV003639,6,2024-05-26,2025-04-26,224.0,67.0,3,307986,51331.0,True,Churned
INV003640,5,2024-02-29,2024-09-01,167.0,46.25,1,891005,178201.0,True,Churned
INV003641,10,2024-01-05,2025-04-18,110.0,52.111111111111114,4,468048,46804.8,True,Churned
INV003642,10,2024-01-24,2024-12-09,217.0,35.55555555555556,1,754330,75433.0,True,Churned
INV003643,9,2024-03-07,2025-05-24,168.0,55.375,3,628793,69865.88888888889,True,Churned
INV003644,6,2024-01-28,2024-12-13,136.0,64.0,4,1001540,166923.33333333334,True,Churned
INV003645,10,2024-01-29,2025-05-19,171.0,52.888888888888886,4,1133982,113398.2,True,Churned
INV003646,2,2024-01-24,2025-02-07,380.0,380.0,1,473368,236684.0,True,Churned
INV003647,9,2024-03-12,2025-05-20,281.0,54.25,3,1904326,211591.77777777778,True,Churned
INV003648,6,2024-03-27,2025-02-14,147.0,64.8,2,931094,155182.33333333334,True,Churned
INV003649,11,2024-01-02,2025-05-20,93.0,50.4,7,1244453,113132.09090909091,True,Churned
INV003650,12,2024-02-24,2025-02-20,86.0,32.90909090909091,4,503063,41921.916666666664,True,High Risk
INV003651,7,2024-04-16,2025-02-14,102.0,50.666666666666664,4,1002093,143156.14285714287,True,Churned
INV003652,3,2024-01-13,2024-04-22,96.0,50.0,1,19539,6513.0,True,Churned
INV003653,5,2024-01-23,2025-01-13,159.0,89.0,3,763038,152607.6,True,Churned
INV003654,8,2024-05-29,2025-05-27,118.0,51.857142857142854,4,439589,54948.625,True,Churned
INV003655,12,2024-02-13,2025-05-06,159.0,40.72727272727273,4,852476,71039.66666666667,True,Churned
INV003656,7,2024-02-27,2025-03-13,129.0,63.333333333333336,3,1028617,146945.2857142857,True,Churned
INV003657,2,2024-07-17,2025-03-20,246.0,246.0,1,312083,156041.5,True,Churned
INV003658,10,2024-01-02,2025-05-11,121.0,55.0,4,225357,22535.7,True,Churned
INV003659,5,2024-02-28,2025-02-12,161.0,87.5,3,947646,189529.2,True,Churned
INV003660,10,2024-02-16,2025-03-17,127.0,43.888888888888886,4,960977,96097.7,True,Churned
INV003661,9,2024-04-12,2025-05-06,95.0,48.625,4,1192186,132465.11111111112,True,Churned
INV003662,5,2024-01-19,2025-03-16,199.0,105.5,3,1119923,223984.6,True,Churned
INV003663,7,2024-04-13,2025-05-06,123.0,64.66666666666667,5,2132763,304680.4285714286,True,Churned
INV003664,5,2024-01-01,2025-05-27,238.0,128.0,4,173041,34608.2,True,Churned
INV003665,4,2024-02-19,2025-04-11,280.0,139.0,2,30616,7654.0,True,Churned
INV003666,10,2024-01-27,2025-01-07,77.0,38.44444444444444,5,1245216,124521.6,True,High Risk
INV003667,1,2024-05-02,2024-05-02,,,0,14994,14994.0,False,New
INV003668,2,2024-09-20,2025-04-10,202.0,202.0,1,14924,7462.0,True,Churned
INV003669,10,2024-05-25,2025-04-11,98.0,35.666666666666664,3,843628,84362.8,True,Churned
INV003670,11,2024-01-01,2025-05-11,137.0,49.6,6,780146,70922.36363636363,True,Churned
INV003671,10,2024-01-30,2025-01-11,153.0,38.55555555555556,4,1995114,199511.4,True,Churned
INV003672,11,2024-02-24,2025-05-06,123.0,43.7,5,930419,84583.54545454546,True,Churned
INV003673,11,2024-01-16,2025-05-12,95.0,48.2,6,278223,25293.0,True,Churned
INV003674,9,2024-01-20,2025-01-02,83.0,43.5,5,1763937,195993.0,True,High Risk
INV003675,9,2024-01-16,2025-01-29,132.0,47.375,4,1397291,155254.55555555556,True,Churned
INV003676,3,2024-03-30,2024-08-21,100.0,72.0,2,9274,3091.3333333333335,True,Churned
INV003677,7,2024-03-19,2025-03-26,259.0,62.0,3,864795,123542.14285714286,True,Churned
INV003678,10,2024-04-13,2025-04-28,76.0,42.22222222222222,5,1010240,101024.0,True,High Risk
INV003679,1,2024-07-18,2024-07-18,,,0,205869,205869.0,False,New
INV003680,7,2024-03-26,2025-05-11,135.0,68.5,5,771997,110285.28571428571,True,Churned
INV003681,11,2024-03-10,2025-04-22,101.0,40.8,5,805058,73187.09090909091,True,Churned
INV003682,4,2024-03-12,2025-05-05,332.0,139.66666666666666,3,353201,88300.25,True,Churned
INV003683,8,2024-01-11,2025-04-17,162.0,66.0,4,348454,43556.75,True,Churned
INV003684,9,2024-01-25,2025-05-30,229.0,61.375,4,1184805,131645.0,True,Churned
INV003685,9,2024-04-19,2025-05-26,132.0,50.25,3,1225770,136196.66666666666,True,Churned
INV003686,12,2024-01-26,2025-05-23,130.0,43.90909090909091,6,983051,81920.91666666667,True,Churned
INV003687,3,2024-02-16,2024-12-01,202.0,144.5,2,580143,193381.0,True,Churned
INV003688,2,2024-01-15,2024-10-16,275.0,275.0,1,20627,10313.5,True,Churned
INV003689,5,2024-01-29,2025-04-29,253.0,114.0,3,1067758,213551.6,True,Churned
INV003690,2,2024-08-15,2025-02-24,193.0,193.0,1,30529,15264.5,True,Churned
INV003691,8,2024-01-06,2025-05-25,220.0,72.14285714285714,5,1808377,226047.125,True,Churned
INV003692,3,2024-03-30,2024-05-24,28.0,27.5,0,7154,2384.6666666666665,False,Active
INV003693,10,2024-01-17,2025-03-20,170.0,47.55555555555556,5,733472,73347.2,True,Churned
INV003694,5,2024-02-23,2025-01-07,162.0,79.75,3,272583,54516.6,True,Churned
INV003695,11,2024-03-25,2025-05-19,111.0,42.0,4,1575077,143188.81818181818,True,Churned
INV003696,8,2024-01-06,2025-04-28,190.0,68.28571428571429,3,775681,96960.125,True,Churned
INV003697,12,2024-01-31,2025-05-18,152.0,43.0,5,1129176,94098.0,True,Churned
INV003698,11,2024-01-13,2025-03-14,132.0,42.6,3,1699660,154514.54545454544,True,Churned
INV003699,4,2024-10-08,2025-03-22,70.0,55.0,3,383675,95918.75,True,High Risk
INV003700,5,2024-03-26,2025-01-30,128.0,77.5,3,377219,75443.8,True,Churned
INV003701,1,2024-09-14,2024-09-14,,,0,2851,2851.0,False,New
INV003702,7,2024-01-13,2025-03-24,118.0,72.66666666666667,4,99074,14153.42857142857,True,Churned
INV003703,5,2024-02-16,2025-05-20,148.0,114.75,4,282308,56461.6,True,Churned
INV003704,1,2025-01-28,2025-01-28,,,0,2788,2788.0,False,New
INV003705,11,2024-01-04,2025-05-23,92.0,50.5,6,1080393,98217.54545454546,True,Churned
INV003706,1,2025-01-08,2025-01-08,,,0,9617,9617.0,False,New
INV003707,8,2024-01-04,2025-04-23,152.0,67.85714285714286,5,906929,113366.125,True,Churned
INV003708,12,2024-04-27,2025-04-25,94.0,33.0,4,1560590,130049.16666666667,True,Churned
INV003709,8,2024-02-25,2025-05-28,181.0,65.42857142857143,5,384060,48007.5,True,Churned
INV003710,7,2024-01-31,2025-02-27,116.0,65.5,5,154052,22007.428571428572,True,Churned
INV003711,8,2024-01-28,2025-01-23,128.0,51.57142857142857,4,798384,99798.0,True,Churned
INV003712,11,2024-04-07,2025-05-22,160.0,41.0,3,1657251,150659.18181818182,True,Churned
INV003713,11,2024-01-08,2025-05-11,161.0,48.9,5,411811,37437.36363636364,True,Churned
INV003714,5,2024-02-08,2025-05-10,300.0,114.25,2,1028282,205656.4,True,Churned
INV003715,2,2024-04-09,2025-03-31,356.0,356.0,1,290537,145268.5,True,Churned
INV003716,6,2024-01-28,2025-01-11,190.0,69.8,3,459026,76504.33333333333,True,Churned
INV003717,10,2024-01-19,2025-04-30,138.0,51.888888888888886,4,1589116,158911.6,True,Churned
INV003718,8,2024-01-31,2025-05-22,161.0,68.14285714285714,5,424288,53036.0,True,Churned
INV003719,5,2024-05-30,2025-03-24,156.0,74.5,2,169109,33821.8,True,Churned
INV003720,11,2024-03-09,2025-05-08,116.0,42.5,6,1632951,148450.0909090909,True,Churned
INV003721,2,2024-02-21,2025-02-15,360.0,360.0,1,5075,2537.5,True,Churned
INV003722,11,2024-03-23,2025-05-29,135.0,43.2,5,1850371,168215.54545454544,True,Churned
INV003723,9,2024-02-16,2025-02-27,124.0,47.125,4,531706,59078.444444444445,True,Churned
INV003724,11,2024-01-30,2025-04-01,122.0,42.7,5,1140916,103719.63636363637,True,Churned
INV003725,4,2024-02-18,2025-04-29,339.0,145.33333333333334,2,337590,84397.5,True,Churned
INV003726,5,2024-04-08,2025-01-14,144.0,70.25,2,393716,78743.2,True,Churned
INV003727,3,2024-03-17,2025-04-07,202.0,193.0,2,158971,52990.333333333336,True,Churned
INV003728,5,2024-05-09,2025-03-31,155.0,81.5,3,741980,148396.0,True,Churned
INV003729,1,2025-03-24,2025-03-24,,,0,40906,40906.0,False,New
INV003730,3,2024-06-07,2025-01-16,140.0,111.5,2,592695,197565.0,True,Churned
INV003731,12,2024-02-11,2025-05-13,86.0,41.54545454545455,5,2277196,189766.33333333334,True,High Risk
INV003732,12,2024-01-15,2025-04-27,82.0,42.54545454545455,6,2556852,213071.0,True,High Risk
INV003733,10,2024-01-12,2025-03-31,110.0,49.333333333333336,4,1201810,120181.0,True,Churned
INV003734,10,2024-01-30,2025-04-07,290.0,48.111111111111114,2,550720,55072.0,True,Churned
INV003735,11,2024-01-29,2025-02-13,104.0,38.1,4,607402,55218.36363636364,True,Churned
INV003736,12,2024-01-11,2025-04-18,65.0,42.09090909090909,7,1581620,131801.66666666666,True,High Risk
INV003737,10,2024-01-03,2025-04-29,188.0,53.55555555555556,4,1394497,139449.7,True,Churned
INV003738,9,2024-06-08,2025-05-05,117.0,41.375,3,889513,98834.77777777778,True,Churned
INV003739,7,2024-01-15,2024-12-30,142.0,58.333333333333336,4,941571,134510.14285714287,True,Churned
INV003740,11,2024-04-05,2025-02-10,155.0,31.1,2,1236535,112412.27272727272,True,Churned
INV003741,9,2024-01-18,2025-02-27,137.0,50.75,5,563608,62623.11111111111,True,Churned
INV003742,5,2024-01-11,2025-02-26,257.0,103.0,2,808139,161627.8,True,Churned
INV003743,6,2024-04-07,2025-02-18,88.0,63.4,4,827366,137894.33333333334,True,High Risk
INV003744,12,2024-01-06,2025-05-21,98.0,45.54545454545455,5,1604217,133684.75,True,Churned
INV003745,12,2024-04-07,2025-05-01,71.0,35.36363636363637,7,1958360,163196.66666666666,True,High Risk
INV003746,1,2025-03-24,2025-03-24,,,0,356141,356141.0,False,New
INV003747,7,2024-05-07,2025-05-22,133.0,63.333333333333336,4,821969,117424.14285714286,True,Churned
INV003748,12,2024-02-05,2025-03-17,100.0,36.90909090909091,4,1212942,101078.5,True,Churned
INV003749,5,2024-01-21,2024-10-21,153.0,68.5,2,364046,72809.2,True,Churned
INV003750,6,2024-02-12,2025-05-11,337.0,90.8,2,251486,41914.333333333336,True,Churned
INV003751,6,2024-02-21,2025-03-28,232.0,80.2,2,321289,53548.166666666664,True,Churned
INV003752,3,2024-05-27,2024-11-09,145.0,83.0,1,477604,159201.33333333334,True,Churned
INV003753,2,2024-11-18,2025-04-01,134.0,134.0,1,17810,8905.0,True,Churned
INV003754,1,2024-01-27,2024-01-27,,,0,549608,549608.0,False,New
INV003755,5,2024-01-22,2024-11-05,114.0,72.0,3,605209,121041.8,True,Churned
INV003756,9,2024-02-13,2025-04-29,98.0,55.125,6,773167,85907.44444444444,True,Churned
INV003757,9,2024-01-17,2025-05-22,93.0,61.375,7,487952,54216.88888888889,True,Churned
INV003758,5,2024-02-04,2025-03-01,112.0,97.75,4,282540,56508.0,True,Churned
INV003759,5,2024-02-09,2025-04-11,281.0,106.75,4,919479,183895.8,True,Churned
INV003760,3,2024-09-25,2025-05-09,200.0,113.0,1,458495,152831.66666666666,True,Churned
INV003761,10,2024-04-02,2025-03-31,99.0,40.333333333333336,5,417186,41718.6,True,Churned
INV003762,8,2024-03-25,2025-03-22,191.0,51.714285714285715,4,996800,124600.0,True,Churned
INV003763,3,2024-03-06,2024-11-15,168.0,127.0,2,50583,16861.0,True,Churned
INV003764,2,2024-04-03,2024-08-24,143.0,143.0,1,166105,83052.5,True,Churned
INV003765,7,2024-02-05,2025-05-21,192.0,78.5,4,838965,119852.14285714286,True,Churned
INV003766,12,2024-01-14,2025-05-23,121.0,45.0,8,1032643,86053.58333333333,True,Churned
INV003767,12,2024-01-19,2025-03-27,125.0,39.36363636363637,5,769844,64153.666666666664,True,Churned
INV003768,2,2024-06-28,2025-05-17,323.0,323.0,1,11363,5681.5,True,Churned
INV003769,8,2024-01-28,2025-05-01,220.0,65.57142857142857,4,1329674,166209.25,True,Churned
INV003770,2,2025-04-13,2025-05-19,36.0,36.0,1,313359,156679.5,True,At Risk
INV003771,12,2024-01-12,2025-05-27,130.0,45.54545454545455,6,711262,59271.833333333336,True,Churned
INV003772,11,2024-02-20,2025-02-22,72.0,36.8,4,697876,63443.27272727273,True,High Risk
INV003773,6,2024-05-12,2025-05-26,167.0,75.8,3,1125157,187526.16666666666,True,Churned
INV003774,1,2024-06-13,2024-06-13,,,0,8153,8153.0,False,New
INV003775,9,2024-03-22,2025-05-03,151.0,50.875,5,517027,57447.444444444445,True,Churned
INV003776,2,2024-01-20,2024-12-26,341.0,341.0,1,361932,180966.0,True,Churned
INV003777,1,2024-05-29,2024-05-29,,,0,12031,12031.0,False,New
INV003778,10,2024-02-06,2025-05-10,148.0,51.0,4,1216994,121699.4,True,Churned
INV003779,8,2024-03-30,2025-04-16,149.0,54.57142857142857,3,647438,80929.75,True,Churned
INV003780,10,2024-02-01,2025-03-09,135.0,44.666666666666664,3,722906,72290.6,True,Churned
INV003781,11,2024-01-18,2025-03-02,199.0,40.9,3,1339079,121734.45454545454,True,Churned
INV003782,11,2024-01-24,2025-04-21,98.0,45.3,6,1445434,131403.0909090909,True,Churned
INV003783,11,2024-02-29,2025-05-25,111.0,45.1,5,1328296,120754.18181818182,True,Churned
INV003784,2,2024-02-23,2024-08-27,186.0,186.0,1,243086,121543.0,True,Churned
INV003785,7,2024-04-11,2025-04-17,160.0,61.833333333333336,4,386433,55204.71428571428,True,Churned
INV003786,3,2024-06-16,2025-05-23,295.0,170.5,2,195047,65015.666666666664,True,Churned
INV003787,12,2024-01-09,2025-05-29,154.0,46.0,5,660714,55059.5,True,Churned
INV003788,6,2024-02-17,2025-05-09,153.0,89.4,4,720969,120161.5,True,Churned
INV003789,7,2024-03-23,2025-05-19,235.0,70.33333333333333,3,1242976,177568.0,True,Churned
INV003790,1,2024-04-08,2024-04-08,,,0,459153,459153.0,False,New
INV003791,11,2024-01-22,2025-05-07,135.0,47.1,4,1196173,108743.0,True,Churned
INV003792,7,2024-06-25,2025-03-06,68.0,42.333333333333336,3,602168,86024.0,True,High Risk
INV003793,9,2024-02-03,2025-04-12,199.0,54.25,4,907332,100814.66666666667,True,Churned
INV003794,11,2024-01-31,2025-02-19,120.0,38.5,4,1872555,170232.27272727274,True,Churned
INV003795,12,2024-01-05,2025-02-14,91.0,36.90909090909091,5,1099859,91654.91666666667,True,Churned
INV003796,2,2024-10-29,2025-01-25,88.0,88.0,1,444876,222438.0,True,High Risk
INV003797,8,2024-01-11,2025-04-25,189.0,67.14285714285714,4,1771215,221401.875,True,Churned
INV003798,9,2024-01-18,2025-04-22,163.0,57.5,4,1054083,117120.33333333333,True,Churned
INV003799,8,2024-01-31,2025-04-17,125.0,63.142857142857146,4,416766,52095.75,True,Churned
INV003800,4,2024-04-26,2025-05-13,201.0,127.33333333333333,3,586331,146582.75,True,Churned
INV003801,6,2024-01-10,2025-01-02,208.0,71.6,4,360674,60112.333333333336,True,Churned
INV003802,1,2024-11-25,2024-11-25,,,0,13397,13397.0,False,New
INV003803,7,2024-01-10,2025-04-12,240.0,76.33333333333333,5,1337295,191042.14285714287,True,Churned
INV003804,4,2024-02-12,2025-03-05,188.0,129.0,3,774062,193515.5,True,Churned
INV003805,5,2024-06-28,2025-04-06,182.0,70.5,2,749216,149843.2,True,Churned
INV003806,7,2024-02-29,2025-04-19,209.0,69.16666666666667,4,787429,112489.85714285714,True,Churned
INV003807,2,2024-09-13,2025-02-26,166.0,166.0,1,149626,74813.0,True,Churned
INV003808,10,2024-03-11,2025-04-26,139.0,45.666666666666664,4,1718145,171814.5,True,Churned
INV003809,6,2024-03-29,2025-04-02,121.0,73.8,4,1239105,206517.5,True,Churned
INV003810,8,2024-01-14,2025-03-25,234.0,62.285714285714285,5,2350686,293835.75,True,Churned
INV003811,11,2024-01-14,2025-05-17,133.0,48.9,5,1643813,149437.54545454544,True,Churned
INV003812,11,2024-04-01,2025-05-03,132.0,39.7,4,1334596,121326.90909090909,True,Churned
INV003813,8,2024-01-30,2025-03-16,122.0,58.714285714285715,4,700454,87556.75,True,Churned
INV003814,3,2024-04-05,2024-09-16,156.0,82.0,1,471143,157047.66666666666,True,Churned
INV003815,12,2024-01-09,2025-04-17,217.0,42.18181818181818,4,1561443,130120.25,True,Churned
INV003816,4,2024-08-28,2025-05-26,134.0,90.33333333333333,2,937996,234499.0,True,Churned
INV003817,6,2024-01-31,2025-04-04,246.0,85.8,3,1218270,203045.0,True,Churned
INV003818,3,2024-09-15,2025-05-21,153.0,124.0,2,402107,134035.66666666666,True,Churned
INV003819,5,2024-02-11,2024-09-05,118.0,51.75,2,288285,57657.0,True,Churned
INV003820,5,2024-01-21,2025-03-18,247.0,105.5,4,483253,96650.6,True,Churned
INV003821,7,2024-01-02,2025-04-22,191.0,79.33333333333333,3,804198,114885.42857142857,True,Churned
INV003822,9,2024-05-07,2025-04-01,80.0,41.125,6,1612279,179142.11111111112,True,High Risk
INV003823,7,2024-01-29,2024-11-11,154.0,47.833333333333336,3,492715,70387.85714285714,True,Churned
INV003824,12,2024-03-14,2025-05-17,182.0,39.0,3,1841368,153447.33333333334,True,Churned
INV003825,8,2024-03-22,2025-05-02,99.0,58.0,4,530735,66341.875,True,Churned
INV003826,3,2024-05-01,2025-01-25,192.0,134.5,2,482358,160786.0,True,Churned
INV003827,1,2024-08-04,2024-08-04,,,0,10093,10093.0,False,New
INV003828,10,2024-02-25,2024-10-07,109.0,25.0,2,1006033,100603.3,True,Churned
INV003829,12,2024-02-12,2025-04-29,130.0,40.18181818181818,4,456361,38030.083333333336,True,Churned
INV003830,10,2024-01-24,2025-03-25,115.0,47.333333333333336,6,986735,98673.5,True,Churned
INV003831,1,2024-09-28,2024-09-28,,,0,3340,3340.0,False,New
INV003832,8,2024-03-06,2025-05-11,170.0,61.57142857142857,4,420804,52600.5,True,Churned
INV003833,6,2024-05-20,2024-12-03,113.0,39.4,2,456418,76069.66666666667,True,Churned
INV003834,6,2024-02-22,2025-01-28,97.0,68.2,4,244277,40712.833333333336,True,Churned
INV003835,7,2024-01-26,2025-01-28,147.0,61.333333333333336,3,511145,73020.71428571429,True,Churned
INV003836,7,2024-01-26,2025-03-21,123.0,70.0,4,636966,90995.14285714286,True,Churned
INV003837,2,2024-02-18,2024-12-01,287.0,287.0,1,334381,167190.5,True,Churned
INV003838,3,2024-01-19,2024-12-03,228.0,159.5,2,974791,324930.3333333333,True,Churned
INV003839,2,2024-08-13,2024-12-30,139.0,139.0,1,9224,4612.0,True,Churned
INV003840,3,2024-01-27,2024-06-04,66.0,64.5,2,60360,20120.0,True,High Risk
INV003841,2,2024-03-18,2024-04-22,35.0,35.0,0,503535,251767.5,False,Active
INV003842,3,2024-03-25,2025-02-01,225.0,156.5,2,720456,240152.0,True,Churned
INV003843,1,2024-09-20,2024-09-20,,,0,25121,25121.0,False,New
INV003844,11,2024-02-06,2025-04-21,123.0,44.0,4,1195166,108651.45454545454,True,Churned
INV003845,4,2024-04-28,2024-10-11,78.0,55.333333333333336,2,267787,66946.75,True,High Risk
INV003846,8,2024-01-05,2025-05-09,299.0,70.0,3,737601,92200.125,True,Churned
INV003847,12,2024-01-20,2025-05-16,132.0,43.81818181818182,4,728655,60721.25,True,Churned
INV003848,9,2024-02-21,2025-02-03,136.0,43.5,5,1278238,142026.44444444444,True,Churned
INV003849,8,2024-03-18,2025-04-08,108.0,55.142857142857146,5,857519,107189.875,True,Churned
INV003850,1,2025-05-30,2025-05-30,,,0,43811,43811.0,False,New
INV003851,11,2024-04-30,2025-05-15,92.0,38.0,3,1061210,96473.63636363637,True,Churned
INV003852,3,2024-07-30,2025-04-29,160.0,136.5,2,91972,30657.333333333332,True,Churned
INV003853,9,2024-02-12,2025-05-15,143.0,57.25,3,1125858,125095.33333333333,True,Churned
INV003854,5,2024-05-22,2025-02-03,100.0,64.25,3,187297,37459.4,True,Churned
INV003855,6,2024-04-24,2025-03-04,116.0,62.8,4,439652,73275.33333333333,True,Churned
INV003856,5,2024-05-23,2024-12-18,156.0,52.25,2,200046,40009.2,True,Churned
INV003857,7,2024-07-12,2025-05-10,142.0,50.333333333333336,3,2161038,308719.71428571426,True,Churned
INV003858,5,2024-06-20,2025-05-28,153.0,85.5,4,407811,81562.2,True,Churned
INV003859,5,2024-01-29,2024-10-16,100.0,65.25,4,526947,105389.4,True,Churned
INV003860,11,2024-01-12,2025-05-24,209.0,49.8,4,1430848,130077.09090909091,True,Churned
INV003861,1,2024-09-07,2024-09-07,,,0,128960,128960.0,False,New
INV003862,9,2024-02-25,2025-02-26,129.0,45.875,5,412044,45782.666666666664,True,Churned
INV003863,2,2024-01-10,2025-04-25,471.0,471.0,1,6928,3464.0,True,Churned
INV003864,4,2024-03-03,2025-04-30,197.0,141.0,3,527430,131857.5,True,Churned
INV003865,10,2024-01-02,2025-05-27,147.0,56.77777777777778,5,633518,63351.8,True,Churned
INV003866,2,2024-05-26,2024-08-13,79.0,79.0,1,203152,101576.0,True,High Risk
INV003867,4,2024-03-07,2024-11-22,156.0,86.66666666666667,3,504587,126146.75,True,Churned
INV003868,9,2024-02-26,2025-05-09,165.0,54.75,5,341572,37952.444444444445,True,Churned
INV003869,5,2024-01-18,2025-03-30,202.0,109.25,3,278638,55727.6,True,Churned
INV003870,5,2024-04-15,2025-03-05,170.0,81.0,3,917476,183495.2,True,Churned
INV003871,4,2024-06-04,2025-03-31,230.0,100.0,2,687469,171867.25,True,Churned
INV003872,11,2024-05-15,2025-05-13,70.0,36.3,4,1036120,94192.72727272728,True,High Risk
INV003873,4,2024-02-08,2025-05-04,215.0,150.33333333333334,3,354071,88517.75,True,Churned
INV003874,9,2024-03-19,2025-03-31,192.0,47.125,2,1321969,146885.44444444444,True,Churned
INV003875,1,2024-12-04,2024-12-04,,,0,1064,1064.0,False,New
INV003876,10,2024-01-06,2025-03-31,94.0,50.0,6,1175061,117506.1,True,Churned
INV003877,6,2024-08-28,2025-05-04,85.0,49.8,4,663193,110532.16666666667,True,High Risk
INV003878,5,2024-02-15,2024-08-06,108.0,43.25,2,50637,10127.4,True,Churned
INV003879,2,2024-08-01,2025-04-01,243.0,243.0,1,61493,30746.5,True,Churned
INV003880,8,2024-02-03,2025-05-28,193.0,68.57142857142857,5,52016,6502.0,True,Churned
INV003881,1,2024-04-27,2024-04-27,,,0,2997,2997.0,False,New
INV003882,7,2024-03-05,2025-04-25,299.0,69.33333333333333,2,737000,105285.71428571429,True,Churned
INV003883,8,2024-10-03,2025-05-06,74.0,30.714285714285715,3,1010259,126282.375,True,High Risk
INV003884,5,2024-08-08,2025-05-15,211.0,70.0,1,145853,29170.6,True,Churned
INV003885,7,2024-06-06,2025-05-30,163.0,59.666666666666664,2,211884,30269.14285714286,True,Churned
INV003886,1,2024-09-14,2024-09-14,,,0,1915,1915.0,False,New
INV003887,8,2024-05-14,2025-05-20,199.0,53.0,2,1306852,163356.5,True,Churned
INV003888,10,2024-01-16,2025-05-13,137.0,53.666666666666664,5,1404708,140470.8,True,Churned
INV003889,4,2024-02-03,2025-05-25,235.0,159.0,3,1138734,284683.5,True,Churned
INV003890,2,2024-04-15,2024-05-19,34.0,34.0,0,810017,405008.5,False,Active
INV003891,5,2024-02-24,2024-10-02,94.0,55.25,3,572170,114434.0,True,Churned
INV003892,12,2024-01-02,2025-05-13,112.0,45.18181818181818,6,566340,47195.0,True,Churned
INV003893,3,2024-05-31,2025-04-04,265.0,154.0,2,353775,117925.0,True,Churned
INV003894,9,2024-01-06,2025-03-20,89.0,54.875,6,1431061,159006.77777777778,True,High Risk
INV003895,2,2024-02-03,2024-06-24,142.0,142.0,1,210801,105400.5,True,Churned
INV003896,8,2024-02-09,2025-03-28,174.0,59.0,4,630552,78819.0,True,Churned
INV003897,6,2024-04-09,2025-04-02,144.0,71.6,4,83553,13925.5,True,Churned
INV003898,4,2024-04-07,2025-05-04,232.0,130.66666666666666,2,790554,197638.5,True,Churned
INV003899,9,2024-02-20,2025-04-13,124.0,52.25,4,1218551,135394.55555555556,True,Churned
INV003900,3,2024-09-25,2025-04-04,99.0,95.5,2,84971,28323.666666666668,True,Churned
INV003901,10,2024-03-04,2025-03-14,149.0,41.666666666666664,4,1575680,157568.0,True,Churned
INV003902,10,2024-01-08,2025-05-09,186.0,54.111111111111114,3,1375351,137535.1,True,Churned
INV003903,11,2024-02-07,2025-01-24,111.0,35.2,3,1379099,125372.63636363637,True,Churned
INV003904,5,2024-03-03,2025-03-03,171.0,91.25,2,385839,77167.8,True,Churned
INV003905,7,2024-04-28,2025-05-08,103.0,62.5,5,70428,10061.142857142857,True,Churned
INV003906,11,2024-01-13,2025-05-23,115.0,49.6,5,352933,32084.81818181818,True,Churned
INV003907,8,2024-02-05,2025-01-09,123.0,48.42857142857143,4,680403,85050.375,True,Churned
INV003908,9,2024-04-04,2025-04-16,112.0,47.125,4,1867760,207528.88888888888,True,Churned
INV003909,8,2024-01-19,2025-01-13,72.0,51.42857142857143,6,1562872,195359.0,True,High Risk
INV003910,8,2024-02-24,2025-03-11,204.0,54.42857142857143,4,846416,105802.0,True,Churned
INV003911,8,2024-01-31,2025-04-27,187.0,64.57142857142857,4,640165,80020.625,True,Churned
INV003912,9,2024-01-15,2025-04-30,140.0,58.875,5,819109,91012.11111111111,True,Churned
INV003913,8,2024-02-09,2025-04-14,136.0,61.42857142857143,5,52158,6519.75,True,Churned
INV003914,2,2024-07-12,2024-09-01,51.0,51.0,1,103679,51839.5,True,At Risk
INV003915,2,2024-02-23,2024-11-21,272.0,272.0,1,472905,236452.5,True,Churned
INV003916,10,2024-03-08,2025-03-19,114.0,41.77777777777778,3,1360318,136031.8,True,Churned
INV003917,2,2024-03-11,2024-12-30,294.0,294.0,1,5765,2882.5,True,Churned
INV003918,12,2024-03-13,2025-05-22,124.0,39.54545454545455,5,2255681,187973.41666666666,True,Churned
INV003919,4,2024-04-17,2025-05-13,206.0,130.33333333333334,3,310861,77715.25,True,Churned
INV003920,12,2024-01-17,2025-04-29,132.0,42.54545454545455,4,1319862,109988.5,True,Churned
INV003921,2,2024-02-07,2024-05-07,90.0,90.0,1,3225,1612.5,True,High Risk
INV003922,3,2024-06-26,2024-10-30,126.0,63.0,1,1016464,338821.3333333333,True,Churned
INV003923,2,2025-03-11,2025-04-23,43.0,43.0,1,405790,202895.0,True,At Risk
INV003924,2,2024-09-06,2025-04-25,231.0,231.0,1,53873,26936.5,True,Churned
INV003925,7,2024-01-29,2025-03-14,164.0,68.33333333333333,5,440551,62935.857142857145,True,Churned
INV003926,8,2024-01-02,2025-04-24,155.0,68.28571428571429,5,1252558,156569.75,True,Churned
INV003927,2,2024-10-17,2025-04-17,182.0,182.0,1,189761,94880.5,True,Churned
INV003928,5,2024-05-03,2025-04-17,281.0,87.25,2,425522,85104.4,True,Churned
INV003929,3,2024-03-29,2024-08-10,71.0,67.0,2,546945,182315.0,True,High Risk
INV003930,1,2024-03-20,2024-03-20,,,0,406317,406317.0,False,New
INV003931,5,2024-06-27,2025-05-30,133.0,84.25,3,743504,148700.8,True,Churned
INV003932,4,2024-09-04,2025-04-21,175.0,76.33333333333333,2,40445,10111.25,True,Churned
INV003933,1,2024-09-28,2024-09-28,,,0,8972,8972.0,False,New
INV003934,4,2024-03-01,2025-05-10,197.0,145.0,3,664589,166147.25,True,Churned
INV003935,2,2024-02-15,2024-11-03,262.0,262.0,1,401779,200889.5,True,Churned
INV003936,12,2024-01-21,2025-04-16,96.0,41.0,5,1946104,162175.33333333334,True,Churned
INV003937,5,2024-01-05,2025-01-04,173.0,91.25,3,931665,186333.0,True,Churned
INV003938,11,2024-02-10,2025-02-27,70.0,38.3,6,1006945,91540.45454545454,True,High Risk
INV003939,2,2024-03-20,2024-08-26,159.0,159.0,1,17178,8589.0,True,Churned
INV003940,12,2024-01-21,2025-04-25,151.0,41.81818181818182,4,1321595,110132.91666666667,True,Churned
INV003941,4,2024-05-11,2025-03-13,219.0,102.0,2,371895,92973.75,True,Churned
INV003942,8,2024-01-02,2025-05-08,180.0,70.28571428571429,4,732422,91552.75,True,Churned
INV003943,11,2024-04-22,2025-03-28,88.0,34.0,5,394148,35831.63636363636,True,High Risk
INV003944,2,2024-09-13,2025-02-26,166.0,166.0,1,97814,48907.0,True,Churned
INV003945,11,2024-02-01,2025-03-24,90.0,41.7,4,1094470,99497.27272727272,True,High Risk
INV003946,9,2024-01-04,2025-03-04,129.0,53.125,4,814585,90509.44444444444,True,Churned
INV003947,7,2024-02-23,2025-01-27,125.0,56.5,4,781074,111582.0,True,Churned
INV003948,9,2024-08-14,2025-05-03,76.0,32.75,4,637358,70817.55555555556,True,High Risk
INV003949,5,2024-03-11,2024-12-22,169.0,71.5,2,477806,95561.2,True,Churned
INV003950,5,2024-10-03,2025-05-09,135.0,54.5,2,379239,75847.8,True,Churned
INV003951,9,2024-01-14,2025-05-21,170.0,61.625,5,1176864,130762.66666666667,True,Churned
INV003952,9,2024-04-20,2025-04-04,95.0,43.625,4,449116,49901.77777777778,True,Churned
INV003953,3,2024-01-04,2025-05-11,340.0,246.5,2,142737,47579.0,True,Churned
INV003954,5,2024-02-04,2024-12-17,124.0,79.25,4,167457,33491.4,True,Churned
INV003955,5,2024-02-05,2024-12-15,213.0,78.5,2,13434,2686.8,True,Churned
INV003956,5,2024-03-03,2025-03-06,237.0,92.0,2,714188,142837.6,True,Churned
INV003957,11,2024-01-08,2025-05-22,91.0,50.0,7,1721306,156482.36363636365,True,Churned
INV003958,12,2024-01-28,2025-05-13,124.0,42.81818181818182,6,1271693,105974.41666666667,True,Churned
INV003959,2,2024-03-02,2024-05-16,75.0,75.0,1,326111,163055.5,True,High Risk
INV003960,6,2024-02-13,2025-02-27,146.0,76.0,4,527797,87966.16666666667,True,Churned
INV003961,11,2024-01-11,2025-04-28,136.0,47.3,5,1355938,123267.09090909091,True,Churned
INV003962,11,2024-01-21,2025-05-16,218.0,48.1,5,819322,74483.81818181818,True,Churned
INV003963,4,2024-07-10,2024-12-03,70.0,48.666666666666664,2,17696,4424.0,True,High Risk
INV003964,12,2024-01-10,2025-04-15,130.0,41.90909090909091,5,880434,73369.5,True,Churned
INV003965,1,2024-06-07,2024-06-07,,,0,7547,7547.0,False,New
INV003966,4,2024-09-07,2025-03-09,145.0,61.0,1,558692,139673.0,True,Churned
INV003967,7,2024-03-01,2025-03-17,116.0,63.5,4,812947,116135.28571428571,True,Churned
INV003968,10,2024-01-31,2025-05-07,199.0,51.333333333333336,6,1192347,119234.7,True,Churned
INV003969,2,2024-07-20,2025-01-11,175.0,175.0,1,9624,4812.0,True,Churned
INV003970,10,2024-01-27,2025-04-04,148.0,48.111111111111114,4,1408523,140852.3,True,Churned
INV003971,4,2024-08-27,2025-04-27,154.0,81.0,2,31623,7905.75,True,Churned
INV003972,9,2024-03-05,2025-04-30,156.0,52.625,4,1000401,111155.66666666667,True,Churned
INV003973,9,2024-01-09,2025-02-28,125.0,52.0,5,1124006,124889.55555555556,True,Churned
INV003974,12,2024-01-10,2025-05-14,120.0,44.54545454545455,5,1118434,93202.83333333333,True,Churned
INV003975,11,2024-03-07,2025-04-27,125.0,41.6,3,1048728,95338.90909090909,True,Churned
INV003976,5,2024-04-12,2025-03-31,160.0,88.25,2,116716,23343.2,True,Churned
INV003977,8,2024-02-05,2025-04-12,149.0,61.714285714285715,4,952898,119112.25,True,Churned
INV003978,10,2024-01-08,2025-04-29,124.0,53.0,6,787646,78764.6,True,Churned
INV003979,12,2024-02-29,2025-03-27,71.0,35.63636363636363,4,881940,73495.0,True,High Risk
INV003980,4,2024-02-18,2025-05-28,244.0,155.0,3,156943,39235.75,True,Churned
INV003981,10,2024-04-01,2025-05-12,75.0,45.111111111111114,6,690352,69035.2,True,High Risk
INV003982,7,2024-01-31,2025-02-07,143.0,62.166666666666664,4,1191664,170237.7142857143,True,Churned
INV003983,4,2024-03-11,2025-03-11,255.0,121.66666666666667,3,974186,243546.5,True,Churned
INV003984,3,2024-02-28,2024-05-12,40.0,37.0,1,70321,23440.333333333332,True,At Risk
INV003985,7,2024-01-19,2025-04-28,191.0,77.5,4,153206,21886.571428571428,True,Churned
INV003986,7,2024-03-08,2025-03-10,206.0,61.166666666666664,3,896839,128119.85714285714,True,Churned
INV003987,9,2024-03-12,2025-05-02,92.0,52.0,6,558937,62104.11111111111,True,Churned
INV003988,2,2024-07-25,2025-03-03,221.0,221.0,1,244804,122402.0,True,Churned
INV003989,9,2024-03-15,2025-04-26,138.0,50.875,3,1482555,164728.33333333334,True,Churned
INV003990,3,2024-01-28,2025-01-31,264.0,184.5,2,252542,84180.66666666667,True,Churned
INV003991,2,2024-01-06,2024-10-18,286.0,286.0,1,9861,4930.5,True,Churned
INV003992,6,2024-02-04,2025-04-02,210.0,84.6,3,205921,34320.166666666664,True,Churned
INV003993,5,2024-08-09,2025-03-28,93.0,57.75,3,190848,38169.6,True,Churned
INV003994,1,2025-04-08,2025-04-08,,,0,40466,40466.0,False,New
INV003995,6,2024-08-05,2025-04-15,175.0,50.6,1,1088542,181423.66666666666,True,Churned
INV003996,9,2024-01-25,2025-05-15,177.0,59.5,4,724424,80491.55555555556,True,Churned
INV003997,8,2024-01-22,2025-03-16,167.0,59.857142857142854,6,883260,110407.5,True,Churned
INV003998,4,2024-01-06,2025-04-14,219.0,154.66666666666666,3,350514,87628.5,True,Churned
INV003999,2,2024-04-05,2024-09-12,160.0,160.0,1,231704,115852.0,True,Churned
INV004000,1,2024-12-05,2024-12-05,,,0,25217,25217.0,False,New
INV004001,10,2024-05-24,2025-03-19,81.0,33.22222222222222,4,658564,65856.4,True,High Risk
INV004002,4,2024-03-08,2025-03-26,247.0,127.66666666666667,3,781596,195399.0,True,Churned
INV004003,9,2024-06-08,2025-05-21,146.0,43.375,3,1253306,139256.22222222222,True,Churned
INV004004,12,2024-05-18,2025-05-29,88.0,34.18181818181818,4,752428,62702.333333333336,True,High Risk
INV004005,11,2024-01-12,2025-05-25,184.0,49.9,4,1371191,124653.72727272728,True,Churned
INV004006,10,2024-08-26,2025-05-19,78.0,29.555555555555557,3,947553,94755.3,True,High Risk
INV004007,9,2024-01-23,2025-01-27,123.0,46.25,3,504038,56004.22222222222,True,Churned
INV004008,4,2024-01-07,2024-12-10,196.0,112.66666666666667,2,437026,109256.5,True,Churned
INV004009,10,2024-02-06,2025-04-28,87.0,49.666666666666664,6,814468,81446.8,True,High Risk
INV004010,1,2024-06-30,2024-06-30,,,0,279418,279418.0,False,New
INV004011,7,2024-01-29,2025-03-26,192.0,70.33333333333333,2,1150886,164412.2857142857,True,Churned
INV004012,5,2024-03-09,2025-05-22,208.0,109.75,4,10321,2064.2,True,Churned
INV004013,1,2025-03-07,2025-03-07,,,0,289965,289965.0,False,New
INV004014,11,2024-01-14,2025-05-23,93.0,49.5,6,610127,55466.09090909091,True,Churned
INV004015,11,2024-01-31,2025-05-16,126.0,47.1,4,1681983,152907.54545454544,True,Churned
INV004016,5,2024-06-11,2025-03-29,119.0,72.75,3,483221,96644.2,True,Churned
INV004017,11,2024-01-22,2024-11-30,70.0,31.3,3,1125221,102292.81818181818,True,High Risk
INV004018,7,2024-01-11,2025-05-07,147.0,80.33333333333333,4,1142387,163198.14285714287,True,Churned
INV004019,8,2024-01-24,2025-05-27,169.0,69.85714285714286,4,783745,97968.125,True,Churned
INV004020,1,2024-10-25,2024-10-25,,,0,417,417.0,False,New
INV004021,1,2025-02-19,2025-02-19,,,0,27282,27282.0,False,New
INV004022,3,2024-02-13,2025-02-01,321.0,177.0,1,495790,165263.33333333334,True,Churned
INV004023,10,2024-02-12,2025-05-25,93.0,52.0,5,135403,13540.3,True,Churned
INV004024,12,2024-01-03,2025-02-03,92.0,36.09090909090909,5,1619728,134977.33333333334,True,Churned
INV004025,6,2024-06-10,2025-04-17,248.0,62.2,1,657220,109536.66666666667,True,Churned
INV004026,7,2024-03-02,2025-03-15,188.0,63.0,3,91979,13139.857142857143,True,Churned
INV004027,4,2024-03-08,2024-10-19,173.0,75.0,2,880836,220209.0,True,Churned
INV004028,10,2024-02-22,2025-04-04,96.0,45.22222222222222,6,1419221,141922.1,True,Churned
INV004029,1,2024-08-22,2024-08-22,,,0,10542,10542.0,False,New
INV004030,8,2024-01-14,2025-05-19,142.0,70.14285714285714,4,978260,122282.5,True,Churned
INV004031,2,2024-06-07,2024-08-18,72.0,72.0,1,13703,6851.5,True,High Risk
INV004032,8,2024-02-02,2025-02-25,175.0,55.57142857142857,2,790132,98766.5,True,Churned
INV004033,9,2024-02-18,2025-05-13,168.0,56.25,3,1814603,201622.55555555556,True,Churned
INV004034,2,2024-08-28,2025-04-09,224.0,224.0,1,341077,170538.5,True,Churned
INV004035,4,2024-06-19,2024-11-20,77.0,51.333333333333336,3,373062,93265.5,True,High Risk
INV004036,6,2024-04-03,2025-02-05,94.0,61.6,4,965414,160902.33333333334,True,Churned
INV004037,8,2024-05-10,2025-05-18,137.0,53.285714285714285,3,896166,112020.75,True,Churned
INV004038,12,2024-01-10,2025-05-11,127.0,44.27272727272727,4,1221885,101823.75,True,Churned
INV004039,2,2024-03-14,2024-09-28,198.0,198.0,1,32828,16414.0,True,Churned
INV004040,7,2024-03-05,2025-05-11,169.0,72.0,4,505628,72232.57142857143,True,Churned
INV004041,4,2024-01-21,2025-03-11,230.0,138.33333333333334,2,545038,136259.5,True,Churned
INV004042,4,2024-09-24,2025-05-17,185.0,78.33333333333333,2,864780,216195.0,True,Churned
INV004043,5,2024-03-18,2025-04-25,231.0,100.75,4,587188,117437.6,True,Churned
INV004044,6,2024-03-15,2025-04-22,216.0,80.6,3,763173,127195.5,True,Churned
INV004045,7,2024-02-02,2024-11-01,108.0,45.5,3,273575,39082.142857142855,True,Churned
INV004046,3,2024-03-15,2024-12-30,151.0,145.0,2,36574,12191.333333333334,True,Churned
INV004047,2,2024-10-10,2024-12-12,63.0,63.0,1,250537,125268.5,True,High Risk
INV004048,2,2024-03-03,2025-01-07,310.0,310.0,1,339114,169557.0,True,Churned
INV004049,11,2024-06-18,2025-05-07,67.0,32.3,4,1019101,92645.54545454546,True,High Risk
INV004050,8,2024-04-06,2025-05-03,167.0,56.0,3,732902,91612.75,True,Churned
INV004051,10,2024-01-19,2025-04-01,89.0,48.666666666666664,6,1488118,148811.8,True,High Risk
INV004052,7,2024-01-16,2025-05-14,175.0,80.66666666666667,4,979750,139964.2857142857,True,Churned
INV004053,2,2024-10-10,2025-03-18,159.0,159.0,1,289741,144870.5,True,Churned
INV004054,4,2024-08-22,2025-02-01,123.0,54.333333333333336,1,910752,227688.0,True,Churned
INV004055,1,2024-06-14,2024-06-14,,,0,544,544.0,False,New
INV004056,4,2024-02-22,2025-04-03,214.0,135.33333333333334,3,254924,63731.0,True,Churned
INV004057,3,2024-06-28,2024-07-25,17.0,13.5,0,158466,52822.0,False,Active
INV004058,6,2024-01-09,2025-03-03,184.0,83.8,4,342628,57104.666666666664,True,Churned
INV004059,3,2024-01-04,2025-05-19,345.0,250.5,2,222209,74069.66666666667,True,Churned
INV004060,2,2024-08-01,2025-02-26,209.0,209.0,1,200561,100280.5,True,Churned
INV004061,4,2024-07-04,2025-04-30,152.0,100.0,2,496037,124009.25,True,Churned
INV004062,4,2024-04-12,2025-05-03,343.0,128.66666666666666,1,592764,148191.0,True,Churned
INV004063,12,2024-04-13,2025-05-14,117.0,36.0,5,1059126,88260.5,True,Churned
INV004064,12,2024-01-15,2025-04-17,97.0,41.63636363636363,4,2485177,207098.08333333334,True,Churned
INV004065,4,2024-01-21,2024-11-15,204.0,99.66666666666667,3,1093927,273481.75,True,Churned
INV004066,10,2024-01-15,2025-04-10,167.0,50.111111111111114,3,1438671,143867.1,True,Churned
INV004067,8,2024-02-11,2025-02-16,142.0,53.0,5,583733,72966.625,True,Churned
INV004068,3,2024-03-08,2024-09-21,153.0,98.5,2,76846,25615.333333333332,True,Churned
INV004069,9,2024-01-12,2025-02-03,196.0,48.5,3,778768,86529.77777777778,True,Churned
INV004070,12,2024-02-06,2025-03-18,107.0,36.90909090909091,4,1046583,87215.25,True,Churned
INV004071,6,2024-03-01,2025-03-12,134.0,75.2,4,726271,121045.16666666667,True,Churned
INV004072,2,2024-06-11,2024-10-26,137.0,137.0,1,522978,261489.0,True,Churned
INV004073,7,2024-05-17,2025-05-27,148.0,62.5,5,432216,61745.142857142855,True,Churned
INV004074,3,2024-11-24,2025-02-26,54.0,47.0,2,46757,15585.666666666666,True,At Risk
INV004075,7,2024-01-29,2025-03-21,256.0,69.5,3,520435,74347.85714285714,True,Churned
INV004076,6,2024-03-06,2025-03-22,174.0,76.2,3,398551,66425.16666666667,True,Churned
INV004077,4,2024-09-02,2025-05-21,102.0,87.0,3,255753,63938.25,True,Churned
INV004078,9,2024-03-25,2025-05-26,160.0,53.375,3,1469459,163273.22222222222,True,Churned
INV004079,10,2024-01-21,2025-04-21,164.0,50.666666666666664,3,1030788,103078.8,True,Churned
INV004080,8,2024-01-09,2025-03-23,121.0,62.714285714285715,7,1143023,142877.875,True,Churned
INV004081,4,2024-01-19,2025-05-28,251.0,165.0,3,549055,137263.75,True,Churned
INV004082,4,2024-04-19,2024-08-19,59.0,40.666666666666664,2,423498,105874.5,True,At Risk
INV004083,2,2024-12-14,2024-12-29,15.0,15.0,0,150949,75474.5,False,Active
INV004084,7,2024-05-14,2025-03-17,170.0,51.166666666666664,2,643554,91936.28571428571,True,Churned
INV004085,10,2024-02-12,2025-05-22,138.0,51.666666666666664,5,641929,64192.9,True,Churned
INV004086,2,2024-08-08,2025-02-03,179.0,179.0,1,296646,148323.0,True,Churned
INV004087,4,2024-03-28,2024-11-15,125.0,77.33333333333333,2,352213,88053.25,True,Churned
INV004088,3,2024-01-08,2025-04-29,350.0,238.5,2,509501,169833.66666666666,True,Churned
INV004089,9,2024-01-19,2025-02-16,106.0,49.25,4,1214466,134940.66666666666,True,Churned
INV004090,5,2024-01-18,2025-05-22,224.0,122.5,3,382465,76493.0,True,Churned
INV004091,11,2024-03-24,2025-05-12,184.0,41.4,3,988186,89835.09090909091,True,Churned
INV004092,2,2024-02-01,2025-01-16,350.0,350.0,1,276524,138262.0,True,Churned
INV004093,1,2025-01-05,2025-01-05,,,0,21073,21073.0,False,New
INV004094,8,2024-02-22,2025-05-29,183.0,66.0,2,498658,62332.25,True,Churned
INV004095,4,2024-01-15,2024-12-15,211.0,111.66666666666667,2,236334,59083.5,True,Churned
INV004096,11,2024-01-05,2025-05-04,146.0,48.5,5,1935335,175939.54545454544,True,Churned
INV004097,4,2024-07-28,2025-05-29,245.0,101.66666666666667,2,240082,60020.5,True,Churned
INV004098,8,2024-06-23,2025-04-10,63.0,41.57142857142857,4,660586,82573.25,True,High Risk
INV004099,10,2024-02-12,2025-01-20,167.0,38.111111111111114,3,1065272,106527.2,True,Churned
INV004100,11,2024-04-28,2025-05-22,118.0,38.9,4,2016151,183286.45454545456,True,Churned
INV004101,3,2024-02-09,2025-02-18,239.0,187.5,2,791523,263841.0,True,Churned
INV004102,7,2024-01-23,2025-05-16,247.0,79.83333333333333,3,779125,111303.57142857143,True,Churned
INV004103,3,2024-11-16,2025-05-03,134.0,84.0,1,524457,174819.0,True,Churned
INV004104,9,2024-03-13,2025-05-12,133.0,53.125,3,1592553,176950.33333333334,True,Churned
INV004105,4,2024-05-24,2025-03-02,127.0,94.0,3,247802,61950.5,True,Churned
INV004106,6,2024-02-24,2024-11-29,151.0,55.8,2,127689,21281.5,True,Churned
INV004107,3,2024-12-03,2025-03-30,106.0,58.5,1,460083,153361.0,True,Churned
INV004108,7,2024-01-26,2024-12-06,165.0,52.5,3,819559,117079.85714285714,True,Churned
INV004109,7,2024-01-21,2025-03-06,99.0,68.33333333333333,5,529643,75663.28571428571,True,Churned
INV004110,7,2024-01-18,2025-02-17,280.0,66.0,2,661802,94543.14285714286,True,Churned
INV004111,3,2024-07-24,2025-05-13,229.0,146.5,2,591688,197229.33333333334,True,Churned
INV004112,9,2024-01-28,2024-10-30,76.0,34.5,5,678707,75411.88888888889,True,High Risk
INV004113,2,2024-06-22,2024-10-04,104.0,104.0,1,15112,7556.0,True,Churned
INV004114,7,2024-02-03,2024-08-10,76.0,31.5,2,681896,97413.71428571429,True,High Risk
INV004115,4,2024-02-15,2024-12-22,154.0,103.66666666666667,3,343028,85757.0,True,Churned
INV004116,11,2024-01-18,2025-05-26,117.0,49.4,6,373951,33995.545454545456,True,Churned
INV004117,6,2024-01-26,2024-05-06,57.0,20.2,1,793668,132278.0,True,At Risk
INV004118,9,2024-03-29,2025-05-02,98.0,49.875,6,1193263,132584.77777777778,True,Churned
INV004119,8,2024-01-07,2025-03-30,195.0,64.0,5,642060,80257.5,True,Churned
INV004120,5,2024-03-07,2025-03-22,173.0,95.0,3,217571,43514.2,True,Churned
INV004121,4,2024-04-21,2025-02-24,185.0,103.0,2,470488,117622.0,True,Churned
INV004122,2,2024-05-06,2024-09-19,136.0,136.0,1,12345,6172.5,True,Churned
INV004123,6,2024-03-14,2025-05-13,138.0,85.0,4,74440,12406.666666666666,True,Churned
INV004124,10,2024-03-25,2025-04-24,99.0,43.888888888888886,5,1353537,135353.7,True,Churned
INV004125,12,2024-01-03,2025-05-10,142.0,44.81818181818182,4,583352,48612.666666666664,True,Churned
INV004126,2,2024-02-12,2024-07-11,150.0,150.0,1,337993,168996.5,True,Churned
INV004127,9,2024-01-02,2025-05-22,190.0,63.25,4,726625,80736.11111111111,True,Churned
INV004128,12,2024-01-01,2025-05-10,156.0,45.0,5,1439772,119981.0,True,Churned
INV004129,2,2024-04-29,2024-10-21,175.0,175.0,1,8115,4057.5,True,Churned
INV004130,7,2024-04-03,2025-05-02,137.0,65.66666666666667,3,1210143,172877.57142857142,True,Churned
INV004131,7,2024-01-04,2025-01-31,211.0,65.5,3,459832,65690.28571428571,True,Churned
INV004132,6,2024-01-07,2025-02-01,141.0,78.2,3,974203,162367.16666666666,True,Churned
INV004133,5,2024-03-23,2025-03-25,154.0,91.75,3,400780,80156.0,True,Churned
INV004134,8,2024-01-06,2024-10-07,98.0,39.285714285714285,4,284585,35573.125,True,Churned
INV004135,12,2024-01-11,2025-04-06,164.0,41.0,3,639424,53285.333333333336,True,Churned
INV004136,1,2024-08-17,2024-08-17,,,0,315913,315913.0,False,New
INV004137,10,2024-03-25,2024-09-16,36.0,19.444444444444443,1,1784820,178482.0,True,At Risk
INV004138,10,2024-01-04,2025-03-15,143.0,48.44444444444444,4,1411109,141110.9,True,Churned
INV004139,4,2024-04-21,2025-05-09,304.0,127.66666666666667,2,387683,96920.75,True,Churned
INV004140,8,2024-01-18,2025-05-12,130.0,68.57142857142857,4,1273282,159160.25,True,Churned
INV004141,1,2024-02-26,2024-02-26,,,0,138770,138770.0,False,New
INV004142,9,2024-01-20,2025-05-18,131.0,60.5,5,986206,109578.44444444444,True,Churned
INV004143,10,2024-01-22,2025-05-21,137.0,53.888888888888886,5,880081,88008.1,True,Churned
INV004144,2,2024-07-22,2024-10-12,82.0,82.0,1,11072,5536.0,True,High Risk
INV004145,11,2024-02-13,2025-01-09,125.0,33.1,3,1737515,157955.9090909091,True,Churned
INV004146,10,2024-02-12,2025-04-28,173.0,49.0,6,1183004,118300.4,True,Churned
INV004147,7,2024-05-27,2025-05-28,136.0,61.0,4,625065,89295.0,True,Churned
INV004148,9,2024-02-20,2025-04-02,113.0,50.875,6,1205487,133943.0,True,Churned
INV004149,7,2024-05-12,2025-05-16,130.0,61.5,3,358700,51242.857142857145,True,Churned
INV004150,3,2024-05-20,2025-05-13,231.0,179.0,2,726273,242091.0,True,Churned
INV004151,12,2024-01-15,2025-05-25,141.0,45.09090909090909,4,1296768,108064.0,True,Churned
INV004152,7,2024-04-14,2025-04-14,131.0,60.833333333333336,4,382666,54666.57142857143,True,Churned
INV004153,11,2024-04-04,2025-05-29,96.0,42.0,5,720824,65529.454545454544,True,Churned
INV004154,12,2024-01-01,2025-05-29,90.0,46.72727272727273,6,173527,14460.583333333334,True,High Risk
INV004155,1,2024-03-09,2024-03-09,,,0,8375,8375.0,False,New
INV004156,1,2024-10-23,2024-10-23,,,0,2543,2543.0,False,New
INV004157,5,2024-06-15,2025-03-29,235.0,71.75,1,980800,196160.0,True,Churned
INV004158,1,2024-07-14,2024-07-14,,,0,2876,2876.0,False,New
INV004159,5,2024-05-15,2025-01-07,188.0,59.25,1,213286,42657.2,True,Churned
INV004160,5,2024-03-02,2025-05-25,212.0,112.25,4,318663,63732.6,True,Churned
INV004161,6,2024-02-02,2025-04-21,260.0,88.8,4,796526,132754.33333333334,True,Churned
INV004162,5,2024-02-21,2025-02-06,300.0,87.75,1,307639,61527.8,True,Churned
INV004163,7,2024-03-24,2024-12-28,114.0,46.5,3,673778,96254.0,True,Churned
INV004164,3,2024-04-24,2024-12-11,155.0,115.5,2,457903,152634.33333333334,True,Churned
INV004165,7,2024-02-22,2025-04-13,201.0,69.33333333333333,3,875015,125002.14285714286,True,Churned
INV004166,4,2024-07-24,2025-04-16,104.0,88.66666666666667,3,456225,114056.25,True,Churned
INV004167,3,2024-11-28,2025-02-06,61.0,35.0,1,746356,248785.33333333334,True,High Risk
INV004168,3,2024-11-16,2025-01-29,54.0,37.0,1,164753,54917.666666666664,True,At Risk
INV004169,5,2024-01-13,2025-03-22,141.0,108.5,4,486532,97306.4,True,Churned
INV004170,1,2025-05-17,2025-05-17,,,0,6786,6786.0,False,New
INV004171,4,2024-07-16,2025-04-30,204.0,96.0,2,465203,116300.75,True,Churned
INV004172,10,2024-01-10,2025-03-26,196.0,49.0,3,381069,38106.9,True,Churned
INV004173,8,2024-01-03,2025-05-16,170.0,71.28571428571429,4,1603605,200450.625,True,Churned
INV004174,9,2024-01-01,2025-04-29,192.0,60.5,5,1136510,126278.88888888889,True,Churned
INV004175,8,2024-01-22,2025-05-11,133.0,67.85714285714286,6,89272,11159.0,True,Churned
INV004176,2,2024-10-05,2024-11-24,50.0,50.0,1,480154,240077.0,True,At Risk
INV004177,10,2024-02-15,2024-12-29,117.0,35.333333333333336,3,341131,34113.1,True,Churned
INV004178,5,2024-01-08,2025-04-23,285.0,117.75,2,18052,3610.4,True,Churned
INV004179,10,2024-04-14,2025-04-05,127.0,39.55555555555556,4,1130578,113057.8,True,Churned
INV004180,2,2024-10-31,2024-11-13,13.0,13.0,0,14248,7124.0,False,Active
INV004181,8,2024-02-05,2025-05-17,149.0,66.71428571428571,4,773918,96739.75,True,Churned
INV004182,3,2024-11-27,2025-02-22,46.0,43.5,2,224353,74784.33333333333,True,At Risk
INV004183,4,2024-06-12,2024-08-21,47.0,23.333333333333332,1,8752,2188.0,True,At Risk
INV004184,10,2024-04-01,2025-03-29,151.0,40.22222222222222,4,1394816,139481.6,True,Churned
INV004185,6,2024-01-06,2024-09-11,105.0,49.8,3,203460,33910.0,True,Churned
INV004186,3,2024-12-10,2025-03-03,62.0,41.5,1,302014,100671.33333333333,True,High Risk
INV004187,3,2024-06-19,2024-10-11,87.0,57.0,1,14014,4671.333333333333,True,High Risk
INV004188,4,2024-09-11,2024-11-07,33.0,19.0,0,1092671,273167.75,False,Active
INV004189,3,2024-03-30,2024-12-30,144.0,137.5,2,328335,109445.0,True,Churned
INV004190,6,2024-04-05,2025-04-03,154.0,72.6,3,709950,118325.0,True,Churned
INV004191,11,2024-01-27,2025-05-28,161.0,48.7,3,686853,62441.181818181816,True,Churned
INV004192,3,2025-03-06,2025-03-25,15.0,9.5,0,9078,3026.0,False,Active
INV004193,5,2024-05-12,2025-04-25,169.0,87.0,3,980800,196160.0,True,Churned
INV004194,3,2024-08-12,2025-03-22,206.0,111.0,1,37391,12463.666666666666,True,Churned
INV004195,4,2024-05-01,2025-01-06,156.0,83.33333333333333,3,539230,134807.5,True,Churned
INV004196,10,2024-01-29,2025-05-13,112.0,52.22222222222222,5,851053,85105.3,True,Churned
INV004197,4,2024-01-26,2025-03-28,218.0,142.33333333333334,3,395023,98755.75,True,Churned
INV004198,2,2024-07-12,2024-12-27,168.0,168.0,1,1758,879.0,True,Churned
INV004199,7,2024-04-16,2025-02-01,138.0,48.5,2,139933,19990.428571428572,True,Churned
INV004200,3,2024-06-16,2025-01-31,145.0,114.5,2,444471,148157.0,True,Churned
INV004201,7,2024-02-28,2024-11-13,97.0,43.166666666666664,3,1436307,205186.7142857143,True,Churned
INV004202,9,2024-03-30,2025-04-15,114.0,47.625,5,91560,10173.333333333334,True,Churned
INV004203,10,2024-01-22,2025-05-02,98.0,51.77777777777778,7,200636,20063.6,True,Churned
INV004204,7,2024-03-05,2025-05-11,275.0,72.0,4,977889,139698.42857142858,True,Churned
INV004205,9,2024-02-07,2025-03-25,164.0,51.5,3,704400,78266.66666666667,True,Churned
INV004206,2,2024-03-24,2025-04-22,394.0,394.0,1,251407,125703.5,True,Churned
INV004207,5,2024-04-14,2025-04-23,145.0,93.5,3,565336,113067.2,True,Churned
INV004208,9,2024-05-01,2025-05-03,156.0,45.875,4,1079665,119962.77777777778,True,Churned
INV004209,2,2024-04-27,2024-12-04,221.0,221.0,1,37818,18909.0,True,Churned
INV004210,6,2024-04-28,2024-12-28,77.0,48.8,4,973856,162309.33333333334,True,High Risk
INV004211,3,2024-02-29,2025-05-17,390.0,221.5,2,138472,46157.333333333336,True,Churned
INV004212,9,2024-03-29,2025-05-19,131.0,52.0,3,615013,68334.77777777778,True,Churned
INV004213,2,2025-01-13,2025-02-13,31.0,31.0,0,399522,199761.0,False,Active
INV004214,3,2024-11-05,2025-05-26,184.0,101.0,1,62195,20731.666666666668,True,Churned
INV004215,2,2025-03-31,2025-05-10,40.0,40.0,1,13763,6881.5,True,At Risk
INV004216,8,2024-01-21,2025-05-27,195.0,70.28571428571429,4,200762,25095.25,True,Churned
INV004217,3,2024-05-25,2024-07-30,53.0,33.0,1,227144,75714.66666666667,True,At Risk
INV004218,1,2025-03-25,2025-03-25,,,0,320141,320141.0,False,New
INV004219,1,2024-05-24,2024-05-24,,,0,518031,518031.0,False,New
INV004220,4,2024-01-18,2024-08-24,174.0,73.0,2,162867,40716.75,True,Churned
INV004221,2,2024-03-22,2025-05-14,418.0,418.0,1,237566,118783.0,True,Churned
INV004222,6,2024-03-15,2024-12-30,141.0,58.0,2,355194,59199.0,True,Churned
INV004223,12,2024-01-11,2025-05-02,103.0,43.36363636363637,5,1976215,164684.58333333334,True,Churned
INV004224,7,2024-06-29,2025-03-19,121.0,43.833333333333336,3,595386,85055.14285714286,True,Churned
INV004225,8,2024-06-14,2025-04-16,105.0,43.714285714285715,3,928665,116083.125,True,Churned
INV004226,10,2024-01-08,2025-05-03,118.0,53.44444444444444,6,1981597,198159.7,True,Churned
INV004227,2,2025-03-17,2025-04-28,42.0,42.0,1,18772,9386.0,True,At Risk
INV004228,10,2024-02-29,2025-05-08,112.0,48.22222222222222,4,700679,70067.9,True,Churned
INV004229,3,2024-03-27,2025-02-01,163.0,155.5,2,14260,4753.333333333333,True,Churned
INV004230,10,2024-01-06,2025-05-02,127.0,53.55555555555556,6,2356940,235694.0,True,Churned
INV004231,12,2024-01-17,2025-03-28,107.0,39.63636363636363,6,1705357,142113.08333333334,True,Churned
INV004232,12,2024-01-23,2025-01-14,68.0,32.45454545454545,5,1531317,127609.75,True,High Risk
INV004233,7,2024-03-09,2025-05-06,195.0,70.5,5,1329687,189955.2857142857,True,Churned
INV004234,2,2024-09-21,2025-01-21,122.0,122.0,1,32313,16156.5,True,Churned
INV004235,2,2025-02-27,2025-03-24,25.0,25.0,0,176366,88183.0,False,Active
INV004236,3,2024-02-17,2024-11-22,256.0,139.5,1,535623,178541.0,True,Churned
INV004237,8,2024-02-06,2025-05-10,215.0,65.57142857142857,3,1205006,150625.75,True,Churned
INV004238,5,2024-07-28,2024-11-15,52.0,27.5,1,663491,132698.2,True,At Risk
INV004239,9,2024-02-26,2025-04-29,130.0,53.5,5,409573,45508.11111111111,True,Churned
INV004240,5,2024-03-25,2025-05-04,179.0,101.25,3,41358,8271.6,True,Churned
INV004241,12,2024-01-31,2025-05-28,115.0,43.90909090909091,7,479295,39941.25,True,Churned
INV004242,2,2024-02-16,2024-06-28,133.0,133.0,1,23053,11526.5,True,Churned
INV004243,12,2024-02-12,2025-04-12,73.0,38.63636363636363,5,1200623,100051.91666666667,True,High Risk
INV004244,5,2024-05-23,2025-05-28,155.0,92.5,3,1014040,202808.0,True,Churned
INV004245,1,2024-04-28,2024-04-28,,,0,199637,199637.0,False,New
INV004246,11,2024-02-18,2025-05-15,127.0,45.2,4,1068696,97154.18181818182,True,Churned
INV004247,9,2024-02-07,2025-05-27,142.0,59.375,5,889560,98840.0,True,Churned
INV004248,8,2024-02-25,2025-05-10,184.0,62.857142857142854,4,620425,77553.125,True,Churned
INV004249,3,2024-02-21,2025-03-01,191.0,187.0,2,749322,249774.0,True,Churned
INV004250,6,2024-02-26,2025-03-04,139.0,74.4,3,1476055,246009.16666666666,True,Churned
INV004251,1,2024-07-30,2024-07-30,,,0,21376,21376.0,False,New
INV004252,8,2024-02-24,2025-04-06,265.0,58.142857142857146,2,823829,102978.625,True,Churned
INV004253,6,2024-01-09,2025-05-27,221.0,100.8,3,352037,58672.833333333336,True,Churned
INV004254,9,2024-01-14,2025-05-06,317.0,59.75,3,1594751,177194.55555555556,True,Churned
INV004255,2,2024-07-17,2025-02-04,202.0,202.0,1,78364,39182.0,True,Churned
INV004256,4,2024-02-22,2025-05-25,410.0,152.66666666666666,1,216214,54053.5,True,Churned
INV004257,6,2024-01-05,2025-03-26,135.0,89.2,5,569390,94898.33333333333,True,Churned
INV004258,11,2024-01-07,2025-03-14,105.0,43.2,4,464963,42269.36363636364,True,Churned
INV004259,4,2024-01-28,2025-04-06,201.0,144.66666666666666,3,482060,120515.0,True,Churned
INV004260,2,2024-04-23,2024-09-14,144.0,144.0,1,76688,38344.0,True,Churned
INV004261,5,2024-02-09,2025-05-28,247.0,118.5,2,347634,69526.8,True,Churned
INV004262,6,2024-03-20,2025-03-20,151.0,73.0,3,726533,121088.83333333333,True,Churned
INV004263,6,2024-02-05,2025-05-06,149.0,91.2,5,419816,69969.33333333333,True,Churned
INV004264,8,2024-03-24,2025-04-04,207.0,53.714285714285715,3,1433652,179206.5,True,Churned
INV004265,7,2024-02-25,2025-04-21,180.0,70.16666666666667,3,709214,101316.28571428571,True,Churned
INV004266,11,2024-01-10,2025-01-15,79.0,37.1,3,1528393,138944.81818181818,True,High Risk
INV004267,12,2024-03-23,2025-05-19,95.0,38.36363636363637,5,1718006,143167.16666666666,True,Churned
INV004268,7,2024-03-06,2025-05-22,245.0,73.66666666666667,3,1200383,171483.2857142857,True,Churned
INV004269,2,2024-06-10,2025-02-26,261.0,261.0,1,312905,156452.5,True,Churned
INV004270,11,2024-01-11,2025-05-20,182.0,49.5,4,1203341,109394.63636363637,True,Churned
INV004271,12,2024-02-17,2025-05-19,142.0,41.54545454545455,4,1732184,144348.66666666666,True,Churned
INV004272,8,2024-07-29,2025-03-31,98.0,35.0,2,1158614,144826.75,True,Churned
INV004273,6,2024-02-02,2025-02-15,171.0,75.8,4,474637,79106.16666666667,True,Churned
INV004274,11,2024-01-18,2025-05-14,86.0,48.2,7,2186587,198780.63636363635,True,High Risk
INV004275,2,2024-11-27,2025-05-05,159.0,159.0,1,73996,36998.0,True,Churned
INV004276,9,2024-03-27,2024-09-05,47.0,20.25,1,2182732,242525.77777777778,True,At Risk
INV004277,5,2024-01-30,2025-04-23,161.0,112.25,4,117954,23590.8,True,Churned
INV004278,12,2024-01-24,2025-02-03,85.0,34.18181818181818,4,1610675,134222.91666666666,True,High Risk
INV004279,11,2024-02-26,2025-02-12,100.0,35.2,4,1009498,91772.54545454546,True,Churned
INV004280,7,2024-03-15,2025-05-25,256.0,72.66666666666667,3,841755,120250.71428571429,True,Churned
INV004281,11,2024-01-17,2025-04-14,161.0,45.3,4,1275263,115933.0,True,Churned
INV004282,10,2024-02-08,2025-04-20,105.0,48.55555555555556,5,289518,28951.8,True,Churned
INV004283,11,2024-05-19,2025-05-09,103.0,35.5,5,1354376,123125.09090909091,True,Churned
INV004284,3,2024-10-10,2025-02-23,81.0,68.0,2,39896,13298.666666666666,True,High Risk
INV004285,11,2024-01-08,2025-04-18,169.0,46.6,3,381655,34695.90909090909,True,Churned
INV004286,3,2024-06-10,2025-02-12,240.0,123.5,1,710514,236838.0,True,Churned
INV004287,8,2024-03-06,2025-01-19,109.0,45.57142857142857,3,290533,36316.625,True,Churned
INV004288,12,2024-01-03,2025-04-06,132.0,41.72727272727273,4,935752,77979.33333333333,True,Churned
INV004289,12,2024-02-13,2025-05-17,201.0,41.72727272727273,5,183947,15328.916666666666,True,Churned
INV004290,12,2024-01-10,2025-05-15,128.0,44.63636363636363,4,1730184,144182.0,True,Churned
INV004291,4,2024-01-05,2025-02-24,164.0,138.66666666666666,3,891066,222766.5,True,Churned
INV004292,1,2024-01-13,2024-01-13,,,0,152985,152985.0,False,New
INV004293,10,2024-02-07,2025-04-18,142.0,48.44444444444444,4,315894,31589.4,True,Churned
INV004294,8,2024-01-29,2025-04-15,119.0,63.142857142857146,6,1482584,185323.0,True,Churned
INV004295,12,2024-02-02,2025-05-12,103.0,42.27272727272727,6,975463,81288.58333333333,True,Churned
INV004296,11,2024-01-02,2025-05-27,151.0,51.1,4,1099344,99940.36363636363,True,Churned
INV004297,12,2024-01-22,2025-05-20,149.0,44.0,7,1139601,94966.75,True,Churned
INV004298,8,2024-06-01,2025-04-03,155.0,43.714285714285715,2,668324,83540.5,True,Churned
INV004299,11,2024-01-18,2025-05-23,175.0,49.1,4,820216,74565.09090909091,True,Churned
INV004300,6,2024-10-01,2025-03-14,62.0,32.8,2,611591,101931.83333333333,True,High Risk
INV004301,4,2024-03-20,2025-04-24,212.0,133.33333333333334,2,428754,107188.5,True,Churned
INV004302,7,2024-04-08,2025-04-29,169.0,64.33333333333333,4,1188234,169747.7142857143,True,Churned
INV004303,7,2024-03-11,2024-12-09,105.0,45.5,3,757357,108193.85714285714,True,Churned
INV004304,5,2024-01-31,2024-12-16,134.0,80.0,4,528082,105616.4,True,Churned
INV004305,5,2024-03-18,2025-05-05,140.0,103.25,3,675557,135111.4,True,Churned
INV004306,10,2024-03-12,2025-04-05,118.0,43.22222222222222,4,1205767,120576.7,True,Churned
INV004307,7,2024-06-24,2025-04-23,139.0,50.5,3,729313,104187.57142857143,True,Churned
INV004308,10,2024-01-01,2025-05-23,244.0,56.44444444444444,5,518885,51888.5,True,Churned
INV004309,1,2024-11-24,2024-11-24,,,0,17381,17381.0,False,New
INV004310,6,2024-01-29,2025-03-02,174.0,79.6,4,657822,109637.0,True,Churned
INV004311,5,2024-05-09,2025-04-03,223.0,82.25,3,961944,192388.8,True,Churned
INV004312,2,2024-12-26,2025-05-21,146.0,146.0,1,449812,224906.0,True,Churned
INV004313,4,2024-04-21,2024-09-19,87.0,50.333333333333336,2,422095,105523.75,True,High Risk
INV004314,9,2024-02-20,2025-04-10,137.0,51.875,4,984584,109398.22222222222,True,Churned
INV004315,2,2024-05-10,2024-07-19,70.0,70.0,1,233438,116719.0,True,High Risk
INV004316,8,2024-06-19,2025-02-05,78.0,33.0,2,965077,120634.625,True,High Risk
INV004317,2,2024-05-23,2024-11-11,172.0,172.0,1,241685,120842.5,True,Churned
INV004318,9,2024-01-15,2025-02-16,106.0,49.75,5,193975,21552.777777777777,True,Churned
INV004319,12,2024-01-15,2025-05-13,131.0,44.0,5,482270,40189.166666666664,True,Churned
INV004320,6,2024-02-27,2025-04-19,336.0,83.4,1,390607,65101.166666666664,True,Churned
INV004321,11,2024-01-04,2024-12-05,69.0,33.6,5,791546,71958.72727272728,True,High Risk
INV004322,6,2024-02-04,2024-11-20,75.0,58.0,5,611483,101913.83333333333,True,High Risk
INV004323,1,2025-05-14,2025-05-14,,,0,965,965.0,False,New
INV004324,12,2024-02-07,2025-05-18,93.0,42.36363636363637,5,1023185,85265.41666666667,True,Churned
INV004325,2,2025-01-29,2025-02-20,22.0,22.0,0,644892,322446.0,False,Active
INV004326,12,2024-04-22,2025-04-18,78.0,32.81818181818182,3,421977,35164.75,True,High Risk
INV004327,1,2025-02-01,2025-02-01,,,0,337442,337442.0,False,New
INV004328,4,2024-01-13,2025-03-18,269.0,143.33333333333334,2,196420,49105.0,True,Churned
INV004329,6,2024-01-06,2025-02-12,176.0,80.6,3,661546,110257.66666666667,True,Churned
INV004330,4,2024-03-12,2025-05-14,191.0,142.66666666666666,3,314594,78648.5,True,Churned
INV004331,2,2024-05-28,2024-11-21,177.0,177.0,1,134869,67434.5,True,Churned
INV004332,11,2024-02-21,2025-05-19,112.0,45.3,6,803284,73025.81818181818,True,Churned
INV004333,7,2024-07-10,2025-03-03,126.0,39.333333333333336,2,892917,127559.57142857143,True,Churned
INV004334,6,2024-04-02,2025-04-19,184.0,76.4,4,705738,117623.0,True,Churned
INV004335,9,2024-02-10,2025-05-06,104.0,56.375,6,413665,45962.77777777778,True,Churned
INV004336,7,2024-01-07,2025-03-10,124.0,71.33333333333333,3,674265,96323.57142857143,True,Churned
INV004337,6,2024-04-26,2025-05-03,150.0,74.4,3,1668017,278002.8333333333,True,Churned
INV004338,12,2024-02-05,2025-04-20,162.0,40.0,5,519771,43314.25,True,Churned
INV004339,9,2024-01-10,2025-04-06,225.0,56.5,4,1256799,139644.33333333334,True,Churned
INV004340,9,2024-01-05,2025-05-19,252.0,62.5,4,964485,107165.0,True,Churned
INV004341,8,2024-04-08,2025-05-06,124.0,56.142857142857146,4,624464,78058.0,True,Churned
INV004342,6,2024-01-12,2025-02-03,145.0,77.6,5,431099,71849.83333333333,True,Churned
INV004343,12,2024-02-10,2025-04-26,85.0,40.09090909090909,6,1681957,140163.08333333334,True,High Risk
INV004344,4,2024-01-11,2025-04-06,251.0,150.33333333333334,3,1593588,398397.0,True,Churned
INV004345,12,2024-03-30,2025-05-06,114.0,36.54545454545455,3,1593534,132794.5,True,Churned
INV004346,6,2024-02-16,2025-01-18,187.0,67.4,3,833777,138962.83333333334,True,Churned
INV004347,8,2024-01-01,2024-11-28,82.0,47.42857142857143,5,1034095,129261.875,True,High Risk
INV004348,11,2024-03-10,2025-05-12,120.0,42.8,5,983251,89386.45454545454,True,Churned
INV004349,11,2024-01-07,2025-04-30,159.0,47.9,4,1242203,112927.54545454546,True,Churned
INV004350,5,2024-07-07,2025-05-17,145.0,78.5,2,280018,56003.6,True,Churned
INV004351,3,2024-04-05,2025-03-28,275.0,178.5,2,87073,29024.333333333332,True,Churned
INV004352,6,2024-03-30,2025-05-03,118.0,79.8,5,289406,48234.333333333336,True,Churned
INV004353,9,2024-01-04,2025-02-10,102.0,50.375,4,467624,51958.22222222222,True,Churned
INV004354,6,2024-02-19,2024-12-13,97.0,59.6,3,454252,75708.66666666667,True,Churned
INV004355,2,2024-06-02,2024-10-06,126.0,126.0,1,378928,189464.0,True,Churned
INV004356,10,2024-04-14,2025-03-28,194.0,38.666666666666664,2,1186724,118672.4,True,Churned
INV004357,10,2024-01-03,2025-05-24,305.0,56.333333333333336,4,523950,52395.0,True,Churned
INV004358,12,2024-02-14,2025-05-15,135.0,41.45454545454545,5,974853,81237.75,True,Churned
INV004359,5,2024-01-28,2025-05-16,346.0,118.5,2,1211659,242331.8,True,Churned
INV004360,9,2024-02-14,2025-05-27,144.0,58.5,5,1177476,130830.66666666667,True,Churned
INV004361,10,2024-01-30,2025-04-05,124.0,47.888888888888886,5,899317,89931.7,True,Churned
INV004362,11,2024-03-23,2025-05-15,155.0,41.8,4,1324874,120443.09090909091,True,Churned
INV004363,10,2024-01-11,2025-05-05,202.0,53.333333333333336,4,1515632,151563.2,True,Churned
INV004364,10,2024-02-10,2025-03-19,173.0,44.77777777777778,3,1273821,127382.1,True,Churned
INV004365,12,2024-02-19,2025-05-24,109.0,41.81818181818182,6,1569977,130831.41666666667,True,Churned
INV004366,8,2024-06-14,2025-04-22,79.0,44.57142857142857,5,839938,104992.25,True,High Risk
INV004367,7,2024-02-01,2025-05-23,194.0,79.5,3,219613,31373.285714285714,True,Churned
INV004368,6,2024-04-19,2025-03-09,182.0,64.8,4,155074,25845.666666666668,True,Churned
INV004369,9,2024-05-07,2025-05-09,149.0,45.875,3,1254711,139412.33333333334,True,Churned
INV004370,3,2024-10-07,2024-12-25,50.0,39.5,1,794015,264671.6666666667,True,At Risk
INV004371,4,2024-04-29,2025-04-15,242.0,117.0,2,590062,147515.5,True,Churned
INV004372,12,2024-01-26,2025-02-02,136.0,33.90909090909091,3,914553,76212.75,True,Churned
INV004373,1,2025-02-09,2025-02-09,,,0,53163,53163.0,False,New
INV004374,10,2024-02-03,2025-05-30,128.0,53.55555555555556,6,1650253,165025.3,True,Churned
INV004375,6,2024-02-03,2025-03-27,166.0,83.6,3,652518,108753.0,True,Churned
INV004376,12,2024-03-08,2025-05-19,145.0,39.72727272727273,5,2187828,182319.0,True,Churned
INV004377,5,2024-03-06,2025-02-25,166.0,89.0,3,319309,63861.8,True,Churned
INV004378,7,2024-01-15,2025-05-16,212.0,81.16666666666667,6,1262031,180290.14285714287,True,Churned
INV004379,8,2024-02-20,2025-03-21,110.0,56.42857142857143,4,1116637,139579.625,True,Churned
INV004380,6,2024-01-09,2025-05-07,212.0,96.8,4,548632,91438.66666666667,True,Churned
INV004381,7,2024-02-16,2025-04-13,142.0,70.33333333333333,5,511801,73114.42857142857,True,Churned
INV004382,2,2024-08-22,2025-05-10,261.0,261.0,1,7866,3933.0,True,Churned
INV004383,1,2024-06-23,2024-06-23,,,0,8302,8302.0,False,New
INV004384,9,2024-01-10,2025-03-07,143.0,52.75,4,1498088,166454.22222222222,True,Churned
INV004385,1,2024-04-25,2024-04-25,,,0,53072,53072.0,False,New
INV004386,3,2024-10-30,2025-03-02,73.0,61.5,2,354897,118299.0,True,High Risk
INV004387,4,2024-04-18,2025-03-25,160.0,113.66666666666667,3,660532,165133.0,True,Churned
INV004388,12,2024-01-11,2025-04-25,163.0,42.72727272727273,3,2104186,175348.83333333334,True,Churned
INV004389,3,2024-11-08,2025-01-01,33.0,27.0,0,636616,212205.33333333334,False,Active
INV004390,4,2024-03-20,2025-04-23,319.0,133.0,2,942735,235683.75,True,Churned
INV004391,7,2024-01-03,2024-10-23,96.0,49.0,4,511822,73117.42857142857,True,Churned
INV004392,10,2024-01-30,2025-04-26,99.0,50.22222222222222,6,701199,70119.9,True,Churned
INV004393,7,2024-08-11,2025-05-13,164.0,45.833333333333336,3,1253163,179023.2857142857,True,Churned
INV004394,4,2024-04-18,2025-04-18,192.0,121.66666666666667,3,133413,33353.25,True,Churned
INV004395,2,2025-01-16,2025-05-09,113.0,113.0,1,151502,75751.0,True,Churned
INV004396,1,2025-01-10,2025-01-10,,,0,242810,242810.0,False,New
INV004397,1,2024-01-18,2024-01-18,,,0,210482,210482.0,False,New
INV004398,6,2024-02-20,2025-05-30,177.0,93.0,4,923978,153996.33333333334,True,Churned
INV004399,3,2024-08-28,2025-05-04,145.0,124.5,2,757420,252473.33333333334,True,Churned
INV004400,11,2024-01-05,2025-01-29,97.0,39.0,5,1421229,129202.63636363637,True,Churned
INV004401,9,2024-01-12,2025-05-15,125.0,61.125,4,408970,45441.11111111111,True,Churned
INV004402,3,2024-05-26,2025-05-07,201.0,173.0,2,259333,86444.33333333333,True,Churned
INV004403,10,2024-02-08,2025-03-24,150.0,45.55555555555556,5,1357980,135798.0,True,Churned
INV004404,4,2024-04-19,2025-03-10,160.0,108.33333333333333,3,700162,175040.5,True,Churned
INV004405,1,2024-07-01,2024-07-01,,,0,496031,496031.0,False,New
INV004406,3,2024-04-02,2024-08-28,99.0,74.0,2,121967,40655.666666666664,True,Churned
INV004407,7,2024-01-31,2024-10-18,125.0,43.5,3,702691,100384.42857142857,True,Churned
INV004408,7,2024-01-19,2025-02-04,111.0,63.666666666666664,5,1171482,167354.57142857142,True,Churned
INV004409,1,2024-02-17,2024-02-17,,,0,80706,80706.0,False,New
INV004410,12,2024-03-02,2025-04-15,113.0,37.18181818181818,4,484344,40362.0,True,Churned
INV004411,9,2024-02-03,2025-04-05,111.0,53.375,4,1077719,119746.55555555556,True,Churned
INV004412,8,2024-01-06,2025-05-14,158.0,70.57142857142857,4,143230,17903.75,True,Churned
INV004413,11,2024-01-29,2025-05-26,113.0,48.3,5,847375,77034.09090909091,True,Churned
INV004414,10,2024-01-02,2025-01-13,176.0,41.888888888888886,3,524610,52461.0,True,Churned
INV004415,3,2024-03-06,2024-12-01,250.0,135.0,1,250610,83536.66666666667,True,Churned
INV004416,1,2024-05-24,2024-05-24,,,0,4257,4257.0,False,New
INV004417,4,2024-09-13,2025-05-21,189.0,83.33333333333333,2,753491,188372.75,True,Churned
INV004418,7,2024-08-14,2025-04-08,103.0,39.5,2,485635,69376.42857142857,True,Churned
INV004419,3,2024-06-11,2024-11-14,123.0,78.0,1,929353,309784.3333333333,True,Churned
INV004420,5,2024-02-16,2025-04-26,209.0,108.75,4,68654,13730.8,True,Churned
INV004421,9,2024-01-17,2025-04-15,187.0,56.75,5,438018,48668.666666666664,True,Churned
INV004422,2,2024-02-05,2025-05-08,458.0,458.0,1,408380,204190.0,True,Churned
INV004423,2,2024-02-14,2024-04-22,68.0,68.0,1,392760,196380.0,True,High Risk
INV004424,2,2024-04-05,2024-07-15,101.0,101.0,1,7861,3930.5,True,Churned
INV004425,4,2024-05-21,2025-04-14,154.0,109.33333333333333,3,259754,64938.5,True,Churned
INV004426,4,2024-01-16,2024-10-02,143.0,86.66666666666667,3,110356,27589.0,True,Churned
INV004427,12,2024-01-07,2025-05-29,125.0,46.18181818181818,5,342958,28579.833333333332,True,Churned
INV004428,11,2024-03-11,2025-03-19,119.0,37.3,4,1181844,107440.36363636363,True,Churned
INV004429,2,2024-12-02,2024-12-19,17.0,17.0,0,247304,123652.0,False,Active
INV004430,2,2024-10-28,2025-02-27,122.0,122.0,1,63225,31612.5,True,Churned
INV004431,1,2024-01-10,2024-01-10,,,0,35842,35842.0,False,New
INV004432,3,2024-05-20,2025-05-09,184.0,177.0,2,678369,226123.0,True,Churned
INV004433,2,2024-05-28,2024-08-05,69.0,69.0,1,245358,122679.0,True,High Risk
INV004434,12,2024-01-10,2025-05-27,92.0,45.72727272727273,6,1582842,131903.5,True,Churned
INV004435,4,2024-04-30,2025-05-23,241.0,129.33333333333334,3,614221,153555.25,True,Churned
INV004436,8,2024-04-25,2025-05-07,108.0,53.857142857142854,4,1055410,131926.25,True,Churned
INV004437,8,2024-03-21,2025-03-15,103.0,51.285714285714285,4,2093417,261677.125,True,Churned
INV004438,2,2024-08-10,2024-11-07,89.0,89.0,1,24578,12289.0,True,High Risk
INV004439,6,2024-01-29,2024-11-13,122.0,57.8,2,662448,110408.0,True,Churned
INV004440,6,2024-05-30,2025-05-04,295.0,67.8,2,358808,59801.333333333336,True,Churned
INV004441,5,2024-01-10,2025-01-13,199.0,92.25,3,62582,12516.4,True,Churned
INV004442,11,2024-02-23,2025-04-14,157.0,41.6,4,2000820,181892.72727272726,True,Churned
INV004443,11,2024-03-04,2025-04-28,111.0,42.0,4,1919828,174529.81818181818,True,Churned
INV004444,3,2024-09-24,2024-11-11,28.0,24.0,0,558647,186215.66666666666,False,Active
INV004445,6,2024-03-18,2025-05-18,249.0,85.2,3,1017751,169625.16666666666,True,Churned
INV004446,11,2024-01-16,2025-04-11,122.0,45.1,5,812785,73889.54545454546,True,Churned
INV004447,10,2024-02-18,2024-12-13,66.0,33.22222222222222,4,1029931,102993.1,True,High Risk
INV004448,8,2024-02-03,2025-01-13,164.0,49.285714285714285,3,922285,115285.625,True,Churned
INV004449,4,2024-03-04,2024-11-19,194.0,86.66666666666667,2,14561,3640.25,True,Churned
INV004450,12,2024-01-08,2025-01-15,100.0,33.90909090909091,3,1699827,141652.25,True,Churned
INV004451,8,2024-03-30,2025-05-27,137.0,60.42857142857143,4,243754,30469.25,True,Churned
INV004452,11,2024-01-05,2025-05-05,134.0,48.6,4,1374073,124915.72727272728,True,Churned
INV004453,5,2024-10-30,2025-05-27,98.0,52.25,2,718456,143691.2,True,Churned
INV004454,11,2024-01-24,2025-05-30,101.0,49.2,7,1808336,164394.18181818182,True,Churned
INV004455,12,2024-04-19,2025-04-21,105.0,33.36363636363637,4,1998798,166566.5,True,Churned
INV004456,2,2024-03-04,2024-08-13,162.0,162.0,1,49102,24551.0,True,Churned
INV004457,11,2024-01-29,2025-05-20,188.0,47.7,5,1630499,148227.18181818182,True,Churned
INV004458,6,2024-09-02,2025-01-27,87.0,29.4,1,1393899,232316.5,True,High Risk
INV004459,11,2024-02-01,2025-03-02,92.0,39.5,6,841499,76499.90909090909,True,Churned
INV004460,11,2024-01-23,2024-12-28,93.0,34.0,3,422217,38383.36363636364,True,Churned
INV004461,9,2024-05-13,2025-01-27,52.0,32.375,5,1445017,160557.44444444444,True,At Risk
INV004462,3,2024-04-18,2025-05-30,341.0,203.5,2,57249,19083.0,True,Churned
INV004463,10,2024-01-18,2025-05-06,211.0,52.666666666666664,3,1115800,111580.0,True,Churned
INV004464,8,2024-02-21,2025-03-02,142.0,53.57142857142857,4,623631,77953.875,True,Churned
INV004465,11,2024-01-30,2025-04-22,109.0,44.8,4,816324,74211.27272727272,True,Churned
INV004466,10,2024-01-29,2025-05-05,166.0,51.333333333333336,4,1733174,173317.4,True,Churned
INV004467,8,2024-01-15,2024-12-20,235.0,48.57142857142857,2,834394,104299.25,True,Churned
INV004468,9,2024-02-11,2025-05-17,128.0,57.625,5,552875,61430.555555555555,True,Churned
INV004469,3,2024-04-28,2025-04-08,174.0,172.5,2,206958,68986.0,True,Churned
INV004470,1,2025-01-11,2025-01-11,,,0,108088,108088.0,False,New
INV004471,4,2024-02-04,2025-04-23,254.0,148.0,3,20376,5094.0,True,Churned
INV004472,11,2024-01-05,2025-05-18,145.0,49.9,5,883740,80340.0,True,Churned
INV004473,10,2024-01-21,2025-04-05,93.0,48.888888888888886,7,553762,55376.2,True,Churned
INV004474,7,2024-02-06,2025-03-12,190.0,66.66666666666667,4,374111,53444.42857142857,True,Churned
INV004475,11,2024-04-05,2025-05-17,87.0,40.7,6,954423,86765.72727272728,True,High Risk
INV004476,9,2024-02-11,2025-05-10,126.0,56.75,5,714123,79347.0,True,Churned
INV004477,10,2024-04-06,2025-05-22,96.0,45.666666666666664,5,628769,62876.9,True,Churned
INV004478,3,2024-01-05,2024-08-07,198.0,107.5,1,937295,312431.6666666667,True,Churned
INV004479,5,2024-04-14,2025-01-23,177.0,71.0,2,126983,25396.6,True,Churned
INV004480,1,2024-12-14,2024-12-14,,,0,2048,2048.0,False,New
INV004481,9,2024-07-11,2025-03-22,66.0,31.75,3,1069905,118878.33333333333,True,High Risk
INV004482,8,2024-01-14,2025-05-20,225.0,70.28571428571429,4,1080314,135039.25,True,Churned
INV004483,6,2024-02-11,2025-04-04,345.0,83.6,1,997574,166262.33333333334,True,Churned
INV004484,10,2024-04-19,2025-03-02,134.0,35.22222222222222,3,1187083,118708.3,True,Churned
INV004485,5,2024-07-30,2025-03-15,130.0,57.0,2,449117,89823.4,True,Churned
INV004486,6,2024-04-22,2025-05-12,190.0,77.0,3,1010601,168433.5,True,Churned
INV004487,7,2024-10-25,2025-02-20,46.0,19.666666666666668,1,1599960,228565.7142857143,True,At Risk
INV004488,5,2024-02-14,2025-05-06,295.0,111.75,3,47070,9414.0,True,Churned
INV004489,5,2024-03-06,2024-11-20,188.0,64.75,2,585919,117183.8,True,Churned
INV004490,5,2024-01-16,2024-10-28,130.0,71.5,3,327362,65472.4,True,Churned
INV004491,5,2024-02-10,2025-05-29,189.0,118.5,4,908386,181677.2,True,Churned
INV004492,7,2024-04-29,2025-05-02,128.0,61.333333333333336,3,555512,79358.85714285714,True,Churned
INV004493,11,2024-01-08,2025-05-25,116.0,50.3,6,1847054,167914.0,True,Churned
INV004494,4,2024-03-11,2025-05-11,376.0,142.0,2,270632,67658.0,True,Churned
INV004495,8,2024-01-14,2025-05-02,159.0,67.71428571428571,5,915072,114384.0,True,Churned
INV004496,11,2024-01-15,2025-05-26,138.0,49.7,5,1753950,159450.0,True,Churned
INV004497,12,2024-01-06,2025-05-22,131.0,45.63636363636363,4,1695293,141274.41666666666,True,Churned
INV004498,7,2024-01-07,2025-04-09,136.0,76.33333333333333,4,482390,68912.85714285714,True,Churned
INV004499,1,2024-08-15,2024-08-15,,,0,451088,451088.0,False,New
INV004500,5,2024-05-10,2025-03-10,190.0,76.0,2,1253486,250697.2,True,Churned
INV004501,2,2024-12-13,2024-12-31,18.0,18.0,0,63824,31912.0,False,Active
INV004502,11,2024-01-02,2025-03-24,94.0,44.7,6,1153295,104845.0,True,Churned
INV004503,2,2024-07-24,2024-09-10,48.0,48.0,1,39450,19725.0,True,At Risk
INV004504,10,2024-02-21,2025-03-13,160.0,42.888888888888886,4,916987,91698.7,True,Churned
INV004505,11,2024-02-18,2025-04-23,118.0,43.0,5,1213997,110363.36363636363,True,Churned
INV004506,5,2024-03-18,2025-04-09,186.0,96.75,4,611072,122214.4,True,Churned
INV004507,1,2024-10-28,2024-10-28,,,0,2116,2116.0,False,New
INV004508,11,2024-02-07,2025-04-08,181.0,42.6,3,1661712,151064.72727272726,True,Churned
INV004509,6,2024-01-23,2025-03-06,175.0,81.6,3,525655,87609.16666666667,True,Churned
INV004510,7,2024-01-11,2025-04-27,264.0,78.66666666666667,5,1478126,211160.85714285713,True,Churned
INV004511,7,2024-03-03,2025-04-08,215.0,66.83333333333333,3,191143,27306.14285714286,True,Churned
INV004512,1,2025-04-14,2025-04-14,,,0,4709,4709.0,False,New
INV004513,10,2024-01-09,2025-05-04,169.0,53.44444444444444,4,1529551,152955.1,True,Churned
INV004514,6,2024-01-02,2025-03-01,213.0,84.8,4,408857,68142.83333333333,True,Churned
INV004515,8,2024-03-07,2025-02-21,119.0,50.142857142857146,4,1254594,156824.25,True,Churned
INV004516,5,2024-01-02,2025-05-10,201.0,123.5,3,419462,83892.4,True,Churned
INV004517,8,2024-02-03,2025-04-11,160.0,61.857142857142854,5,819629,102453.625,True,Churned
INV004518,7,2024-02-03,2025-04-03,115.0,70.83333333333333,4,378413,54059.0,True,Churned
INV004519,7,2024-03-01,2025-04-17,209.0,68.66666666666667,3,1319572,188510.2857142857,True,Churned
INV004520,7,2024-04-27,2025-05-22,188.0,65.0,2,825770,117967.14285714286,True,Churned
INV004521,12,2024-04-04,2025-04-02,76.0,33.0,4,1496071,124672.58333333333,True,High Risk
INV004522,6,2024-02-12,2025-05-26,174.0,93.8,3,1418283,236380.5,True,Churned
INV004523,10,2024-02-26,2025-05-07,107.0,48.44444444444444,4,1131920,113192.0,True,Churned
INV004524,4,2024-01-18,2025-04-07,361.0,148.33333333333334,2,753265,188316.25,True,Churned
INV004525,4,2024-03-08,2025-03-05,152.0,120.66666666666667,3,749764,187441.0,True,Churned
INV004526,10,2024-01-31,2025-01-06,173.0,37.888888888888886,3,1197242,119724.2,True,Churned
INV004527,9,2024-02-09,2025-03-22,161.0,50.875,5,1079597,119955.22222222222,True,Churned
INV004528,7,2024-07-01,2025-05-21,149.0,54.0,3,138706,19815.14285714286,True,Churned
INV004529,8,2024-02-16,2025-05-21,176.0,65.71428571428571,4,965533,120691.625,True,Churned
INV004530,4,2024-03-09,2024-07-23,66.0,45.333333333333336,2,562405,140601.25,True,High Risk
INV004531,10,2024-02-27,2025-04-30,159.0,47.55555555555556,4,548416,54841.6,True,Churned
INV004532,2,2025-03-08,2025-05-06,59.0,59.0,1,277701,138850.5,True,At Risk
INV004533,8,2024-04-10,2025-04-21,118.0,53.714285714285715,5,431626,53953.25,True,Churned
INV004534,9,2024-01-13,2025-02-11,118.0,49.375,5,601022,66780.22222222222,True,Churned
INV004535,2,2024-02-06,2025-04-27,446.0,446.0,1,43363,21681.5,True,Churned
INV004536,2,2024-03-13,2024-06-11,90.0,90.0,1,77635,38817.5,True,High Risk
INV004537,4,2024-05-23,2025-01-21,162.0,81.0,2,533928,133482.0,True,Churned
INV004538,1,2024-06-03,2024-06-03,,,0,3436,3436.0,False,New
INV004539,4,2024-01-14,2024-06-24,88.0,54.0,2,780682,195170.5,True,High Risk
INV004540,12,2024-01-28,2025-01-30,77.0,33.45454545454545,5,1559804,129983.66666666667,True,High Risk
INV004541,1,2024-03-24,2024-03-24,,,0,2645,2645.0,False,New
INV004542,11,2024-02-14,2025-01-05,59.0,32.6,6,1432222,130202.0,True,At Risk
INV004543,3,2024-07-31,2025-04-14,225.0,128.5,1,95022,31674.0,True,Churned
INV004544,9,2024-01-03,2025-01-28,147.0,48.875,4,1706696,189632.88888888888,True,Churned
INV004545,7,2024-02-05,2024-10-14,72.0,42.0,3,1006077,143725.2857142857,True,High Risk
INV004546,5,2024-01-26,2025-03-13,167.0,103.0,3,96956,19391.2,True,Churned
INV004547,11,2024-04-04,2025-05-20,165.0,41.1,3,1820145,165467.72727272726,True,Churned
INV004548,6,2024-01-01,2025-05-14,290.0,99.8,3,1061900,176983.33333333334,True,Churned
INV004549,6,2024-01-15,2024-12-19,163.0,67.8,3,86528,14421.333333333334,True,Churned
INV004550,1,2024-09-12,2024-09-12,,,0,284417,284417.0,False,New
INV004551,9,2024-05-10,2025-05-19,108.0,46.75,3,1216353,135150.33333333334,True,Churned
INV004552,2,2024-02-27,2024-12-29,306.0,306.0,1,214341,107170.5,True,Churned
INV004553,9,2024-02-04,2025-04-28,120.0,56.125,4,1250883,138987.0,True,Churned
INV004554,4,2024-10-12,2025-03-31,113.0,56.666666666666664,2,943211,235802.75,True,Churned
INV004555,10,2024-04-20,2025-05-03,151.0,42.0,5,392122,39212.2,True,Churned
INV004556,2,2024-04-29,2025-02-01,278.0,278.0,1,295967,147983.5,True,Churned
INV004557,5,2024-03-09,2025-05-15,172.0,108.0,4,203164,40632.8,True,Churned
INV004558,4,2024-05-01,2025-02-16,258.0,97.0,1,639125,159781.25,True,Churned
INV004559,3,2024-04-27,2025-04-08,278.0,173.0,2,795341,265113.6666666667,True,Churned
INV004560,10,2024-02-26,2025-03-19,72.0,43.0,6,213520,21352.0,True,High Risk
INV004561,3,2024-01-20,2025-01-27,360.0,186.5,1,11520,3840.0,True,Churned
INV004562,9,2024-01-03,2025-02-25,137.0,52.375,5,1174298,130477.55555555556,True,Churned
INV004563,10,2024-01-04,2025-05-21,211.0,55.888888888888886,5,1009125,100912.5,True,Churned
INV004564,2,2024-05-26,2025-05-17,356.0,356.0,1,107377,53688.5,True,Churned
INV004565,7,2024-01-21,2025-05-02,198.0,77.83333333333333,4,1815703,259386.14285714287,True,Churned
INV004566,5,2024-06-24,2025-04-26,114.0,76.5,3,446712,89342.4,True,Churned
INV004567,7,2024-01-02,2025-04-04,309.0,76.33333333333333,2,716596,102370.85714285714,True,Churned
INV004568,5,2024-09-16,2025-05-12,133.0,59.5,2,662519,132503.8,True,Churned
INV004569,3,2024-03-11,2024-11-12,159.0,123.0,2,848167,282722.3333333333,True,Churned
INV004570,3,2024-01-31,2024-08-13,186.0,97.5,1,49396,16465.333333333332,True,Churned
INV004571,1,2024-12-04,2024-12-04,,,0,330657,330657.0,False,New
INV004572,1,2024-08-27,2024-08-27,,,0,16694,16694.0,False,New
INV004573,5,2024-06-02,2024-12-28,104.0,52.25,2,28264,5652.8,True,Churned
INV004574,12,2024-03-03,2025-04-09,87.0,36.54545454545455,5,921702,76808.5,True,High Risk
INV004575,3,2024-04-30,2025-03-26,204.0,165.0,2,472040,157346.66666666666,True,Churned
INV004576,8,2024-01-07,2025-03-08,132.0,60.857142857142854,4,609972,76246.5,True,Churned
INV004577,1,2024-10-25,2024-10-25,,,0,58369,58369.0,False,New
INV004578,6,2024-05-03,2025-02-19,108.0,58.4,4,661761,110293.5,True,Churned
INV004579,11,2024-03-24,2025-01-28,77.0,31.0,4,530141,48194.63636363636,True,High Risk
INV004580,1,2024-11-03,2024-11-03,,,0,5856,5856.0,False,New
INV004581,9,2024-01-03,2025-05-22,119.0,63.125,6,272081,30231.222222222223,True,Churned
INV004582,11,2024-01-02,2025-05-21,156.0,50.5,5,2000509,181864.45454545456,True,Churned
INV004583,7,2024-01-28,2025-05-14,148.0,78.66666666666667,5,1161551,165935.85714285713,True,Churned
INV004584,9,2024-08-20,2025-05-21,85.0,34.25,4,1609588,178843.11111111112,True,High Risk
INV004585,5,2024-02-02,2025-04-04,181.0,106.75,3,211447,42289.4,True,Churned
INV004586,2,2024-06-12,2024-08-22,71.0,71.0,1,233100,116550.0,True,High Risk
INV004587,7,2024-02-03,2025-04-09,179.0,71.83333333333333,3,2059023,294146.14285714284,True,Churned
INV004588,3,2024-01-10,2024-11-07,222.0,151.0,2,600160,200053.33333333334,True,Churned
INV004589,10,2024-01-28,2025-03-29,140.0,47.333333333333336,4,1207302,120730.2,True,Churned
INV004590,2,2024-01-27,2024-08-18,204.0,204.0,1,421829,210914.5,True,Churned
INV004591,9,2024-04-02,2025-04-25,163.0,48.5,3,1951005,216778.33333333334,True,Churned
INV004592,9,2024-03-22,2025-03-23,115.0,45.75,5,606640,67404.44444444444,True,Churned
INV004593,11,2024-01-04,2025-04-28,125.0,48.0,4,1494323,135847.54545454544,True,Churned
INV004594,12,2024-01-06,2025-04-26,122.0,43.27272727272727,4,1392851,116070.91666666667,True,Churned
INV004595,9,2024-04-29,2025-02-22,136.0,37.375,3,878756,97639.55555555556,True,Churned
INV004596,5,2024-07-13,2025-04-14,111.0,68.75,4,214856,42971.2,True,Churned
INV004597,1,2024-11-01,2024-11-01,,,0,11959,11959.0,False,New
INV004598,12,2024-02-05,2025-04-01,129.0,38.27272727272727,4,1679058,139921.5,True,Churned
INV004599,3,2024-07-12,2025-02-21,214.0,112.0,1,593442,197814.0,True,Churned
INV004600,11,2024-01-10,2025-05-08,116.0,48.4,6,1378135,125285.0,True,Churned
INV004601,4,2024-01-18,2025-04-29,329.0,155.66666666666666,2,1022856,255714.0,True,Churned
INV004602,12,2024-01-04,2025-04-25,191.0,43.36363636363637,3,326765,27230.416666666668,True,Churned
INV004603,1,2025-03-30,2025-03-30,,,0,12698,12698.0,False,New
INV004604,5,2024-06-05,2025-03-11,197.0,69.75,2,36401,7280.2,True,Churned
INV004605,11,2024-01-16,2025-05-23,105.0,49.3,7,2882975,262088.63636363635,True,Churned
INV004606,8,2024-06-25,2025-04-24,84.0,43.285714285714285,6,834714,104339.25,True,High Risk
INV004607,9,2024-03-06,2025-04-02,164.0,49.0,3,354226,39358.444444444445,True,Churned
INV004608,10,2024-02-04,2025-02-23,96.0,42.77777777777778,5,693042,69304.2,True,Churned
INV004609,6,2024-01-08,2025-02-20,172.0,81.8,4,160014,26669.0,True,Churned
INV004610,3,2024-06-08,2025-04-22,231.0,159.0,2,867914,289304.6666666667,True,Churned
INV004611,11,2024-02-11,2025-01-10,134.0,33.4,2,979348,89031.63636363637,True,Churned
INV004612,2,2024-05-06,2024-10-22,169.0,169.0,1,330658,165329.0,True,Churned
INV004613,1,2025-01-09,2025-01-09,,,0,224955,224955.0,False,New
INV004614,9,2024-03-09,2025-04-11,110.0,49.75,5,731020,81224.44444444444,True,Churned
INV004615,2,2024-04-26,2025-05-14,383.0,383.0,1,1579,789.5,True,Churned
INV004616,8,2024-01-15,2025-05-15,158.0,69.42857142857143,4,732519,91564.875,True,Churned
INV004617,12,2024-02-02,2025-05-22,90.0,43.18181818181818,5,793775,66147.91666666667,True,High Risk
INV004618,2,2024-06-27,2024-08-23,57.0,57.0,1,152275,76137.5,True,At Risk
INV004619,10,2024-03-20,2025-05-05,114.0,45.666666666666664,4,1420122,142012.2,True,Churned
INV004620,2,2024-02-18,2024-09-01,196.0,196.0,1,3860,1930.0,True,Churned
INV004621,12,2024-01-13,2025-03-22,125.0,39.45454545454545,5,888515,74042.91666666667,True,Churned
INV004622,5,2024-02-09,2025-05-25,236.0,117.75,3,318000,63600.0,True,Churned
INV004623,6,2024-05-14,2025-03-18,122.0,61.6,3,706095,117682.5,True,Churned
INV004624,1,2024-05-11,2024-05-11,,,0,2564,2564.0,False,New
INV004625,11,2024-02-03,2025-05-30,114.0,48.2,6,973283,88480.27272727272,True,Churned
INV004626,6,2024-04-17,2025-04-13,294.0,72.2,1,1080856,180142.66666666666,True,Churned
INV004627,9,2024-02-29,2025-03-24,141.0,48.625,3,902577,100286.33333333333,True,Churned
INV004628,1,2025-04-07,2025-04-07,,,0,3259,3259.0,False,New
INV004629,12,2024-01-19,2025-04-15,175.0,41.09090909090909,4,1382676,115223.0,True,Churned
INV004630,12,2024-01-17,2025-02-25,95.0,36.81818181818182,6,360089,30007.416666666668,True,Churned
INV004631,11,2024-01-24,2025-05-08,108.0,47.0,5,533673,48515.72727272727,True,Churned
INV004632,5,2024-01-13,2025-05-07,193.0,120.0,4,261324,52264.8,True,Churned
INV004633,12,2024-01-03,2025-05-13,189.0,45.09090909090909,5,1255819,104651.58333333333,True,Churned
INV004634,6,2024-01-23,2024-12-16,141.0,65.6,3,515733,85955.5,True,Churned
INV004635,9,2024-03-07,2025-02-22,141.0,44.0,4,418031,46447.88888888889,True,Churned
INV004636,11,2024-01-22,2025-03-10,138.0,41.3,4,1149651,104513.72727272728,True,Churned
INV004637,4,2024-01-29,2025-02-26,193.0,131.33333333333334,2,469385,117346.25,True,Churned
INV004638,11,2024-01-09,2025-03-15,87.0,43.1,6,950906,86446.0,True,High Risk
INV004639,8,2024-01-07,2025-02-15,161.0,57.857142857142854,5,1856350,232043.75,True,Churned
INV004640,11,2024-03-14,2025-05-10,174.0,42.2,3,1331991,121090.09090909091,True,Churned
INV004641,10,2024-02-13,2025-01-17,99.0,37.666666666666664,4,799766,79976.6,True,Churned
INV004642,7,2024-02-23,2025-03-24,232.0,65.83333333333333,2,361161,51594.42857142857,True,Churned
INV004643,9,2024-02-09,2024-12-01,101.0,37.0,3,1363962,151551.33333333334,True,Churned
INV004644,5,2024-04-13,2024-10-28,102.0,49.5,3,915403,183080.6,True,Churned
INV004645,3,2024-04-30,2025-02-21,286.0,148.5,1,418325,139441.66666666666,True,Churned
INV004646,9,2024-04-03,2025-04-25,138.0,48.375,3,491186,54576.22222222222,True,Churned
INV004647,9,2024-01-08,2025-03-22,138.0,54.875,3,485138,53904.22222222222,True,Churned
INV004648,7,2024-01-01,2024-08-26,83.0,39.666666666666664,3,833601,119085.85714285714,True,High Risk
INV004649,4,2024-04-04,2025-03-31,260.0,120.33333333333333,3,549973,137493.25,True,Churned
INV004650,10,2024-02-06,2025-03-16,143.0,44.888888888888886,4,958629,95862.9,True,Churned
INV004651,10,2024-03-10,2025-05-14,103.0,47.77777777777778,6,1587879,158787.9,True,Churned
INV004652,3,2024-01-28,2024-05-17,91.0,55.0,1,312077,104025.66666666667,True,Churned
INV004653,8,2024-01-13,2025-05-20,262.0,70.42857142857143,4,2005609,250701.125,True,Churned
INV004654,8,2024-02-23,2025-05-21,170.0,64.71428571428571,4,917603,114700.375,True,Churned
INV004655,8,2024-02-15,2025-03-18,147.0,56.714285714285715,3,768613,96076.625,True,Churned
INV004656,7,2024-01-02,2025-04-29,234.0,80.5,3,1150039,164291.2857142857,True,Churned
INV004657,3,2024-06-15,2025-03-31,207.0,144.5,2,925278,308426.0,True,Churned
INV004658,1,2024-01-02,2024-01-02,,,0,17258,17258.0,False,New
INV004659,9,2024-02-07,2025-01-24,81.0,44.0,4,1327466,147496.22222222222,True,High Risk
INV004660,7,2024-02-25,2025-05-03,232.0,72.16666666666667,3,1041395,148770.7142857143,True,Churned
INV004661,11,2024-01-21,2025-05-23,181.0,48.8,6,1082477,98407.0,True,Churned
INV004662,2,2024-04-24,2024-10-25,184.0,184.0,1,112221,56110.5,True,Churned
INV004663,2,2025-05-23,2025-05-28,5.0,5.0,0,428171,214085.5,False,Active
INV004664,7,2024-04-06,2025-04-18,182.0,62.833333333333336,4,934669,133524.14285714287,True,Churned
INV004665,10,2024-02-29,2025-04-21,137.0,46.333333333333336,3,1363906,136390.6,True,Churned
INV004666,6,2024-02-11,2025-01-27,116.0,70.2,4,1812092,302015.3333333333,True,Churned
INV004667,4,2024-04-20,2025-01-31,155.0,95.33333333333333,2,145138,36284.5,True,Churned
INV004668,4,2024-02-16,2025-04-26,214.0,145.0,3,566705,141676.25,True,Churned
INV004669,6,2024-03-04,2024-12-21,148.0,58.4,3,695444,115907.33333333333,True,Churned
INV004670,1,2025-02-03,2025-02-03,,,0,27277,27277.0,False,New
INV004671,1,2024-11-03,2024-11-03,,,0,81282,81282.0,False,New
INV004672,11,2024-01-09,2025-03-28,91.0,44.4,5,1153769,104888.09090909091,True,Churned
INV004673,8,2024-02-25,2025-01-13,127.0,46.142857142857146,3,1089042,136130.25,True,Churned
INV004674,3,2024-04-04,2024-12-20,255.0,130.0,1,324077,108025.66666666667,True,Churned
INV004675,1,2024-07-21,2024-07-21,,,0,515,515.0,False,New
INV004676,3,2024-06-04,2025-03-18,255.0,143.5,1,233068,77689.33333333333,True,Churned
INV004677,5,2024-01-18,2025-04-10,255.0,112.0,4,468918,93783.6,True,Churned
INV004678,7,2024-01-19,2025-05-29,184.0,82.66666666666667,6,670944,95849.14285714286,True,Churned
INV004679,5,2024-03-08,2025-05-22,237.0,110.0,3,129804,25960.8,True,Churned
INV004680,8,2024-07-07,2025-04-16,155.0,40.42857142857143,2,299927,37490.875,True,Churned
INV004681,4,2024-03-13,2025-03-02,331.0,118.0,1,380966,95241.5,True,Churned
INV004682,11,2024-01-04,2024-12-07,83.0,33.8,5,814169,74015.36363636363,True,High Risk
INV004683,2,2024-01-28,2024-10-07,253.0,253.0,1,33711,16855.5,True,Churned
INV004684,3,2024-01-20,2025-02-25,263.0,201.0,2,47338,15779.333333333334,True,Churned
INV004685,1,2025-04-22,2025-04-22,,,0,544,544.0,False,New
INV004686,4,2024-12-10,2025-04-09,97.0,40.0,1,848421,212105.25,True,Churned
INV004687,6,2024-06-28,2025-05-04,94.0,62.0,4,643945,107324.16666666667,True,Churned
INV004688,10,2024-01-04,2025-02-12,181.0,45.0,4,1520900,152090.0,True,Churned
INV004689,7,2024-06-24,2025-04-08,89.0,48.0,4,1055229,150747.0,True,High Risk
INV004690,1,2024-10-22,2024-10-22,,,0,2666,2666.0,False,New
INV004691,9,2024-01-01,2025-03-11,139.0,54.375,3,1846520,205168.88888888888,True,Churned
INV004692,12,2024-01-22,2025-05-29,172.0,44.81818181818182,5,2189557,182463.08333333334,True,Churned
INV004693,8,2024-03-20,2025-05-08,161.0,59.142857142857146,3,739176,92397.0,True,Churned
INV004694,7,2024-02-13,2025-04-27,241.0,73.16666666666667,3,210503,30071.85714285714,True,Churned
INV004695,10,2024-01-16,2025-05-28,175.0,55.333333333333336,4,1447070,144707.0,True,Churned
INV004696,5,2024-02-19,2024-11-26,245.0,70.25,1,466350,93270.0,True,Churned
INV004697,3,2024-02-09,2025-05-28,326.0,237.0,2,149303,49767.666666666664,True,Churned
INV004698,5,2024-04-10,2025-05-23,328.0,102.0,3,473353,94670.6,True,Churned
INV004699,5,2024-04-26,2025-03-24,137.0,83.0,3,548946,109789.2,True,Churned
INV004700,5,2024-03-21,2025-01-16,148.0,75.25,3,442344,88468.8,True,Churned
INV004701,11,2024-01-16,2025-04-28,188.0,46.8,3,899838,81803.45454545454,True,Churned
INV004702,4,2024-04-29,2025-05-29,185.0,131.66666666666666,3,424030,106007.5,True,Churned
INV004703,5,2024-02-07,2025-04-25,167.0,110.75,4,572584,114516.8,True,Churned
INV004704,12,2024-01-12,2025-04-30,113.0,43.09090909090909,5,1205549,100462.41666666667,True,Churned
INV004705,3,2024-05-26,2024-12-17,148.0,102.5,2,289261,96420.33333333333,True,Churned
INV004706,1,2024-03-25,2024-03-25,,,0,386414,386414.0,False,New
INV004707,1,2025-03-07,2025-03-07,,,0,2783,2783.0,False,New
INV004708,1,2025-02-27,2025-02-27,,,0,36865,36865.0,False,New
INV004709,6,2024-05-15,2025-04-17,164.0,67.4,3,715565,119260.83333333333,True,Churned
INV004710,1,2024-09-19,2024-09-19,,,0,24587,24587.0,False,New
INV004711,9,2024-03-05,2025-05-14,222.0,54.375,3,935437,103937.44444444444,True,Churned
INV004712,11,2024-02-15,2025-02-21,68.0,37.2,5,1381171,125561.0,True,High Risk
INV004713,2,2024-12-11,2025-03-04,83.0,83.0,1,357605,178802.5,True,High Risk
INV004714,2,2024-01-08,2024-07-07,181.0,181.0,1,784505,392252.5,True,Churned
INV004715,8,2024-06-22,2025-05-29,119.0,48.714285714285715,4,251625,31453.125,True,Churned
INV004716,9,2024-03-10,2025-05-28,114.0,55.5,5,642691,71410.11111111111,True,Churned
INV004717,5,2024-01-10,2025-05-19,317.0,123.75,3,525422,105084.4,True,Churned
INV004718,4,2024-01-18,2024-07-28,84.0,64.0,3,585216,146304.0,True,High Risk
INV004719,6,2024-01-11,2024-07-22,59.0,38.6,3,503820,83970.0,True,At Risk
INV004720,8,2024-05-06,2025-05-06,122.0,52.142857142857146,4,1450434,181304.25,True,Churned
INV004721,3,2024-01-25,2025-05-03,379.0,232.0,2,89677,29892.333333333332,True,Churned
INV004722,9,2024-01-26,2025-04-04,163.0,54.25,4,996507,110723.0,True,Churned
INV004723,3,2024-04-02,2024-10-17,167.0,99.0,1,296745,98915.0,True,Churned
INV004724,6,2024-06-18,2025-05-24,127.0,68.0,4,867391,144565.16666666666,True,Churned
INV004725,3,2024-01-19,2024-09-17,122.0,121.0,2,18338,6112.666666666667,True,Churned
INV004726,3,2024-02-10,2025-05-09,327.0,227.0,2,1330380,443460.0,True,Churned
INV004727,2,2024-04-22,2024-11-11,203.0,203.0,1,11936,5968.0,True,Churned
INV004728,3,2024-07-17,2024-12-01,109.0,68.5,1,584295,194765.0,True,Churned
INV004729,5,2024-05-10,2025-05-23,211.0,94.5,3,1423827,284765.4,True,Churned
INV004730,3,2024-07-20,2025-05-13,191.0,148.5,2,370031,123343.66666666667,True,Churned
INV004731,7,2024-05-11,2025-04-10,112.0,55.666666666666664,4,1719737,245676.7142857143,True,Churned
INV004732,1,2025-02-06,2025-02-06,,,0,69352,69352.0,False,New
INV004733,12,2024-01-03,2025-02-19,141.0,37.54545454545455,4,2290878,190906.5,True,Churned
INV004734,7,2024-04-27,2025-05-01,185.0,61.5,4,929324,132760.57142857142,True,Churned
INV004735,6,2024-02-01,2025-05-20,285.0,94.8,4,1139035,189839.16666666666,True,Churned
INV004736,4,2024-03-13,2025-03-01,203.0,117.66666666666667,2,454516,113629.0,True,Churned
INV004737,12,2024-01-20,2025-05-25,113.0,44.63636363636363,5,612964,51080.333333333336,True,Churned
INV004738,11,2024-01-25,2025-05-05,104.0,46.6,5,1398864,127169.45454545454,True,Churned
INV004739,9,2024-01-13,2025-05-06,162.0,59.875,6,1385265,153918.33333333334,True,Churned
INV004740,5,2024-01-28,2025-03-06,262.0,100.75,2,468976,93795.2,True,Churned
INV004741,10,2024-01-09,2025-04-07,157.0,50.44444444444444,4,1212496,121249.6,True,Churned
INV004742,7,2024-03-19,2025-03-18,138.0,60.666666666666664,3,624693,89241.85714285714,True,Churned
INV004743,3,2024-01-05,2025-05-20,413.0,250.5,2,358421,119473.66666666667,True,Churned
INV004744,9,2024-01-18,2025-01-25,123.0,46.625,5,1570939,174548.77777777778,True,Churned
INV004745,8,2024-01-29,2025-02-11,137.0,54.142857142857146,4,1414275,176784.375,True,Churned
INV004746,2,2024-02-14,2025-05-17,458.0,458.0,1,355459,177729.5,True,Churned
INV004747,6,2024-02-16,2025-05-25,151.0,92.8,4,297345,49557.5,True,Churned
INV004748,8,2024-01-29,2025-03-20,123.0,59.42857142857143,4,768889,96111.125,True,Churned
INV004749,4,2024-01-11,2025-02-24,330.0,136.66666666666666,2,729027,182256.75,True,Churned
INV004750,5,2024-01-18,2025-02-26,217.0,101.25,2,314858,62971.6,True,Churned
INV004751,4,2024-02-17,2025-04-28,163.0,145.33333333333334,3,357773,89443.25,True,Churned
INV004752,7,2024-06-14,2025-05-24,164.0,57.333333333333336,3,444922,63560.28571428572,True,Churned
INV004753,11,2024-04-22,2025-05-17,84.0,39.0,5,1022728,92975.27272727272,True,High Risk
INV004754,8,2024-01-07,2025-02-21,133.0,58.714285714285715,5,975325,121915.625,True,Churned
INV004755,10,2024-04-19,2025-04-21,172.0,40.77777777777778,4,1100548,110054.8,True,Churned
INV004756,11,2024-01-26,2025-05-12,94.0,47.2,6,1852576,168416.0,True,Churned
INV004757,1,2025-01-10,2025-01-10,,,0,1189,1189.0,False,New
INV004758,4,2024-05-07,2025-05-15,329.0,124.33333333333333,2,92798,23199.5,True,Churned
INV004759,3,2024-01-22,2025-01-22,196.0,183.0,2,9642,3214.0,True,Churned
INV004760,4,2024-08-11,2025-02-17,126.0,63.333333333333336,2,126328,31582.0,True,Churned
INV004761,10,2024-01-13,2025-01-16,122.0,41.0,3,933937,93393.7,True,Churned
INV004762,1,2024-12-02,2024-12-02,,,0,1177,1177.0,False,New
INV004763,12,2024-01-10,2025-05-25,177.0,45.54545454545455,3,1189654,99137.83333333333,True,Churned
INV004764,11,2024-03-13,2025-05-02,94.0,41.5,6,1056022,96002.0,True,Churned
INV004765,5,2024-02-11,2025-05-02,224.0,111.5,4,574684,114936.8,True,Churned
INV004766,1,2024-01-28,2024-01-28,,,0,801,801.0,False,New
INV004767,5,2024-01-31,2024-12-28,147.0,83.0,3,621077,124215.4,True,Churned
INV004768,4,2024-08-26,2024-10-31,59.0,22.0,1,716396,179099.0,True,At Risk
INV004769,8,2024-04-10,2025-05-18,174.0,57.57142857142857,3,647453,80931.625,True,Churned
INV004770,12,2024-01-01,2025-05-28,94.0,46.63636363636363,8,452701,37725.083333333336,True,Churned
INV004771,7,2024-02-18,2025-05-17,189.0,75.66666666666667,3,661523,94503.28571428571,True,Churned
INV004772,5,2024-08-24,2025-05-25,168.0,68.5,2,469992,93998.4,True,Churned
INV004773,1,2024-04-19,2024-04-19,,,0,476,476.0,False,New
INV004774,9,2024-01-08,2025-03-10,147.0,53.375,4,2171643,241293.66666666666,True,Churned
INV004775,4,2024-01-10,2025-05-03,220.0,159.66666666666666,3,59264,14816.0,True,Churned
INV004776,10,2024-02-11,2025-05-15,145.0,51.0,5,589121,58912.1,True,Churned
INV004777,3,2024-06-14,2025-05-09,265.0,164.5,2,433269,144423.0,True,Churned
INV004778,5,2024-06-04,2025-03-06,155.0,68.75,3,1166722,233344.4,True,Churned
INV004779,3,2024-03-21,2025-03-17,359.0,180.5,1,392890,130963.33333333333,True,Churned
INV004780,12,2024-02-21,2025-05-19,85.0,41.18181818181818,6,982879,81906.58333333333,True,High Risk
INV004781,5,2024-02-28,2025-04-04,140.0,100.25,4,155915,31183.0,True,Churned
INV004782,1,2024-07-25,2024-07-25,,,0,6625,6625.0,False,New
INV004783,4,2024-05-07,2025-03-22,195.0,106.33333333333333,3,990298,247574.5,True,Churned
INV004784,6,2024-01-21,2025-03-20,114.0,84.8,5,445566,74261.0,True,Churned
INV004785,8,2024-01-24,2025-04-03,248.0,62.142857142857146,4,561689,70211.125,True,Churned
INV004786,5,2024-01-26,2025-05-17,211.0,119.25,4,20561,4112.2,True,Churned
INV004787,10,2024-01-20,2025-05-27,118.0,54.77777777777778,6,771152,77115.2,True,Churned
INV004788,3,2024-08-22,2025-04-28,150.0,124.5,2,455747,151915.66666666666,True,Churned
INV004789,1,2025-04-18,2025-04-18,,,0,321192,321192.0,False,New
INV004790,9,2024-01-13,2024-10-21,96.0,35.25,4,1823529,202614.33333333334,True,Churned
INV004791,5,2024-01-17,2025-05-10,316.0,119.75,2,216425,43285.0,True,Churned
INV004792,3,2024-04-07,2024-12-26,193.0,131.5,2,430905,143635.0,True,Churned
INV004793,2,2024-08-06,2025-05-18,285.0,285.0,1,395878,197939.0,True,Churned
INV004794,10,2024-02-10,2025-05-24,197.0,52.111111111111114,4,2553955,255395.5,True,Churned
INV004795,3,2024-07-31,2024-11-20,99.0,56.0,1,339658,113219.33333333333,True,Churned
INV004796,7,2024-06-20,2024-12-10,68.0,28.833333333333332,2,489499,69928.42857142857,True,High Risk
INV004797,11,2024-01-04,2025-05-23,173.0,50.5,5,1940212,176382.9090909091,True,Churned
INV004798,9,2024-01-25,2025-03-24,106.0,53.0,6,184708,20523.11111111111,True,Churned
INV004799,3,2024-04-22,2024-09-21,123.0,76.0,1,44606,14868.666666666666,True,Churned
INV004800,2,2024-08-31,2024-12-19,110.0,110.0,1,416479,208239.5,True,Churned
INV004801,6,2024-04-05,2025-05-17,287.0,81.4,2,902592,150432.0,True,Churned
INV004802,11,2024-02-05,2025-01-30,184.0,36.0,2,1485920,135083.63636363635,True,Churned
INV004803,6,2024-03-16,2025-05-06,209.0,83.2,3,693592,115598.66666666667,True,Churned
INV004804,12,2024-03-30,2025-05-12,137.0,37.09090909090909,3,1676567,139713.91666666666,True,Churned
INV004805,9,2024-06-12,2025-03-30,69.0,36.375,3,727334,80814.88888888889,True,High Risk
INV004806,2,2024-07-08,2024-10-09,93.0,93.0,1,18923,9461.5,True,Churned
INV004807,10,2024-01-26,2025-05-04,206.0,51.55555555555556,3,269058,26905.8,True,Churned
INV004808,4,2024-03-27,2024-11-09,162.0,75.66666666666667,2,155794,38948.5,True,Churned
INV004809,2,2024-04-15,2024-07-18,94.0,94.0,1,276824,138412.0,True,Churned
INV004810,3,2024-03-11,2024-12-11,167.0,137.5,2,877492,292497.3333333333,True,Churned
INV004811,12,2024-01-06,2025-03-25,165.0,40.36363636363637,3,1245509,103792.41666666667,True,Churned
INV004812,6,2024-04-11,2024-12-20,169.0,50.6,2,808877,134812.83333333334,True,Churned
INV004813,11,2024-01-31,2025-03-13,190.0,40.7,4,1375820,125074.54545454546,True,Churned
INV004814,4,2024-01-10,2024-11-03,192.0,99.33333333333333,3,22756,5689.0,True,Churned
INV004815,3,2024-01-30,2025-03-03,376.0,199.0,1,52927,17642.333333333332,True,Churned
INV004816,4,2024-06-23,2025-03-18,130.0,89.33333333333333,3,612809,153202.25,True,Churned
INV004817,6,2024-01-10,2025-04-30,187.0,95.2,4,283201,47200.166666666664,True,Churned
INV004818,10,2024-04-07,2025-05-08,137.0,44.0,5,925238,92523.8,True,Churned
INV004819,11,2024-03-09,2025-05-04,97.0,42.1,5,612413,55673.90909090909,True,Churned
INV004820,5,2024-09-08,2025-05-05,107.0,59.75,3,908758,181751.6,True,Churned
INV004821,10,2024-08-12,2025-05-17,77.0,30.88888888888889,3,1527658,152765.8,True,High Risk
INV004822,10,2024-02-29,2025-04-01,127.0,44.111111111111114,4,943934,94393.4,True,Churned
INV004823,9,2024-04-07,2025-05-26,107.0,51.75,5,1331488,147943.11111111112,True,Churned
INV004824,2,2024-08-26,2025-03-04,190.0,190.0,1,517684,258842.0,True,Churned
INV004825,10,2024-03-11,2025-05-05,141.0,46.666666666666664,5,846331,84633.1,True,Churned
INV004826,11,2024-03-07,2025-05-24,121.0,44.3,5,1724954,156814.0,True,Churned
INV004827,7,2024-03-07,2025-03-24,179.0,63.666666666666664,5,547028,78146.85714285714,True,Churned
INV004828,7,2024-03-30,2025-01-22,109.0,49.666666666666664,3,635713,90816.14285714286,True,Churned
INV004829,6,2024-03-30,2025-02-28,155.0,67.0,4,504522,84087.0,True,Churned
INV004830,6,2024-02-19,2025-02-07,222.0,70.8,4,832216,138702.66666666666,True,Churned
INV004831,7,2024-01-12,2025-05-29,177.0,83.83333333333333,3,1260158,180022.57142857142,True,Churned
INV004832,4,2024-01-06,2025-01-27,231.0,129.0,2,929368,232342.0,True,Churned
INV004833,12,2024-01-08,2025-04-19,140.0,42.45454545454545,4,1816275,151356.25,True,Churned
INV004834,10,2024-02-05,2024-12-10,106.0,34.333333333333336,4,224990,22499.0,True,Churned
INV004835,9,2024-01-22,2025-05-20,179.0,60.5,3,1474494,163832.66666666666,True,Churned
INV004836,10,2024-03-16,2025-05-24,168.0,48.22222222222222,3,1749197,174919.7,True,Churned
INV004837,7,2024-02-27,2025-05-19,145.0,74.5,5,370860,52980.0,True,Churned
INV004838,1,2025-02-05,2025-02-05,,,0,199724,199724.0,False,New
INV004839,3,2024-09-16,2025-04-25,163.0,110.5,2,318164,106054.66666666667,True,Churned
INV004840,12,2024-02-03,2025-04-10,77.0,39.27272727272727,5,1209054,100754.5,True,High Risk
INV004841,10,2024-01-07,2025-04-23,209.0,52.44444444444444,4,1599842,159984.2,True,Churned
INV004842,4,2024-06-24,2024-11-10,66.0,46.333333333333336,2,404792,101198.0,True,High Risk
INV004843,8,2024-04-07,2025-03-29,153.0,50.857142857142854,3,74856,9357.0,True,Churned
INV004844,10,2024-04-24,2025-05-29,118.0,44.44444444444444,3,659091,65909.1,True,Churned
INV004845,11,2024-01-19,2025-05-05,124.0,47.2,6,1606009,146000.81818181818,True,Churned
INV004846,7,2024-03-14,2025-03-06,137.0,59.5,4,420817,60116.71428571428,True,Churned
INV004847,9,2024-01-27,2025-04-12,174.0,55.125,3,804325,89369.44444444444,True,Churned
INV004848,11,2024-01-17,2025-04-14,166.0,45.3,4,710604,64600.36363636364,True,Churned
INV004849,10,2024-02-11,2025-01-27,158.0,39.0,3,1478614,147861.4,True,Churned
INV004850,12,2024-01-12,2025-03-09,86.0,38.36363636363637,5,1658005,138167.08333333334,True,High Risk
INV004851,7,2024-03-19,2025-04-17,104.0,65.66666666666667,5,1271183,181597.57142857142,True,Churned
INV004852,5,2024-01-09,2025-03-07,182.0,105.75,3,504397,100879.4,True,Churned
INV004853,7,2024-05-26,2025-05-06,137.0,57.5,4,592218,84602.57142857143,True,Churned
INV004854,6,2024-01-15,2025-05-09,174.0,96.0,4,341069,56844.833333333336,True,Churned
INV004855,11,2024-02-19,2025-01-25,98.0,34.1,4,1349510,122682.72727272728,True,Churned
INV004856,5,2024-01-13,2024-12-04,132.0,81.5,3,347639,69527.8,True,Churned
INV004857,7,2024-02-29,2025-04-26,166.0,70.33333333333333,5,1354411,193487.2857142857,True,Churned
INV004858,7,2024-02-21,2025-03-29,233.0,67.0,4,836713,119530.42857142857,True,Churned
INV004859,1,2024-11-16,2024-11-16,,,0,85938,85938.0,False,New
INV004860,9,2024-03-04,2025-03-31,129.0,49.0,4,642763,71418.11111111111,True,Churned
INV004861,3,2024-03-05,2025-01-17,261.0,159.0,2,282094,94031.33333333333,True,Churned
INV004862,2,2024-07-21,2025-04-20,273.0,273.0,1,13573,6786.5,True,Churned
INV004863,10,2024-03-18,2025-05-16,194.0,47.111111111111114,3,659321,65932.1,True,Churned
INV004864,12,2024-02-20,2025-04-18,114.0,38.45454545454545,5,1369653,114137.75,True,Churned
INV004865,11,2024-02-20,2025-05-23,130.0,45.8,5,772530,70230.0,True,Churned
INV004866,10,2024-01-24,2024-12-21,86.0,36.888888888888886,4,1557603,155760.3,True,High Risk
INV004867,5,2024-01-03,2025-02-08,181.0,100.5,3,349113,69822.6,True,Churned
INV004868,12,2024-04-13,2025-05-15,213.0,36.09090909090909,2,1268135,105677.91666666667,True,Churned
INV004869,4,2024-02-25,2024-05-06,38.0,23.666666666666668,1,677195,169298.75,True,At Risk
INV004870,4,2024-03-20,2024-06-30,62.0,34.0,1,761615,190403.75,True,High Risk
INV004871,12,2024-01-10,2025-05-29,170.0,45.90909090909091,4,1371152,114262.66666666667,True,Churned
INV004872,3,2024-03-02,2025-04-04,233.0,199.0,2,586686,195562.0,True,Churned
INV004873,1,2024-09-05,2024-09-05,,,0,92137,92137.0,False,New
INV004874,10,2024-02-26,2025-04-22,116.0,46.77777777777778,6,2316233,231623.3,True,Churned
INV004875,9,2024-01-19,2025-05-02,186.0,58.625,5,800814,88979.33333333333,True,Churned
INV004876,6,2024-03-01,2025-04-15,173.0,82.0,4,112730,18788.333333333332,True,Churned
INV004877,7,2024-01-14,2025-05-11,276.0,80.5,3,74162,10594.57142857143,True,Churned
INV004878,1,2025-02-10,2025-02-10,,,0,2870,2870.0,False,New
INV004879,1,2025-05-25,2025-05-25,,,0,17890,17890.0,False,New
INV004880,6,2024-01-04,2024-10-21,80.0,58.2,5,87589,14598.166666666666,True,High Risk
INV004881,5,2024-04-07,2025-05-11,223.0,99.75,2,498410,99682.0,True,Churned
INV004882,3,2024-06-25,2024-11-11,88.0,69.5,2,432459,144153.0,True,High Risk
INV004883,3,2024-12-13,2025-04-08,73.0,58.0,2,21233,7077.666666666667,True,High Risk
INV004884,3,2024-05-05,2025-01-08,158.0,124.0,2,8024,2674.6666666666665,True,Churned
INV004885,12,2024-02-06,2025-05-22,119.0,42.81818181818182,6,2290943,190911.91666666666,True,Churned
INV004886,6,2024-03-15,2025-02-07,134.0,65.8,3,889382,148230.33333333334,True,Churned
INV004887,8,2024-01-08,2025-02-11,116.0,57.142857142857146,4,963334,120416.75,True,Churned
INV004888,7,2024-05-14,2025-03-31,115.0,53.5,3,818116,116873.71428571429,True,Churned
INV004889,11,2024-01-05,2025-03-27,85.0,44.7,6,1177321,107029.18181818182,True,High Risk
INV004890,4,2024-03-25,2025-03-15,253.0,118.33333333333333,3,64547,16136.75,True,Churned
INV004891,12,2024-02-08,2025-05-26,82.0,43.0,6,1077080,89756.66666666667,True,High Risk
INV004892,8,2024-02-25,2025-04-08,109.0,58.285714285714285,4,485589,60698.625,True,Churned
INV004893,5,2024-08-15,2024-12-01,60.0,27.0,1,528994,105798.8,True,At Risk
INV004894,5,2024-01-07,2024-08-17,81.0,55.75,3,96661,19332.2,True,High Risk
INV004895,4,2024-06-26,2025-02-26,157.0,81.66666666666667,2,329377,82344.25,True,Churned
INV004896,12,2024-01-04,2025-03-16,114.0,39.72727272727273,3,1363020,113585.0,True,Churned
INV004897,1,2025-02-02,2025-02-02,,,0,25684,25684.0,False,New
INV004898,2,2024-06-10,2025-04-27,321.0,321.0,1,357562,178781.0,True,Churned
INV004899,8,2024-01-20,2025-05-03,124.0,67.0,5,409623,51202.875,True,Churned
INV004900,8,2024-06-13,2025-04-05,81.0,42.285714285714285,4,809440,101180.0,True,High Risk
INV004901,9,2024-06-07,2025-05-05,96.0,41.5,4,582402,64711.333333333336,True,Churned
INV004902,3,2024-01-05,2025-01-20,305.0,190.5,2,440704,146901.33333333334,True,Churned
INV004903,6,2024-02-15,2025-04-21,173.0,86.2,4,410645,68440.83333333333,True,Churned
INV004904,4,2024-07-14,2025-05-13,155.0,101.0,3,534481,133620.25,True,Churned
INV004905,2,2024-03-10,2024-12-30,295.0,295.0,1,325283,162641.5,True,Churned
INV004906,5,2024-05-14,2025-05-29,266.0,95.0,2,1157361,231472.2,True,Churned
INV004907,5,2024-02-09,2025-01-10,218.0,84.0,2,343737,68747.4,True,Churned
INV004908,6,2024-03-05,2025-03-12,162.0,74.4,3,195099,32516.5,True,Churned
INV004909,1,2024-02-20,2024-02-20,,,0,541,541.0,False,New
INV004910,10,2024-03-08,2025-05-11,126.0,47.666666666666664,5,1591241,159124.1,True,Churned
INV004911,12,2024-01-20,2025-02-05,81.0,34.72727272727273,5,1222820,101901.66666666667,True,High Risk
INV004912,5,2024-01-15,2025-04-23,163.0,116.0,4,258425,51685.0,True,Churned
INV004913,10,2024-03-12,2025-05-21,138.0,48.333333333333336,4,1271523,127152.3,True,Churned
INV004914,9,2024-01-10,2025-05-11,256.0,60.875,4,1607563,178618.11111111112,True,Churned
INV004915,10,2024-01-01,2025-05-27,257.0,56.888888888888886,4,1457657,145765.7,True,Churned
INV004916,10,2024-01-16,2025-05-17,162.0,54.111111111111114,6,782928,78292.8,True,Churned
INV004917,8,2024-02-26,2025-04-16,109.0,59.285714285714285,6,152977,19122.125,True,Churned
INV004918,10,2024-01-01,2025-05-11,192.0,55.111111111111114,4,1104101,110410.1,True,Churned
INV004919,11,2024-01-05,2025-05-24,149.0,50.5,4,2063519,187592.63636363635,True,Churned
INV004920,5,2024-07-12,2025-04-16,159.0,69.5,2,17285,3457.0,True,Churned
INV004921,1,2024-07-14,2024-07-14,,,0,489,489.0,False,New
INV004922,12,2024-02-09,2025-04-13,129.0,39.0,4,2293919,191159.91666666666,True,Churned
INV004923,5,2024-06-22,2025-05-12,163.0,81.0,2,356082,71216.4,True,Churned
INV004924,10,2024-01-10,2025-05-02,116.0,53.111111111111114,5,575000,57500.0,True,Churned
INV004925,10,2024-01-30,2025-05-03,102.0,51.0,5,754424,75442.4,True,Churned
INV004926,12,2024-02-05,2025-05-30,100.0,43.63636363636363,5,1042484,86873.66666666667,True,Churned
INV004927,12,2024-02-25,2025-05-01,213.0,39.18181818181818,3,1889536,157461.33333333334,True,Churned
INV004928,2,2024-11-17,2024-12-08,21.0,21.0,0,367398,183699.0,False,Active
INV004929,5,2024-02-28,2025-05-25,331.0,113.0,3,556761,111352.2,True,Churned
INV004930,6,2024-03-11,2025-03-21,207.0,75.0,3,850158,141693.0,True,Churned
INV004931,2,2024-04-12,2024-11-11,213.0,213.0,1,2155,1077.5,True,Churned
INV004932,9,2024-01-09,2025-03-02,150.0,52.25,5,1342824,149202.66666666666,True,Churned
INV004933,7,2024-02-05,2024-11-03,132.0,45.333333333333336,2,673279,96182.71428571429,True,Churned
INV004934,8,2024-06-01,2025-04-27,122.0,47.142857142857146,3,746264,93283.0,True,Churned
INV004935,4,2024-10-29,2025-03-31,125.0,51.0,1,626836,156709.0,True,Churned
INV004936,1,2024-12-09,2024-12-09,,,0,106664,106664.0,False,New
INV004937,2,2024-07-19,2025-05-21,306.0,306.0,1,239501,119750.5,True,Churned
INV004938,6,2024-05-14,2025-04-29,119.0,70.0,4,180517,30086.166666666668,True,Churned
INV004939,12,2024-01-04,2025-03-06,90.0,38.81818181818182,4,1759694,146641.16666666666,True,High Risk
INV004940,2,2024-07-13,2024-12-20,160.0,160.0,1,432107,216053.5,True,Churned
INV004941,1,2024-01-03,2024-01-03,,,0,310085,310085.0,False,New
INV004942,6,2025-01-19,2025-05-27,42.0,25.6,2,352117,58686.166666666664,True,At Risk
INV004943,5,2024-04-12,2025-05-14,269.0,99.25,2,533361,106672.2,True,Churned
INV004944,4,2024-06-30,2025-05-21,159.0,108.33333333333333,2,195593,48898.25,True,Churned
INV004945,9,2024-02-13,2025-05-25,208.0,58.375,4,1383928,153769.77777777778,True,Churned
INV004946,2,2024-01-08,2024-09-08,244.0,244.0,1,190062,95031.0,True,Churned
INV004947,10,2024-02-02,2025-03-09,122.0,44.55555555555556,5,804691,80469.1,True,Churned
INV004948,8,2024-05-06,2025-05-24,175.0,54.714285714285715,4,882052,110256.5,True,Churned
INV004949,4,2024-10-08,2025-01-19,57.0,34.333333333333336,1,278742,69685.5,True,At Risk
INV004950,7,2024-02-22,2025-05-06,169.0,73.16666666666667,4,948403,135486.14285714287,True,Churned
INV004951,6,2024-03-12,2025-03-15,159.0,73.6,3,229584,38264.0,True,Churned
INV004952,5,2024-07-02,2025-03-26,178.0,66.75,3,902829,180565.8,True,Churned
INV004953,10,2024-02-15,2025-03-24,131.0,44.77777777777778,4,615692,61569.2,True,Churned
INV004954,5,2024-03-20,2025-05-04,188.0,102.5,2,330523,66104.6,True,Churned
INV004955,4,2024-09-06,2025-04-24,123.0,76.66666666666667,3,286343,71585.75,True,Churned
INV004956,11,2024-02-17,2025-04-06,155.0,41.4,4,511011,46455.545454545456,True,Churned
INV004957,8,2024-01-09,2025-05-03,137.0,68.57142857142857,4,1258198,157274.75,True,Churned
INV004958,8,2024-01-10,2025-03-24,96.0,62.714285714285715,7,378491,47311.375,True,Churned
INV004959,9,2024-01-13,2025-01-01,88.0,44.25,4,1102137,122459.66666666667,True,High Risk
INV004960,5,2024-05-24,2024-12-01,54.0,47.75,3,465048,93009.6,True,At Risk
INV004961,9,2024-01-11,2025-04-28,240.0,59.125,3,1111627,123514.11111111111,True,Churned
INV004962,10,2024-01-25,2025-01-08,163.0,38.77777777777778,3,1629784,162978.4,True,Churned
INV004963,7,2024-03-02,2025-05-16,108.0,73.33333333333333,4,518246,74035.14285714286,True,Churned
INV004964,4,2024-05-11,2025-03-22,175.0,105.0,2,499279,124819.75,True,Churned
INV004965,2,2024-05-02,2024-10-17,168.0,168.0,1,247730,123865.0,True,Churned
INV004966,2,2024-08-26,2024-11-25,91.0,91.0,1,365330,182665.0,True,Churned
INV004967,8,2024-03-26,2025-05-05,111.0,57.857142857142854,4,483890,60486.25,True,Churned
INV004968,7,2024-03-01,2024-07-26,42.0,24.5,3,191640,27377.14285714286,True,At Risk
INV004969,9,2024-04-09,2025-04-12,149.0,46.0,4,1387819,154202.11111111112,True,Churned
INV004970,7,2024-01-20,2025-03-06,165.0,68.5,4,480804,68686.28571428571,True,Churned
INV004971,4,2024-01-15,2024-09-16,177.0,81.66666666666667,2,486587,121646.75,True,Churned
INV004972,6,2024-01-16,2025-03-15,241.0,84.8,3,568571,94761.83333333333,True,Churned
INV004973,11,2024-02-14,2025-04-29,90.0,44.0,6,697635,63421.36363636364,True,High Risk
INV004974,11,2024-04-12,2025-04-14,100.0,36.7,5,726262,66023.81818181818,True,Churned
INV004975,1,2024-11-22,2024-11-22,,,0,283588,283588.0,False,New
INV004976,1,2025-05-21,2025-05-21,,,0,66601,66601.0,False,New
INV004977,4,2024-02-04,2025-02-28,161.0,130.0,3,548359,137089.75,True,Churned
INV004978,9,2024-02-02,2025-04-18,120.0,55.125,5,224893,24988.11111111111,True,Churned
INV004979,5,2024-04-07,2025-04-29,199.0,96.75,4,512712,102542.4,True,Churned
INV004980,8,2024-02-17,2025-03-27,143.0,57.714285714285715,3,1351994,168999.25,True,Churned
INV004981,12,2024-01-05,2025-04-23,115.0,43.09090909090909,5,749899,62491.583333333336,True,Churned
INV004982,9,2024-02-07,2025-03-29,117.0,52.0,6,1029712,114412.44444444444,True,Churned
INV004983,10,2024-01-08,2025-01-16,128.0,41.55555555555556,3,705407,70540.7,True,Churned
INV004984,12,2024-01-31,2025-04-27,129.0,41.09090909090909,6,1669076,139089.66666666666,True,Churned
INV004985,5,2024-01-24,2025-03-17,220.0,104.5,3,164391,32878.2,True,Churned
INV004986,8,2024-01-27,2025-05-29,185.0,69.71428571428571,3,236227,29528.375,True,Churned
INV004987,5,2024-02-04,2024-12-03,188.0,75.75,2,463869,92773.8,True,Churned
INV004988,3,2024-01-23,2025-04-10,427.0,221.5,1,348662,116220.66666666667,True,Churned
INV004989,8,2024-02-28,2025-05-05,149.0,61.714285714285715,3,722756,90344.5,True,Churned
INV004990,7,2024-02-29,2025-01-03,105.0,51.5,4,946073,135153.2857142857,True,Churned
INV004991,2,2024-04-30,2024-08-13,105.0,105.0,1,214836,107418.0,True,Churned
INV004992,12,2024-01-05,2025-05-08,170.0,44.45454545454545,3,1419325,118277.08333333333,True,Churned
INV004993,7,2024-03-10,2025-05-30,176.0,74.33333333333333,4,1502497,214642.42857142858,True,Churned
INV004994,5,2024-02-01,2025-01-10,143.0,86.0,3,420560,84112.0,True,Churned
INV004995,5,2024-05-24,2025-01-05,122.0,56.5,2,227785,45557.0,True,Churned
INV004996,11,2024-03-04,2025-04-25,104.0,41.7,4,447229,40657.181818181816,True,Churned
INV004997,11,2024-01-16,2025-05-12,248.0,48.2,4,1088570,98960.90909090909,True,Churned
INV004998,6,2024-01-05,2025-02-09,177.0,80.2,4,1172829,195471.5,True,Churned
INV004999,9,2024-01-19,2025-04-02,128.0,54.875,4,919561,102173.44444444444,True,Churned
INV005000,1,2024-09-06,2024-09-06,,,0,376134,376134.0,False,New
